student_id,topic,difficulty,correct,response_time,attempts,overall_accuracy,topic_accuracy,recent_streak,next_difficulty
S001,Variables,1,0,61.5,2,60.0,60.0,0,0
S001,Loops,0,1,29.4,1,0.0,0.0,0,1
S001,Loops,1,1,42.1,1,50.0,100.0,1,2
S001,Data Structures,2,0,80.6,3,66.7,66.7,2,0
S001,Loops,2,0,66.6,3,50.0,100.0,0,0
S001,Data Structures,0,1,23.2,1,40.0,0.0,0,0
S001,Functions,2,0,70.9,1,50.0,50.0,1,0
S001,Variables,0,1,32.6,3,42.9,0.0,0,0
S001,Functions,0,1,19.4,1,50.0,0.0,1,1
S001,Loops,0,1,34.3,1,55.6,66.7,2,1
S001,Loops,1,0,67.2,3,60.0,75.0,3,0
S001,Loops,0,1,28.0,1,54.5,60.0,0,1
S001,Data Structures,1,0,51.4,3,58.3,50.0,1,0
S001,Data Structures,2,0,74.0,2,53.8,33.3,0,0
S001,Loops,0,1,24.3,1,50.0,66.7,0,2
S001,Variables,2,0,77.1,2,53.3,50.0,1,0
S001,OOP,0,0,23.8,2,50.0,50.0,0,0
S001,Loops,0,1,18.6,2,47.1,71.4,0,1
S001,Functions,2,0,89.7,2,50.0,50.0,1,0
S001,Loops,0,0,36.3,2,47.4,75.0,0,0
S001,Functions,1,1,37.5,1,45.0,33.3,0,1
S001,Functions,1,1,24.2,1,47.6,50.0,1,2
S001,Variables,2,0,112.2,3,50.0,33.3,2,0
S001,Loops,1,0,68.1,3,47.8,66.7,0,0
S001,Loops,2,0,79.6,3,45.8,60.0,0,0
S001,Data Structures,0,1,22.6,1,44.0,25.0,0,1
S001,Loops,0,1,17.5,1,46.2,54.5,1,1
S001,Loops,1,1,61.5,1,48.1,58.3,2,1
S001,Data Structures,0,1,20.9,1,50.0,40.0,3,1
S001,Loops,0,1,24.6,1,51.7,61.5,4,1
S001,OOP,1,0,30.0,2,53.3,0.0,5,0
S001,Data Structures,0,1,21.4,1,51.6,50.0,0,1
S001,Loops,2,0,76.6,3,53.1,64.3,1,0
S001,Functions,0,1,17.4,1,51.5,60.0,0,2
S001,Functions,0,1,18.1,2,52.9,66.7,1,1
S001,Data Structures,1,0,37.9,2,54.3,57.1,2,0
S001,Variables,0,1,25.1,1,52.8,25.0,0,1
S001,Variables,0,1,21.8,1,54.1,40.0,1,1
S001,OOP,1,1,60.2,1,55.3,0.0,2,1
S001,Loops,1,0,63.8,2,56.4,60.0,3,0
S002,Loops,1,0,66.2,3,60.0,60.0,0,0
S002,Variables,1,1,59.4,1,0.0,0.0,0,1
S002,OOP,0,0,55.1,2,50.0,50.0,1,0
S002,Loops,0,0,29.7,2,33.3,0.0,0,0
S002,OOP,0,0,39.0,2,25.0,0.0,0,0
S002,OOP,0,1,25.8,2,20.0,0.0,0,1
S002,Loops,1,0,43.8,2,33.3,0.0,1,0
S002,Functions,0,0,23.6,2,28.6,28.6,0,0
S002,Data Structures,0,0,59.4,3,25.0,25.0,0,0
S002,Loops,0,1,34.7,1,22.2,0.0,0,1
S002,Data Structures,1,0,113.5,2,30.0,0.0,1,0
S002,Variables,0,0,28.6,3,27.3,100.0,0,0
S002,Variables,0,0,38.0,3,25.0,50.0,0,0
S002,Functions,0,0,46.1,3,23.1,0.0,0,0
S002,Functions,0,0,36.7,2,21.4,0.0,0,0
S002,Functions,0,0,26.3,2,20.0,0.0,0,0
S002,Data Structures,0,0,42.6,2,18.8,0.0,0,0
S002,Functions,0,0,32.1,2,17.6,0.0,0,0
S002,Data Structures,0,0,34.2,2,16.7,0.0,0,0
S002,OOP,0,0,48.3,3,15.8,33.3,0,0
S002,Functions,0,1,58.3,1,15.0,0.0,0,1
S002,Functions,1,0,52.6,2,19.0,16.7,1,0
S002,Functions,0,1,34.5,2,18.2,14.3,0,1
S002,Functions,1,0,156.6,2,21.7,25.0,1,1
S002,Loops,1,0,67.7,2,20.8,25.0,0,0
S002,Functions,0,0,50.0,2,20.0,22.2,0,0
S002,Variables,0,1,21.6,3,19.2,33.3,0,1
S002,Functions,1,0,56.1,2,22.2,20.0,1,0
S002,Loops,0,0,36.9,3,21.4,20.0,0,0
S002,OOP,0,0,50.3,2,20.7,25.0,0,0
S002,Loops,0,1,37.6,1,20.0,16.7,0,1
S002,Variables,1,0,59.8,3,22.6,50.0,1,0
S002,OOP,2,0,80.5,3,21.9,20.0,0,0
S002,Loops,0,0,61.0,2,21.2,28.6,0,0
S002,Variables,0,1,21.7,1,20.6,40.0,0,2
S002,Functions,1,0,83.4,2,22.9,18.2,1,0
S002,Functions,0,1,29.8,1,22.2,16.7,0,1
S002,OOP,1,0,62.8,2,24.3,16.7,1,0
S002,Data Structures,0,1,28.5,1,23.7,0.0,0,1
S002,Functions,1,0,58.3,3,25.6,23.1,1,0
S003,Data Structures,1,0,39.8,2,60.0,60.0,0,1
S003,OOP,1,0,40.6,3,0.0,0.0,0,1
S003,Data Structures,1,0,42.4,3,0.0,0.0,0,0
S003,OOP,0,1,25.0,1,0.0,0.0,0,1
S003,Functions,1,1,34.4,2,25.0,25.0,1,0
S003,Loops,0,1,26.2,1,40.0,40.0,2,1
S003,Loops,1,0,107.2,2,50.0,100.0,3,0
S003,Data Structures,0,1,11.0,1,42.9,0.0,0,1
S003,Data Structures,1,0,30.0,2,50.0,33.3,1,0
S003,OOP,0,1,22.9,1,44.4,50.0,0,1
S003,Loops,1,0,72.1,2,50.0,50.0,1,0
S003,Functions,0,1,11.1,1,45.5,100.0,0,2
S003,Loops,2,0,89.8,3,50.0,33.3,1,0
S003,Loops,0,0,23.1,2,46.2,25.0,0,0
S003,Data Structures,1,1,21.6,1,42.9,25.0,0,1
S003,Loops,1,1,35.3,1,46.7,20.0,1,1
S003,OOP,1,0,42.4,2,50.0,66.7,2,0
S003,Functions,0,1,12.9,1,47.1,100.0,0,2
S003,Variables,2,0,77.2,3,50.0,50.0,1,0
S003,Loops,0,1,28.0,1,47.4,33.3,0,1
S003,Variables,1,1,25.1,2,50.0,0.0,1,1
S003,Data Structures,1,1,24.6,1,52.4,40.0,2,2
S003,Loops,1,0,42.7,2,54.5,42.9,3,0
S003,OOP,2,0,55.0,3,52.2,50.0,0,0
S003,Functions,0,1,8.6,1,50.0,100.0,0,1
S003,Functions,1,1,26.2,1,52.0,100.0,1,2
S003,Data Structures,2,0,67.4,2,53.8,50.0,2,1
S003,OOP,1,0,50.9,3,51.9,40.0,0,0
S003,OOP,0,1,25.6,1,50.0,33.3,0,0
S003,Functions,0,1,13.5,1,51.7,100.0,1,2
S003,Variables,0,1,19.4,3,53.3,50.0,2,1
S003,Loops,0,1,16.1,1,54.8,37.5,3,1
S003,OOP,1,1,33.8,1,56.2,42.9,4,2
S003,Functions,2,1,29.0,1,57.6,100.0,5,2
S003,OOP,2,0,83.6,3,58.8,50.0,6,0
S003,Variables,0,1,18.1,1,57.1,66.7,0,2
S003,Functions,2,0,36.7,2,58.3,100.0,1,1
S003,Functions,1,1,26.4,1,56.8,87.5,0,1
S003,OOP,1,1,31.2,1,57.9,44.4,1,2
S003,Variables,2,1,40.9,1,59.0,75.0,2,2
S004,Variables,1,1,19.0,1,60.0,60.0,0,2
S004,Data Structures,0,1,20.1,1,100.0,100.0,1,2
S004,Loops,2,0,35.2,2,100.0,100.0,2,1
S004,Data Structures,0,1,12.5,1,66.7,100.0,0,2
S004,Data Structures,0,1,16.3,1,75.0,100.0,1,2
S004,Variables,2,0,40.0,3,80.0,100.0,2,1
S004,Loops,1,1,24.3,1,66.7,0.0,0,1
S004,Data Structures,1,0,49.2,2,71.4,100.0,1,1
S004,OOP,1,1,41.5,1,62.5,62.5,0,2
S004,Data Structures,2,0,98.4,2,66.7,75.0,1,0
S004,Data Structures,0,1,16.5,1,60.0,60.0,0,1
S004,Variables,1,1,33.8,1,63.6,50.0,1,2
S004,OOP,0,1,16.5,1,66.7,100.0,2,2
S004,Variables,2,0,62.4,2,69.2,66.7,3,0
S004,Functions,0,1,12.9,1,64.3,64.3,0,2
S004,Data Structures,2,0,86.1,3,66.7,66.7,1,0
S004,OOP,1,0,53.0,2,62.5,100.0,0,1
S004,Loops,1,1,31.1,1,58.8,50.0,0,2
S004,Loops,2,0,51.7,2,61.1,66.7,1,0
S004,Variables,0,1,13.6,1,57.9,50.0,0,2
S004,Variables,2,0,69.4,3,60.0,60.0,1,0
S004,OOP,0,1,22.4,1,57.1,66.7,0,2
S004,OOP,2,0,80.7,2,59.1,75.0,1,0
S004,Loops,0,1,9.9,1,56.5,50.0,0,2
S004,Loops,2,0,56.6,2,58.3,60.0,1,0
S004,Variables,0,1,19.8,1,56.0,50.0,0,1
S004,Functions,1,1,17.7,1,57.7,100.0,1,2
S004,Variables,2,1,67.1,1,59.3,57.1,2,2
S004,Variables,2,0,79.3,3,60.7,62.5,3,0
S004,Data Structures,0,1,22.9,1,58.6,57.1,0,2
S004,Variables,2,0,58.8,2,60.0,55.6,1,0
S004,Variables,0,1,15.8,2,58.1,50.0,0,1
S004,Variables,1,1,26.1,1,59.4,54.5,1,2
S004,Loops,2,0,37.6,3,60.6,50.0,2,0
S004,Functions,2,0,71.5,2,58.8,100.0,0,1
S004,OOP,1,1,22.6,1,57.1,60.0,0,2
S004,Functions,2,1,35.6,2,58.3,66.7,1,2
S004,Loops,1,1,32.7,1,59.5,42.9,2,2
S004,Functions,0,1,21.7,1,60.5,75.0,3,2
S004,Functions,0,1,17.9,1,61.5,80.0,4,2
S005,Data Structures,1,0,55.6,1,60.0,60.0,0,0
S005,Functions,0,1,9.0,1,0.0,0.0,0,1
S005,Loops,2,0,53.1,3,50.0,50.0,1,0
S005,OOP,0,1,12.3,1,33.3,33.3,0,1
S005,Loops,1,1,22.0,1,50.0,0.0,1,1
S005,Functions,1,1,30.5,1,60.0,100.0,2,2
S005,Variables,2,1,29.0,1,66.7,66.7,3,2
S005,Data Structures,0,1,20.7,1,71.4,0.0,4,1
S005,Variables,1,1,19.7,1,75.0,100.0,5,2
S005,OOP,2,0,46.6,3,77.8,100.0,6,1
S005,Functions,1,0,34.2,2,70.0,100.0,0,1
S005,Loops,1,1,34.3,1,63.6,50.0,0,2
S005,Data Structures,2,1,57.3,1,66.7,50.0,1,2
S005,Data Structures,2,1,64.3,1,69.2,66.7,2,2
S005,OOP,2,0,40.9,3,71.4,50.0,3,0
S005,Functions,0,1,12.4,1,66.7,66.7,0,2
S005,Variables,2,1,31.9,1,68.8,100.0,1,2
S005,Variables,2,0,40.2,1,70.6,100.0,2,1
S005,Loops,1,1,24.2,1,66.7,66.7,0,2
S005,Variables,2,1,30.0,1,68.4,75.0,1,2
S005,OOP,2,0,102.8,2,70.0,33.3,2,0
S005,OOP,0,1,19.5,1,66.7,25.0,0,1
S005,OOP,1,1,33.2,1,68.2,40.0,1,2
S005,Loops,2,0,55.9,2,69.6,75.0,2,0
S005,Data Structures,0,1,26.7,1,66.7,75.0,0,2
S005,OOP,1,1,43.3,1,68.0,50.0,1,2
S005,Functions,2,1,78.6,1,69.2,75.0,2,2
S005,Loops,2,1,36.8,1,70.4,60.0,3,2
S005,Loops,2,1,28.1,1,71.4,66.7,4,2
S005,Variables,2,0,51.5,2,72.4,80.0,5,1
S005,Functions,1,0,39.7,2,70.0,80.0,0,0
S005,Functions,0,1,16.8,1,67.7,66.7,0,2
S005,OOP,2,0,37.9,2,68.8,57.1,1,0
S005,Data Structures,0,1,14.0,1,66.7,80.0,0,2
S005,Loops,2,1,50.4,2,67.6,71.4,1,2
S005,Loops,2,0,42.0,3,68.6,75.0,2,0
S005,Data Structures,0,1,13.4,1,66.7,83.3,0,2
S005,OOP,2,1,55.5,1,67.6,50.0,1,2
S005,Functions,2,0,30.4,2,68.4,71.4,2,1
S005,OOP,1,1,21.4,1,66.7,55.6,0,2
S006,Loops,1,0,28.5,3,60.0,60.0,0,0
S006,Variables,1,0,53.5,3,0.0,0.0,0,0
S006,Loops,0,1,16.3,1,0.0,0.0,0,1
S006,OOP,1,0,46.2,2,33.3,33.3,1,0
S006,OOP,0,0,32.3,2,25.0,0.0,0,0
S006,Functions,0,1,17.4,1,20.0,20.0,0,1
S006,Loops,1,1,43.9,1,33.3,50.0,1,1
S006,Data Structures,1,1,39.0,1,42.9,42.9,2,1
S006,Data Structures,1,1,54.2,1,50.0,100.0,3,2
S006,Variables,2,0,108.8,2,55.6,0.0,4,0
S006,Variables,0,1,22.2,2,50.0,0.0,0,1
S006,Variables,1,1,53.4,1,54.5,33.3,1,1
S006,Functions,1,1,44.6,1,58.3,100.0,2,2
S006,Variables,2,0,154.8,3,61.5,50.0,3,0
S006,Variables,1,0,49.8,2,57.1,40.0,0,0
S006,Data Structures,0,1,17.0,1,53.3,100.0,0,1
S006,Loops,2,0,123.1,3,56.2,66.7,1,0
S006,Loops,2,0,55.9,2,52.9,50.0,0,0
S006,Loops,0,1,18.2,1,50.0,40.0,0,1
S006,Variables,1,0,50.8,3,52.6,33.3,1,0
S006,Functions,0,1,16.8,1,50.0,100.0,0,2
S006,OOP,1,0,38.6,2,52.4,0.0,1,0
S006,Variables,0,1,21.3,1,50.0,28.6,0,1
S006,Loops,1,0,58.5,1,52.2,50.0,1,0
S006,Data Structures,0,1,28.7,1,50.0,100.0,0,2
S006,OOP,2,0,62.0,2,52.0,0.0,1,0
S006,Loops,0,1,22.6,2,50.0,42.9,0,1
S006,Data Structures,1,0,43.3,3,51.9,100.0,1,0
S006,Data Structures,0,1,20.7,1,50.0,80.0,0,2
S006,Data Structures,2,0,80.3,2,51.7,83.3,1,0
S006,Functions,0,0,31.3,3,50.0,100.0,0,0
S006,Loops,2,0,61.4,2,48.4,50.0,0,0
S006,OOP,0,1,25.8,1,46.9,0.0,0,1
S006,OOP,1,0,65.4,3,48.5,20.0,1,0
S006,Data Structures,0,1,19.8,1,47.1,71.4,0,2
S006,OOP,2,0,75.3,3,48.6,16.7,1,0
S006,Functions,0,1,19.3,1,47.2,75.0,0,2
S006,Data Structures,2,0,45.0,2,48.6,75.0,1,0
S006,Data Structures,0,0,32.2,3,47.4,66.7,0,0
S006,Functions,0,1,16.3,1,46.2,80.0,0,2
S007,Functions,1,1,20.3,1,60.0,60.0,0,2
S007,Functions,2,0,51.0,2,100.0,100.0,1,1
S007,Data Structures,1,1,25.1,1,50.0,50.0,0,2
S007,Data Structures,2,1,20.3,1,66.7,100.0,1,2
S007,OOP,2,0,62.9,2,75.0,75.0,2,0
S007,Loops,0,1,19.7,1,60.0,60.0,0,2
S007,OOP,2,1,23.5,1,66.7,0.0,1,1
S007,Variables,1,0,25.7,3,71.4,71.4,2,0
S007,Variables,1,0,59.9,3,62.5,0.0,0,0
S007,Data Structures,0,1,6.4,1,55.6,100.0,0,2
S007,Loops,2,0,93.6,3,60.0,100.0,1,0
S007,Variables,0,1,30.6,1,54.5,0.0,0,1
S007,OOP,1,1,22.7,1,58.3,50.0,1,2
S007,Functions,2,0,78.0,2,61.5,50.0,2,0
S007,OOP,0,1,17.8,1,57.1,66.7,0,2
S007,Functions,2,0,59.8,2,60.0,33.3,1,0
S007,Functions,0,1,17.6,1,56.2,25.0,0,1
S007,Loops,1,1,37.5,1,58.8,50.0,1,2
S007,Functions,2,1,48.1,1,61.1,40.0,2,2
S007,Functions,2,0,37.4,3,63.2,50.0,3,1
S007,OOP,1,1,21.7,1,60.0,75.0,0,2
S007,Variables,2,0,87.5,3,61.9,33.3,1,0
S007,Loops,0,1,15.1,1,59.1,66.7,0,2
S007,Data Structures,2,1,44.3,1,60.9,100.0,1,2
S007,Variables,2,0,74.4,2,62.5,25.0,2,0
S007,Data Structures,0,1,11.9,3,60.0,100.0,0,2
S007,Data Structures,2,0,74.7,2,61.5,100.0,1,1
S007,Loops,1,0,58.1,2,59.3,75.0,0,0
S007,Variables,0,1,18.1,1,57.1,20.0,0,1
S007,OOP,1,1,17.1,1,58.6,80.0,1,2
S007,Functions,1,1,34.8,1,60.0,42.9,2,2
S007,OOP,2,0,27.5,3,61.3,83.3,3,1
S007,Functions,1,1,27.1,1,59.4,50.0,0,2
S007,Functions,2,0,43.5,2,60.6,55.6,1,0
S007,Variables,0,1,30.7,1,58.8,33.3,0,1
S007,Functions,1,1,27.0,1,60.0,50.0,1,2
S007,Variables,2,0,72.8,2,61.1,42.9,2,1
S007,Functions,1,1,42.0,2,59.5,54.5,0,1
S007,Functions,1,1,24.6,1,60.5,58.3,1,2
S007,Data Structures,2,0,51.6,3,61.5,83.3,2,0
S008,Variables,1,0,50.1,3,60.0,60.0,0,0
S008,Variables,0,1,21.3,1,0.0,0.0,0,1
S008,Loops,2,0,93.7,3,50.0,50.0,1,0
S008,Loops,0,0,32.6,3,33.3,0.0,0,0
S008,Functions,0,0,31.6,3,25.0,25.0,0,0
S008,Data Structures,0,1,24.6,1,20.0,20.0,0,1
S008,Variables,1,0,69.9,2,33.3,50.0,1,0
S008,OOP,0,1,21.8,1,28.6,28.6,0,1
S008,Variables,2,0,111.5,1,37.5,33.3,1,0
S008,Data Structures,0,1,38.2,1,33.3,100.0,0,2
S008,OOP,0,1,21.4,1,40.0,100.0,1,2
S008,Loops,2,0,145.4,2,45.5,0.0,2,0
S008,Functions,0,1,17.1,1,41.7,0.0,0,1
S008,OOP,1,1,42.2,1,46.2,100.0,1,2
S008,Loops,2,0,67.3,3,50.0,0.0,2,0
S008,Variables,0,0,20.0,3,46.7,25.0,0,0
S008,Functions,0,0,16.4,3,43.8,50.0,0,0
S008,Loops,0,1,25.0,1,41.2,0.0,0,1
S008,OOP,1,0,71.9,2,44.4,100.0,1,0
S008,Data Structures,0,1,18.0,1,42.1,100.0,0,2
S008,Functions,2,0,57.0,3,45.0,33.3,1,0
S008,Loops,0,1,15.9,1,42.9,20.0,0,1
S008,Data Structures,1,0,81.9,2,45.5,100.0,1,0
S008,Loops,0,1,14.1,1,43.5,33.3,0,1
S008,Functions,1,0,59.1,3,45.8,25.0,1,0
S008,Functions,0,1,22.9,1,44.0,20.0,0,1
S008,Variables,2,0,99.0,2,46.2,20.0,1,0
S008,Variables,0,1,19.5,1,44.4,16.7,0,1
S008,Variables,1,0,55.0,2,46.4,28.6,1,0
S008,Variables,0,1,21.2,1,44.8,25.0,0,1
S008,Loops,1,1,52.6,1,46.7,42.9,1,2
S008,Variables,2,0,101.4,3,48.4,33.3,2,0
S008,Functions,0,1,11.9,1,46.9,33.3,0,1
S008,OOP,1,0,40.8,2,48.5,75.0,1,0
S008,Functions,0,1,21.8,1,47.1,42.9,0,1
S008,Data Structures,1,0,59.6,3,48.6,75.0,1,0
S008,Data Structures,0,0,30.4,2,47.2,60.0,0,0
S008,Variables,0,1,27.7,2,45.9,30.0,0,1
S008,Data Structures,0,1,15.1,1,47.4,50.0,1,1
S008,Loops,1,0,62.4,3,48.7,50.0,2,0
S009,OOP,1,0,38.6,3,60.0,60.0,0,0
S009,OOP,0,1,16.9,1,0.0,0.0,0,1
S009,Loops,1,0,59.4,2,50.0,50.0,1,0
S009,Functions,0,1,23.1,1,33.3,33.3,0,1
S009,Data Structures,0,1,20.3,1,50.0,50.0,1,1
S009,Loops,1,0,17.7,3,60.0,0.0,2,0
S009,Functions,0,1,20.7,1,50.0,100.0,0,2
S009,Loops,2,0,67.8,3,57.1,0.0,1,0
S009,Variables,0,0,13.2,3,50.0,50.0,0,0
S009,Loops,0,1,8.7,1,44.4,0.0,0,1
S009,OOP,1,0,41.3,2,50.0,50.0,1,0
S009,Data Structures,0,1,15.3,1,45.5,100.0,0,2
S009,Functions,2,0,74.9,3,50.0,100.0,1,0
S009,OOP,0,1,20.4,1,46.2,33.3,0,1
S009,OOP,1,0,59.8,1,50.0,50.0,1,0
S009,OOP,0,1,26.5,1,46.7,40.0,0,1
S009,OOP,1,1,23.6,1,50.0,50.0,1,2
S009,Loops,2,0,82.4,3,52.9,25.0,2,0
S009,Data Structures,0,1,15.2,1,50.0,100.0,0,2
S009,OOP,2,0,147.3,3,52.6,57.1,1,0
S009,Functions,0,1,15.0,1,50.0,66.7,0,2
S009,Functions,2,0,71.5,2,52.4,75.0,1,0
S009,Data Structures,0,1,20.4,1,50.0,100.0,0,2
S009,Variables,2,0,94.4,2,52.2,0.0,1,0
S009,OOP,0,1,14.6,1,50.0,50.0,0,2
S009,Variables,2,0,89.8,3,52.0,0.0,1,0
S009,Loops,1,1,48.0,1,50.0,20.0,0,1
S009,Functions,1,1,22.1,1,51.9,60.0,1,2
S009,Variables,2,0,150.2,3,53.6,0.0,2,0
S009,Variables,0,1,23.3,1,51.7,0.0,0,1
S009,OOP,1,0,55.5,3,53.3,55.6,1,0
S009,Variables,0,0,22.6,3,51.6,20.0,0,0
S009,Functions,0,1,16.5,1,50.0,66.7,0,2
S009,Functions,2,0,59.4,3,51.5,71.4,1,0
S009,OOP,0,1,18.0,1,50.0,50.0,0,1
S009,Functions,2,0,57.0,3,51.4,62.5,1,0
S009,Functions,0,1,28.6,1,50.0,55.6,0,1
S009,OOP,1,0,31.0,3,51.4,54.5,1,0
S009,Loops,0,1,11.4,1,50.0,33.3,0,0
S009,Loops,1,1,43.5,1,51.3,42.9,1,1
S010,Loops,1,1,40.1,1,60.0,60.0,0,2
S010,OOP,2,0,64.4,2,100.0,100.0,1,1
S010,Data Structures,1,0,47.8,3,50.0,50.0,0,0
S010,Data Structures,0,1,14.1,1,33.3,0.0,0,1
S010,Variables,1,1,26.9,1,50.0,50.0,1,2
S010,Variables,2,1,35.7,1,60.0,100.0,2,2
S010,OOP,2,0,116.6,2,66.7,0.0,3,0
S010,OOP,0,1,22.1,1,57.1,0.0,0,1
S010,Data Structures,1,1,33.5,1,62.5,50.0,1,2
S010,Variables,2,0,28.0,2,66.7,100.0,2,1
S010,Loops,1,1,30.2,1,60.0,100.0,0,2
S010,Loops,1,1,21.6,1,63.6,100.0,1,2
S010,Functions,2,0,53.2,2,66.7,66.7,2,0
S010,Loops,0,1,20.0,1,61.5,100.0,0,2
S010,Variables,2,0,83.0,2,64.3,66.7,1,0
S010,Functions,0,0,21.2,1,60.0,0.0,0,0
S010,Loops,0,1,25.3,1,56.2,100.0,0,2
S010,Variables,2,1,49.9,1,58.8,50.0,1,2
S010,Data Structures,1,0,31.2,2,61.1,66.7,2,0
S010,Loops,0,1,18.6,2,57.9,100.0,0,2
S010,Variables,2,0,60.6,1,60.0,60.0,1,0
S010,Functions,0,1,18.5,3,57.1,0.0,0,1
S010,Variables,1,1,28.5,1,59.1,50.0,1,2
S010,Data Structures,1,1,14.0,1,60.9,50.0,2,2
S010,Loops,2,0,115.3,3,62.5,100.0,3,0
S010,Functions,0,1,19.2,1,60.0,33.3,0,1
S010,Data Structures,1,0,34.8,1,61.5,60.0,1,0
S010,OOP,0,1,18.6,1,59.3,33.3,0,1
S010,Variables,2,1,31.6,1,60.7,57.1,1,2
S010,Loops,2,1,47.7,1,62.1,85.7,2,2
S010,Loops,2,0,92.9,3,63.3,87.5,3,0
S010,Data Structures,0,1,20.2,1,61.3,50.0,0,0
S010,Loops,0,1,19.3,1,62.5,77.8,1,2
S010,Data Structures,2,0,51.0,3,63.6,57.1,2,0
S010,Functions,0,1,22.4,1,61.8,50.0,0,1
S010,OOP,1,1,55.7,1,62.9,50.0,1,1
S010,Data Structures,0,1,12.0,1,63.9,50.0,2,2
S010,Loops,0,1,16.4,1,64.9,80.0,3,2
S010,Functions,2,0,35.8,3,65.8,60.0,4,0
S010,OOP,0,1,27.3,2,64.1,60.0,0,1
S011,Variables,1,0,32.3,3,60.0,60.0,0,0
S011,Variables,1,0,44.1,3,0.0,0.0,0,0
S011,OOP,2,1,27.0,1,0.0,0.0,0,2
S011,Data Structures,1,1,21.2,1,33.3,33.3,1,1
S011,Functions,1,1,14.6,1,50.0,50.0,2,2
S011,Functions,2,1,42.6,1,60.0,100.0,3,2
S011,Data Structures,2,0,32.4,2,66.7,100.0,4,1
S011,Variables,2,0,32.1,3,57.1,0.0,0,0
S011,Loops,1,1,14.0,1,50.0,50.0,0,2
S011,OOP,2,1,22.7,1,55.6,100.0,1,2
S011,Loops,2,1,54.5,1,60.0,100.0,2,2
S011,OOP,2,0,22.7,2,63.6,100.0,3,1
S011,Data Structures,1,1,18.6,1,58.3,50.0,0,2
S011,Functions,0,1,11.7,2,61.5,100.0,1,1
S011,Data Structures,1,1,20.9,1,64.3,66.7,2,2
S011,Loops,2,1,39.7,1,66.7,100.0,3,2
S011,Data Structures,2,1,22.1,1,68.8,75.0,4,2
S011,Variables,2,0,64.5,2,70.6,0.0,5,0
S011,Functions,1,1,20.1,1,66.7,100.0,0,2
S011,OOP,2,1,30.2,1,68.4,66.7,1,2
S011,Data Structures,2,1,65.8,1,70.0,80.0,2,2
S011,Functions,2,0,52.9,3,71.4,100.0,3,2
S011,Loops,2,0,39.2,2,68.2,100.0,0,1
S011,OOP,1,1,10.6,1,65.2,75.0,0,2
S011,Variables,2,0,101.1,2,66.7,0.0,1,0
S011,OOP,0,1,9.2,1,64.0,80.0,0,2
S011,Loops,0,1,10.2,1,65.4,75.0,1,1
S011,Variables,1,1,48.8,1,66.7,0.0,2,1
S011,OOP,1,1,19.7,1,67.9,83.3,3,2
S011,Variables,2,1,47.7,3,69.0,16.7,4,1
S011,Variables,1,0,31.5,3,70.0,28.6,5,0
S011,Loops,0,1,14.1,1,67.7,80.0,0,2
S011,OOP,0,1,12.0,1,68.8,85.7,1,2
S011,Loops,2,0,40.5,3,69.7,83.3,2,1
S011,Variables,1,0,31.8,2,67.6,25.0,0,0
S011,Variables,1,1,20.6,1,65.7,22.2,0,1
S011,Variables,1,0,51.6,2,66.7,30.0,1,0
S011,OOP,0,1,15.1,1,64.9,87.5,0,2
S011,Variables,2,0,69.2,1,65.8,27.3,1,0
S011,Functions,0,1,14.6,1,64.1,80.0,0,2
S012,OOP,1,0,31.9,2,60.0,60.0,0,1
S012,OOP,1,1,30.2,1,0.0,0.0,0,1
S012,Loops,1,1,35.0,1,50.0,50.0,1,2
S012,Loops,0,0,30.3,3,66.7,100.0,2,0
S012,Data Structures,0,1,20.2,1,50.0,50.0,0,1
S012,OOP,1,0,46.1,2,60.0,50.0,1,0
S012,Functions,0,0,33.5,3,50.0,50.0,0,0
S012,Variables,0,1,32.0,1,42.9,42.9,0,1
S012,Loops,1,0,49.7,1,50.0,50.0,1,0
S012,Variables,0,1,13.6,2,44.4,100.0,0,2
S012,Variables,2,0,54.2,3,50.0,100.0,1,1
S012,OOP,0,1,27.8,1,45.5,33.3,0,0
S012,Variables,0,1,23.6,1,50.0,66.7,1,2
S012,Variables,2,0,46.4,2,53.8,75.0,2,0
S012,Loops,0,0,19.8,2,50.0,33.3,0,0
S012,Variables,0,1,24.8,1,46.7,60.0,0,1
S012,Loops,1,0,32.1,2,50.0,25.0,1,0
S012,Variables,0,1,21.9,1,47.1,66.7,0,2
S012,Loops,2,0,53.3,2,50.0,20.0,1,0
S012,Loops,0,1,30.4,1,47.4,16.7,0,1
S012,Variables,0,1,18.3,1,50.0,71.4,1,2
S012,Loops,2,0,79.1,1,52.4,28.6,2,0
S012,Variables,0,1,15.2,1,50.0,75.0,0,2
S012,Functions,2,0,138.1,2,52.2,0.0,1,1
S012,OOP,0,1,12.0,1,50.0,50.0,0,2
S012,Data Structures,2,0,59.5,3,52.0,100.0,1,0
S012,OOP,2,0,46.6,3,50.0,60.0,0,0
S012,Variables,1,1,27.3,1,48.1,77.8,0,2
S012,Variables,2,0,105.5,3,50.0,80.0,1,0
S012,Functions,0,0,27.6,2,48.3,0.0,0,0
S012,Variables,0,1,18.9,1,46.7,72.7,0,2
S012,Functions,2,0,100.1,1,48.4,0.0,1,0
S012,Loops,0,1,17.9,1,46.9,25.0,0,1
S012,Data Structures,1,0,47.0,2,48.5,50.0,1,0
S012,Functions,0,0,18.4,3,47.1,0.0,0,0
S012,Variables,0,1,16.0,3,45.7,75.0,0,1
S012,Loops,1,0,72.6,2,47.2,33.3,1,0
S012,OOP,0,1,20.7,1,45.9,50.0,0,1
S012,Variables,1,0,79.0,3,47.4,76.9,1,0
S012,Functions,0,1,29.6,1,46.2,0.0,0,1
S013,Functions,1,1,17.5,1,60.0,60.0,0,2
S013,Variables,2,1,40.4,1,100.0,100.0,1,1
S013,Loops,1,1,13.8,1,100.0,100.0,2,2
S013,Variables,2,1,27.2,1,100.0,100.0,3,2
S013,Functions,2,1,30.8,1,100.0,100.0,4,2
S013,Variables,2,1,29.5,1,100.0,100.0,5,2
S013,Loops,0,1,8.9,1,100.0,100.0,6,2
S013,OOP,2,1,29.3,1,100.0,100.0,7,2
S013,Data Structures,0,1,18.3,1,100.0,100.0,8,2
S013,Variables,2,0,43.3,2,100.0,100.0,9,0
S013,Functions,0,1,13.8,1,90.0,100.0,0,2
S013,Functions,2,1,21.1,1,90.9,100.0,1,2
S013,Functions,2,1,31.7,1,91.7,100.0,2,2
S013,Functions,2,1,43.7,1,92.3,100.0,3,2
S013,Data Structures,2,0,62.7,1,92.9,100.0,4,1
S013,OOP,1,1,12.4,1,86.7,100.0,0,2
S013,OOP,2,1,24.9,2,87.5,100.0,1,2
S013,OOP,2,1,28.7,1,88.2,100.0,2,1
S013,Functions,2,1,22.5,1,88.9,100.0,3,2
S013,Functions,2,0,53.9,2,89.5,100.0,4,1
S013,OOP,1,1,9.1,1,85.0,100.0,0,2
S013,Loops,2,1,26.6,3,85.7,100.0,1,2
S013,Functions,2,1,29.3,1,86.4,87.5,2,2
S013,Variables,1,1,22.9,1,87.0,75.0,3,2
S013,Loops,2,0,41.0,2,87.5,100.0,4,1
S013,Variables,1,1,23.0,1,84.0,80.0,0,2
S013,Loops,1,1,20.3,1,84.6,75.0,1,2
S013,OOP,2,1,39.4,1,85.2,100.0,2,2
S013,Variables,2,0,82.1,2,85.7,83.3,3,0
S013,Loops,0,1,6.1,1,82.8,80.0,0,2
S013,Data Structures,0,1,16.0,1,83.3,50.0,1,2
S013,Functions,0,1,7.9,1,83.9,88.9,2,2
S013,OOP,2,1,23.4,1,84.4,100.0,3,2
S013,OOP,2,1,17.6,1,84.8,100.0,4,2
S013,Data Structures,2,0,64.7,2,85.3,66.7,5,0
S013,Variables,0,1,13.5,1,82.9,71.4,0,1
S013,Variables,1,1,18.0,1,83.3,75.0,1,2
S013,Variables,2,1,33.1,1,83.8,77.8,2,2
S013,Functions,2,0,55.1,2,84.2,90.0,3,1
S013,Data Structures,1,0,56.0,2,82.1,50.0,0,0
S014,Loops,1,0,50.5,2,60.0,60.0,0,0
S014,OOP,0,1,49.5,2,0.0,0.0,0,0
S014,Functions,0,0,41.5,2,50.0,50.0,1,0
S014,Loops,0,1,24.7,1,33.3,0.0,0,1
S014,Loops,1,0,50.0,3,50.0,50.0,1,0
S014,OOP,0,0,34.5,3,40.0,100.0,0,0
S014,Variables,0,0,28.2,3,33.3,33.3,0,0
S014,Loops,0,0,31.2,3,28.6,33.3,0,0
S014,Functions,0,0,33.3,3,25.0,0.0,0,0
S014,Variables,0,1,37.1,1,22.2,0.0,0,1
S014,OOP,1,0,40.8,2,30.0,50.0,1,0
S014,OOP,0,0,36.9,3,27.3,33.3,0,0
S014,Loops,0,0,29.2,2,25.0,25.0,0,0
S014,Functions,0,0,36.4,2,23.1,0.0,0,0
S014,Functions,0,0,50.2,3,21.4,0.0,0,0
S014,Loops,0,1,16.6,1,20.0,20.0,0,1
S014,Data Structures,2,0,111.5,3,25.0,25.0,1,0
S014,Data Structures,0,0,30.4,1,23.5,0.0,0,0
S014,Loops,0,1,20.9,1,22.2,33.3,0,1
S014,Variables,1,0,58.3,3,26.3,50.0,1,0
S014,Loops,2,0,110.4,3,25.0,42.9,0,0
S014,OOP,0,0,34.9,2,23.8,25.0,0,0
S014,Loops,0,0,37.3,3,22.7,37.5,0,0
S014,OOP,0,0,35.5,2,21.7,20.0,0,0
S014,Data Structures,0,0,24.6,2,20.8,0.0,0,0
S014,Functions,0,0,36.0,3,20.0,0.0,0,0
S014,Data Structures,0,0,25.4,3,19.2,0.0,0,0
S014,OOP,0,0,25.3,2,18.5,16.7,0,0
S014,Functions,0,0,39.3,3,17.9,0.0,0,0
S014,OOP,0,0,44.0,2,17.2,14.3,0,0
S014,Loops,0,1,25.6,1,16.7,33.3,0,1
S014,Loops,0,0,35.4,2,19.4,40.0,1,0
S014,Variables,0,0,42.1,3,18.8,33.3,0,0
S014,Functions,0,0,55.6,3,18.2,0.0,0,0
S014,Variables,1,0,59.5,2,17.6,25.0,0,0
S014,Data Structures,0,0,64.3,2,17.1,0.0,0,0
S014,Functions,2,0,166.6,3,16.7,0.0,0,0
S014,Data Structures,1,0,54.9,2,16.2,0.0,0,0
S014,Functions,0,0,58.4,2,15.8,0.0,0,0
S014,Functions,0,0,40.0,2,15.4,0.0,0,0
S015,Variables,1,1,18.7,1,60.0,60.0,0,2
S015,Loops,2,0,39.1,3,100.0,100.0,1,1
S015,Variables,1,1,28.3,1,50.0,100.0,0,2
S015,OOP,2,1,38.1,1,66.7,66.7,1,2
S015,Functions,2,0,57.1,2,75.0,75.0,2,0
S015,Loops,0,1,15.0,1,60.0,0.0,0,1
S015,Variables,2,1,27.9,1,66.7,100.0,1,2
S015,OOP,2,0,32.5,3,71.4,100.0,2,1
S015,Loops,1,1,15.2,1,62.5,50.0,0,2
S015,Functions,2,0,101.9,2,66.7,0.0,1,0
S015,Data Structures,0,1,17.1,1,60.0,60.0,0,2
S015,Functions,2,1,57.7,1,63.6,0.0,1,1
S015,Loops,1,1,27.6,1,66.7,66.7,2,2
S015,Variables,2,1,53.9,1,69.2,100.0,3,2
S015,OOP,2,1,26.3,1,71.4,50.0,4,2
S015,Functions,2,0,98.0,2,73.3,33.3,5,0
S015,Loops,1,1,25.1,1,68.8,75.0,0,2
S015,Variables,2,0,65.9,2,70.6,100.0,1,1
S015,Functions,1,1,46.1,1,66.7,25.0,0,1
S015,Loops,1,1,41.1,1,68.4,80.0,1,2
S015,Variables,2,0,34.5,2,70.0,80.0,2,1
S015,Data Structures,1,0,38.8,3,66.7,100.0,0,1
S015,Data Structures,1,1,22.8,1,63.6,50.0,0,2
S015,Data Structures,2,1,44.1,1,65.2,66.7,1,2
S015,OOP,2,1,48.8,1,66.7,66.7,2,2
S015,Variables,2,0,44.2,3,68.0,66.7,3,0
S015,Variables,0,1,15.8,1,65.4,57.1,0,2
S015,Functions,2,0,71.2,3,66.7,40.0,1,1
S015,Functions,0,1,25.2,1,64.3,33.3,0,1
S015,Loops,1,0,30.3,2,65.5,83.3,1,1
S015,Loops,1,1,24.3,1,63.3,71.4,0,2
S015,Functions,2,0,60.3,3,64.5,42.9,1,0
S015,Variables,0,1,10.4,1,62.5,62.5,0,1
S015,Data Structures,1,1,29.6,1,63.6,75.0,1,2
S015,OOP,0,1,12.3,1,64.7,75.0,2,2
S015,Data Structures,2,1,42.1,1,65.7,80.0,3,2
S015,Loops,0,1,18.2,1,66.7,75.0,4,2
S015,Data Structures,2,0,35.2,1,67.6,83.3,5,1
S015,Data Structures,1,1,28.5,1,65.8,71.4,0,2
S015,OOP,2,0,64.2,1,66.7,80.0,1,1
S016,Data Structures,1,0,38.2,3,60.0,60.0,0,0
S016,Data Structures,0,1,13.1,1,0.0,0.0,0,1
S016,Data Structures,1,0,24.6,3,50.0,50.0,1,1
S016,Variables,1,1,39.0,1,33.3,33.3,0,1
S016,OOP,1,1,23.8,1,50.0,50.0,1,2
S016,Variables,2,0,56.7,2,60.0,100.0,2,1
S016,Loops,1,0,84.0,2,50.0,50.0,0,0
S016,Variables,0,1,13.3,1,42.9,50.0,0,1
S016,Loops,2,0,81.2,3,50.0,0.0,1,0
S016,Variables,0,1,20.4,1,44.4,66.7,0,2
S016,Variables,2,0,74.7,3,50.0,75.0,1,0
S016,Data Structures,1,1,29.0,1,45.5,33.3,0,1
S016,Functions,1,1,23.6,1,50.0,50.0,1,2
S016,Functions,2,0,87.1,3,53.8,100.0,2,0
S016,Variables,0,1,15.3,3,50.0,60.0,0,1
S016,OOP,0,1,17.6,1,53.3,100.0,1,2
S016,Functions,1,0,72.9,3,56.2,50.0,2,0
S016,Functions,0,1,20.2,1,52.9,33.3,0,1
S016,Functions,2,0,72.1,3,55.6,50.0,1,0
S016,Loops,0,1,21.7,1,52.6,0.0,0,1
S016,Variables,1,1,28.4,1,55.0,66.7,1,2
S016,OOP,1,0,64.6,2,57.1,100.0,2,0
S016,Variables,0,1,28.1,1,54.5,71.4,0,2
S016,Variables,0,1,13.8,1,56.5,75.0,1,2
S016,Data Structures,2,0,45.9,3,58.3,50.0,2,0
S016,Data Structures,0,1,16.8,2,56.0,40.0,0,1
S016,Functions,1,0,57.3,2,57.7,40.0,1,0
S016,Variables,0,1,15.5,1,55.6,77.8,0,2
S016,Functions,2,1,82.9,1,57.1,33.3,1,1
S016,Loops,1,0,39.8,2,58.6,33.3,2,0
S016,OOP,0,1,26.8,1,56.7,66.7,0,2
S016,OOP,2,0,84.6,2,58.1,75.0,1,0
S016,Loops,1,0,54.8,2,56.2,25.0,0,0
S016,OOP,0,0,38.2,2,54.5,60.0,0,0
S016,Loops,0,1,18.3,1,52.9,20.0,0,1
S016,Variables,1,1,34.7,1,54.3,80.0,1,2
S016,Loops,2,0,103.9,2,55.6,33.3,2,0
S016,Data Structures,0,1,20.0,1,54.1,50.0,0,1
S016,Loops,1,0,73.8,2,55.3,28.6,1,0
S016,Functions,0,0,26.7,2,53.8,42.9,0,0
S017,Variables,1,1,40.0,1,60.0,60.0,0,2
S017,Loops,1,0,52.8,2,100.0,100.0,1,1
S017,OOP,1,0,51.6,3,50.0,50.0,0,0
S017,Data Structures,0,0,50.6,3,33.3,33.3,0,0
S017,Functions,0,1,21.4,1,25.0,25.0,0,1
S017,Functions,1,1,33.0,1,40.0,100.0,1,2
S017,Data Structures,2,0,48.9,2,50.0,0.0,2,0
S017,Data Structures,0,1,16.0,1,42.9,0.0,0,1
S017,OOP,1,1,41.7,1,50.0,0.0,1,1
S017,Data Structures,1,0,78.3,2,55.6,33.3,2,0
S017,Data Structures,0,1,22.3,1,50.0,25.0,0,1
S017,Variables,1,0,28.2,2,54.5,100.0,1,1
S017,OOP,1,0,48.9,2,50.0,50.0,0,0
S017,Data Structures,0,1,22.0,1,46.2,40.0,0,1
S017,Functions,1,0,35.3,3,50.0,100.0,1,0
S017,OOP,0,0,28.5,2,46.7,33.3,0,0
S017,Variables,0,1,29.2,1,43.8,50.0,0,1
S017,Data Structures,1,0,43.5,3,47.1,50.0,1,0
S017,Functions,2,1,51.5,1,44.4,66.7,0,2
S017,Functions,2,0,72.5,2,47.4,75.0,1,0
S017,Variables,0,1,40.7,1,45.0,66.7,0,1
S017,Functions,1,1,24.4,1,47.6,60.0,1,1
S017,Loops,0,1,20.0,1,50.0,0.0,2,1
S017,OOP,1,1,31.3,1,52.2,25.0,3,1
S017,Functions,1,1,41.8,1,54.2,66.7,4,2
S017,Variables,2,0,93.0,2,56.0,75.0,5,0
S017,Variables,0,0,31.4,3,53.8,60.0,0,0
S017,Variables,0,1,16.8,1,51.9,50.0,0,1
S017,Functions,1,1,56.3,1,53.6,71.4,1,2
S017,Functions,0,1,17.2,1,55.2,75.0,2,2
S017,Data Structures,2,0,130.6,3,56.7,42.9,3,0
S017,Data Structures,0,0,37.6,2,54.8,37.5,0,0
S017,Functions,0,1,28.2,1,53.1,77.8,0,2
S017,Functions,2,0,69.4,2,54.5,80.0,1,0
S017,Loops,0,1,14.7,1,52.9,50.0,0,2
S017,Functions,2,1,41.4,2,54.3,72.7,1,2
S017,Data Structures,2,0,88.3,3,55.6,33.3,2,0
S017,Variables,0,1,18.0,1,54.1,57.1,0,2
S017,Loops,2,0,118.8,2,55.3,66.7,1,0
S017,OOP,0,1,31.7,1,53.8,40.0,0,1
S018,Variables,1,0,86.5,2,60.0,60.0,0,0
S018,Loops,0,1,25.4,1,0.0,0.0,0,1
S018,Variables,1,0,49.0,2,50.0,0.0,1,0
S018,Functions,2,0,75.2,3,33.3,33.3,0,0
S018,Variables,0,0,37.0,3,25.0,0.0,0,0
S018,OOP,0,1,23.9,1,20.0,20.0,0,1
S018,Loops,1,0,77.6,3,33.3,100.0,1,0
S018,Data Structures,0,1,16.6,1,28.6,28.6,0,1
S018,OOP,2,0,90.6,3,37.5,100.0,1,0
S018,Data Structures,1,0,40.5,3,33.3,100.0,0,0
S018,Variables,0,1,24.5,1,30.0,0.0,0,1
S018,OOP,2,0,93.1,3,36.4,50.0,1,0
S018,Loops,0,0,32.1,3,33.3,50.0,0,0
S018,OOP,0,1,25.0,1,30.8,33.3,0,1
S018,Functions,1,0,74.4,3,35.7,0.0,1,0
S018,Variables,0,1,23.3,1,33.3,25.0,0,1
S018,Functions,1,1,42.1,1,37.5,0.0,1,2
S018,OOP,2,0,69.1,3,41.2,50.0,2,0
S018,Functions,1,0,31.8,2,38.9,33.3,0,0
S018,Functions,0,1,24.1,1,36.8,25.0,0,1
S018,Variables,0,0,38.4,2,40.0,40.0,1,0
S018,Data Structures,0,0,52.5,3,38.1,50.0,0,0
S018,Variables,0,0,49.7,3,36.4,33.3,0,0
S018,Data Structures,0,0,40.3,2,34.8,33.3,0,0
S018,Functions,0,1,24.8,1,33.3,40.0,0,1
S018,Loops,1,0,60.1,3,36.0,33.3,1,0
S018,Functions,0,0,24.6,2,34.6,50.0,0,0
S018,Variables,0,0,47.8,3,33.3,28.6,0,0
S018,Data Structures,0,0,38.1,3,32.1,25.0,0,0
S018,Functions,0,1,25.5,1,31.0,42.9,0,1
S018,Functions,1,1,31.8,1,33.3,50.0,1,2
S018,Data Structures,2,0,83.4,3,35.5,20.0,2,0
S018,Functions,0,1,25.3,1,34.4,55.6,0,1
S018,OOP,1,0,44.8,2,36.4,40.0,1,1
S018,OOP,1,0,66.6,2,35.3,33.3,0,0
S018,Loops,0,1,20.4,1,34.3,25.0,0,1
S018,Functions,1,1,38.8,1,36.1,60.0,1,2
S018,OOP,2,0,106.8,2,37.8,28.6,2,0
S018,Functions,0,1,23.0,1,36.8,63.6,0,1
S018,Functions,1,0,35.3,3,38.5,66.7,1,0
S019,Functions,1,1,36.4,1,60.0,60.0,0,2
S019,Data Structures,2,0,108.4,3,100.0,100.0,1,1
S019,Variables,1,0,68.9,3,50.0,50.0,0,0
S019,Loops,0,1,14.2,1,33.3,33.3,0,1
S019,Variables,1,1,32.5,1,50.0,0.0,1,1
S019,Data Structures,1,0,52.1,2,60.0,0.0,2,0
S019,Loops,0,1,30.5,1,50.0,100.0,0,2
S019,OOP,2,0,78.0,3,57.1,57.1,1,0
S019,Loops,0,1,17.6,1,50.0,100.0,0,2
S019,Data Structures,2,0,46.6,2,55.6,0.0,1,0
S019,Variables,2,0,66.7,3,50.0,50.0,0,0
S019,Functions,0,0,28.4,2,45.5,100.0,0,0
S019,Variables,0,0,20.4,2,41.7,33.3,0,0
S019,Functions,0,1,17.4,1,38.5,50.0,0,1
S019,Variables,1,1,57.6,1,42.9,25.0,1,1
S019,Loops,1,1,56.2,1,46.7,100.0,2,2
S019,Loops,2,0,74.7,2,50.0,100.0,3,0
S019,Functions,0,1,25.4,1,47.1,66.7,0,2
S019,Variables,2,0,74.5,2,50.0,40.0,1,0
S019,Functions,0,1,14.3,1,47.4,75.0,0,2
S019,Functions,2,0,84.7,2,50.0,80.0,1,0
S019,Data Structures,0,1,21.7,1,47.6,0.0,0,1
S019,Functions,1,1,30.8,1,50.0,66.7,1,2
S019,Functions,2,0,80.2,2,52.2,71.4,2,0
S019,OOP,2,0,74.0,2,50.0,0.0,0,0
S019,Loops,0,1,17.8,1,48.0,80.0,0,2
S019,Loops,2,0,84.6,1,50.0,83.3,1,2
S019,Data Structures,0,0,26.4,3,48.1,25.0,0,1
S019,Variables,1,1,63.6,1,46.4,33.3,0,1
S019,Data Structures,1,0,62.8,2,48.3,20.0,1,0
S019,Data Structures,0,0,36.2,2,46.7,16.7,0,0
S019,Data Structures,2,0,68.8,3,45.2,14.3,0,0
S019,Data Structures,0,0,21.5,2,43.8,12.5,0,0
S019,Variables,0,1,22.9,1,42.4,42.9,0,1
S019,OOP,1,1,23.4,1,44.1,0.0,1,1
S019,Variables,1,0,55.5,1,45.7,50.0,2,0
S019,Loops,0,0,24.4,2,44.4,71.4,0,0
S019,Functions,1,1,37.0,1,43.2,62.5,0,2
S019,OOP,2,0,78.0,2,44.7,33.3,1,0
S019,Data Structures,0,0,33.2,2,43.6,11.1,0,0
S020,Data Structures,1,1,9.7,1,60.0,60.0,0,2
S020,Loops,2,1,39.7,1,100.0,100.0,1,2
S020,Data Structures,2,1,34.7,2,100.0,100.0,2,1
S020,Functions,1,1,11.1,1,100.0,100.0,3,2
S020,Data Structures,2,1,36.8,1,100.0,100.0,4,2
S020,OOP,2,1,26.5,1,100.0,100.0,5,2
S020,Data Structures,2,0,32.4,1,100.0,100.0,6,1
S020,Functions,1,1,18.7,1,85.7,100.0,0,2
S020,Functions,2,1,26.8,1,87.5,100.0,1,2
S020,OOP,2,1,19.6,1,88.9,100.0,2,2
S020,Loops,0,1,11.0,1,90.0,100.0,3,2
S020,Data Structures,2,1,40.8,1,90.9,75.0,4,2
S020,OOP,2,1,23.2,1,91.7,100.0,5,2
S020,Data Structures,2,1,25.7,1,92.3,80.0,6,2
S020,Functions,0,1,8.4,1,92.9,100.0,7,2
S020,Functions,1,1,14.6,1,93.3,100.0,8,2
S020,Variables,2,1,41.7,1,93.8,93.8,9,2
S020,Loops,2,0,61.4,1,94.1,100.0,10,1
S020,Data Structures,1,1,10.4,1,88.9,83.3,0,2
S020,Variables,2,1,21.5,1,89.5,100.0,1,1
S020,Data Structures,1,1,15.1,1,90.0,85.7,2,2
S020,OOP,1,1,16.8,1,90.5,100.0,3,2
S020,Functions,2,1,31.2,1,90.9,100.0,4,2
S020,Data Structures,2,1,32.8,1,91.3,87.5,5,2
S020,Loops,2,1,26.8,1,91.7,66.7,6,2
S020,Variables,0,1,9.9,1,92.0,100.0,7,2
S020,OOP,2,1,20.3,1,92.3,100.0,8,2
S020,Functions,2,0,32.8,3,92.6,100.0,9,1
S020,Variables,1,1,27.1,1,89.3,100.0,0,2
S020,OOP,2,1,24.8,1,89.7,100.0,1,2
S020,OOP,2,1,15.9,1,90.0,100.0,2,2
S020,Data Structures,2,1,30.1,1,90.3,88.9,3,2
S020,OOP,2,1,44.7,1,90.6,100.0,4,2
S020,Variables,0,1,10.3,1,90.9,100.0,5,2
S020,Variables,2,1,32.2,1,91.2,100.0,6,2
S020,Loops,0,1,11.0,1,91.4,75.0,7,2
S020,Functions,2,1,31.1,1,91.7,85.7,8,2
S020,Variables,2,1,52.1,1,91.9,100.0,9,2
S020,OOP,2,1,23.0,1,92.1,100.0,10,2
S020,Data Structures,0,1,11.0,1,92.3,90.0,11,2
S021,Loops,1,0,62.5,2,60.0,60.0,0,0
S021,OOP,0,0,33.3,2,0.0,0.0,0,1
S021,Data Structures,1,1,51.6,1,0.0,0.0,0,1
S021,OOP,1,0,99.7,2,33.3,0.0,1,0
S021,Data Structures,2,0,75.2,2,25.0,100.0,0,0
S021,OOP,0,0,34.5,3,20.0,0.0,0,0
S021,Data Structures,2,0,79.1,2,16.7,50.0,0,0
S021,Loops,0,0,28.8,3,14.3,0.0,0,0
S021,Functions,0,1,25.8,1,12.5,12.5,0,1
S021,Data Structures,1,0,50.9,2,22.2,33.3,1,0
S021,Loops,0,0,39.7,3,20.0,0.0,0,0
S021,Loops,0,0,31.7,2,18.2,0.0,0,0
S021,Variables,1,0,41.0,3,16.7,16.7,0,0
S021,Data Structures,0,1,20.0,1,15.4,25.0,0,1
S021,Loops,1,0,47.0,3,21.4,0.0,1,0
S021,Loops,0,1,23.1,1,20.0,0.0,0,1
S021,Loops,1,0,85.7,1,25.0,16.7,1,0
S021,Data Structures,0,1,30.1,1,23.5,40.0,0,1
S021,Loops,1,0,67.5,2,27.8,14.3,1,0
S021,Data Structures,0,1,29.7,1,26.3,50.0,0,1
S021,OOP,1,0,64.9,3,30.0,0.0,1,0
S021,Variables,2,0,96.5,2,28.6,0.0,0,0
S021,Variables,0,0,14.1,2,27.3,0.0,0,0
S021,Variables,0,0,24.2,2,26.1,0.0,0,0
S021,Variables,0,0,27.0,3,25.0,0.0,0,0
S021,Loops,0,1,26.5,1,24.0,12.5,0,1
S021,OOP,1,0,81.7,2,26.9,0.0,1,0
S021,Data Structures,0,1,10.7,1,25.9,57.1,0,2
S021,Functions,2,0,53.8,3,28.6,100.0,1,0
S021,OOP,0,1,46.4,1,27.6,0.0,0,1
S021,Loops,1,0,54.0,2,30.0,22.2,1,0
S021,Variables,2,0,180.0,3,29.0,0.0,0,0
S021,Data Structures,0,1,15.4,1,28.1,62.5,0,2
S021,Loops,2,0,78.0,3,30.3,20.0,1,0
S021,Data Structures,0,1,17.6,3,29.4,66.7,0,2
S021,Variables,2,0,155.2,2,31.4,0.0,1,0
S021,OOP,0,0,40.2,2,30.6,16.7,0,0
S021,Functions,0,1,19.3,1,29.7,50.0,0,1
S021,Data Structures,1,0,67.3,3,31.6,70.0,1,0
S021,Loops,0,0,61.0,2,30.8,18.2,0,0
S022,Data Structures,1,1,26.1,1,60.0,60.0,0,2
S022,OOP,2,0,77.0,2,100.0,100.0,1,1
S022,OOP,1,0,50.8,3,50.0,0.0,0,0
S022,Data Structures,0,1,19.4,1,33.3,100.0,0,2
S022,Variables,2,1,45.4,1,50.0,50.0,1,2
S022,Functions,2,0,49.4,2,60.0,60.0,2,0
S022,Data Structures,0,1,32.1,1,50.0,100.0,0,2
S022,Loops,2,1,30.6,1,57.1,57.1,1,2
S022,Data Structures,2,0,113.1,3,62.5,100.0,2,1
S022,OOP,1,1,47.9,1,55.6,0.0,0,1
S022,Variables,1,1,24.4,1,60.0,100.0,1,2
S022,OOP,2,0,68.5,3,63.6,33.3,2,0
S022,Variables,0,1,14.4,1,58.3,100.0,0,2
S022,Variables,2,1,81.7,1,61.5,100.0,1,2
S022,Data Structures,2,0,50.9,3,64.3,75.0,2,0
S022,Loops,0,1,23.3,1,60.0,100.0,0,2
S022,Functions,2,0,56.1,2,62.5,0.0,1,0
S022,OOP,0,1,11.8,1,58.8,25.0,0,1
S022,Functions,1,1,36.2,1,61.1,0.0,1,1
S022,Loops,1,1,21.6,1,63.2,100.0,2,2
S022,OOP,2,0,51.9,3,65.0,40.0,3,0
S022,Loops,0,1,10.3,1,61.9,100.0,0,2
S022,Functions,2,0,60.2,2,63.6,33.3,1,0
S022,Functions,2,0,59.8,2,60.9,25.0,0,0
S022,OOP,0,1,23.4,1,58.3,33.3,0,1
S022,Variables,1,1,19.0,2,60.0,100.0,1,2
S022,Variables,2,0,69.1,3,61.5,100.0,2,0
S022,Functions,0,1,23.4,1,59.3,20.0,0,1
S022,Functions,1,1,29.3,1,60.7,33.3,1,1
S022,Loops,1,1,28.3,1,62.1,100.0,2,2
S022,Data Structures,2,0,70.6,2,63.3,60.0,3,0
S022,Variables,0,1,14.9,2,61.3,83.3,0,2
S022,Variables,2,0,66.9,3,62.5,85.7,1,0
S022,Data Structures,0,1,24.2,1,60.6,50.0,0,1
S022,Variables,1,0,45.6,3,61.8,75.0,1,0
S022,OOP,0,1,19.7,1,60.0,42.9,0,1
S022,Functions,1,1,32.0,2,61.1,42.9,1,1
S022,Data Structures,1,0,31.3,2,62.2,57.1,2,0
S022,Functions,0,1,18.2,1,60.5,50.0,0,2
S022,Loops,2,1,33.3,1,61.5,100.0,1,2
S023,Variables,1,0,61.6,2,60.0,60.0,0,0
S023,Data Structures,0,1,25.6,1,0.0,0.0,0,1
S023,Functions,1,0,68.7,3,50.0,50.0,1,0
S023,Loops,0,0,66.4,2,33.3,33.3,0,0
S023,Loops,0,0,34.8,3,25.0,0.0,0,0
S023,Variables,0,0,34.9,3,20.0,0.0,0,0
S023,OOP,0,0,43.3,2,16.7,16.7,0,0
S023,OOP,0,0,44.7,3,14.3,0.0,0,0
S023,Data Structures,0,1,27.6,1,12.5,100.0,0,2
S023,Loops,0,0,36.5,3,22.2,0.0,1,0
S023,Loops,0,0,36.9,3,20.0,0.0,0,0
S023,Data Structures,0,0,44.3,1,18.2,100.0,0,0
S023,Variables,0,0,41.3,2,16.7,0.0,0,0
S023,Data Structures,0,1,33.2,1,15.4,66.7,0,1
S023,OOP,1,0,51.4,3,21.4,0.0,1,0
S023,Variables,0,0,30.5,3,20.0,0.0,0,0
S023,Data Structures,0,0,21.5,3,18.8,75.0,0,0
S023,Functions,0,0,27.3,3,17.6,0.0,0,0
S023,OOP,1,0,64.6,2,16.7,0.0,0,0
S023,Loops,0,0,25.7,2,15.8,0.0,0,1
S023,Loops,1,0,68.1,1,15.0,0.0,0,0
S023,Data Structures,0,0,68.1,3,14.3,60.0,0,0
S023,Loops,0,1,26.9,1,13.6,0.0,0,1
S023,Variables,1,0,48.7,3,17.4,0.0,1,0
S023,Loops,0,0,59.8,2,16.7,14.3,0,0
S023,Variables,0,0,24.7,3,16.0,0.0,0,0
S023,OOP,0,0,38.8,2,15.4,0.0,0,0
S023,Loops,0,0,29.7,2,14.8,12.5,0,0
S023,Functions,2,0,61.0,2,14.3,0.0,0,0
S023,Loops,0,0,38.8,3,13.8,11.1,0,0
S023,Loops,2,0,99.6,3,13.3,10.0,0,0
S023,Variables,0,0,24.6,3,12.9,0.0,0,0
S023,Data Structures,2,0,136.9,3,12.5,50.0,0,0
S023,Variables,0,0,52.5,2,12.1,0.0,0,0
S023,OOP,0,0,45.9,3,11.8,0.0,0,0
S023,Variables,0,0,35.1,3,11.4,0.0,0,0
S023,OOP,0,1,23.7,1,11.1,0.0,0,1
S023,OOP,1,0,70.5,2,13.5,14.3,1,0
S023,Functions,0,0,41.6,2,13.2,0.0,0,0
S023,Variables,0,0,38.2,3,12.8,0.0,0,0
S024,Functions,1,0,55.5,2,60.0,60.0,0,0
S024,OOP,0,0,35.8,2,0.0,0.0,0,0
S024,Variables,1,1,59.0,2,0.0,0.0,0,0
S024,Data Structures,0,0,38.5,1,33.3,33.3,1,0
S024,Functions,0,1,32.1,1,25.0,0.0,0,1
S024,Loops,1,1,52.3,1,40.0,40.0,1,1
S024,Variables,1,1,80.9,1,50.0,100.0,2,2
S024,OOP,2,0,99.2,3,57.1,0.0,3,1
S024,Variables,1,0,47.6,3,50.0,100.0,0,0
S024,Loops,0,1,24.7,1,44.4,100.0,0,2
S024,Data Structures,0,0,41.2,2,50.0,0.0,1,0
S024,Loops,0,1,20.7,1,45.5,100.0,0,2
S024,OOP,2,0,88.3,2,50.0,0.0,1,0
S024,Loops,0,1,24.6,1,46.2,100.0,0,2
S024,Functions,2,0,56.6,2,50.0,50.0,1,0
S024,OOP,0,1,20.2,1,46.7,0.0,0,1
S024,Functions,0,1,16.3,3,50.0,33.3,1,1
S024,OOP,1,1,19.9,1,52.9,25.0,2,1
S024,Loops,1,0,47.7,3,55.6,100.0,3,0
S024,Data Structures,0,0,71.6,2,52.6,0.0,0,0
S024,Data Structures,0,0,19.1,2,50.0,0.0,0,0
S024,Variables,0,1,22.6,1,47.6,66.7,0,2
S024,Loops,2,0,73.4,3,50.0,80.0,1,0
S024,Data Structures,0,0,32.3,3,47.8,0.0,0,1
S024,OOP,0,0,37.1,3,45.8,40.0,0,0
S024,Loops,0,1,19.2,1,44.0,66.7,0,2
S024,Loops,1,0,36.5,3,46.2,71.4,1,0
S024,OOP,2,0,75.5,3,44.4,33.3,0,0
S024,Data Structures,2,0,93.3,2,42.9,0.0,0,0
S024,Data Structures,0,1,25.1,1,41.4,0.0,0,1
S024,Variables,1,1,43.8,1,43.3,75.0,1,2
S024,Variables,2,0,138.0,2,45.2,80.0,2,0
S024,OOP,0,1,16.8,1,43.8,28.6,0,1
S024,Variables,1,1,29.6,1,45.5,66.7,1,2
S024,Variables,2,0,103.6,2,47.1,71.4,2,0
S024,Data Structures,0,0,41.0,2,45.7,14.3,0,0
S024,Functions,0,0,20.3,3,44.4,50.0,0,0
S024,Variables,0,1,22.3,1,43.2,62.5,0,1
S024,Loops,1,1,26.7,2,44.7,62.5,1,1
S024,Variables,1,0,59.1,2,46.2,66.7,2,0
S025,OOP,1,0,50.0,3,60.0,60.0,0,0
S025,OOP,0,0,19.7,3,0.0,0.0,0,0
S025,Data Structures,2,0,59.4,2,0.0,0.0,0,0
S025,OOP,0,0,50.9,2,0.0,0.0,0,0
S025,Functions,0,0,33.5,2,0.0,0.0,0,0
S025,Loops,0,0,20.7,3,0.0,0.0,0,0
S025,OOP,0,1,16.3,1,0.0,0.0,0,1
S025,Data Structures,1,0,62.2,3,14.3,0.0,1,0
S025,Loops,0,1,13.2,1,12.5,0.0,0,1
S025,Loops,1,1,45.0,1,22.2,50.0,1,1
S025,Variables,0,0,30.4,3,30.0,30.0,2,0
S025,OOP,0,1,19.1,1,27.3,25.0,0,1
S025,OOP,1,0,64.1,2,33.3,40.0,1,1
S025,Data Structures,1,0,46.8,3,30.8,0.0,0,0
S025,Functions,1,1,50.7,1,28.6,0.0,0,1
S025,Functions,1,0,33.9,2,33.3,50.0,1,0
S025,Data Structures,0,1,21.9,1,31.2,0.0,0,1
S025,Loops,1,0,37.6,3,35.3,66.7,1,0
S025,Loops,0,1,28.0,1,33.3,50.0,0,1
S025,Data Structures,1,0,71.5,2,36.8,25.0,1,0
S025,Data Structures,0,1,22.3,1,35.0,20.0,0,1
S025,Data Structures,1,0,63.8,3,38.1,33.3,1,0
S025,Functions,1,0,69.0,2,36.4,33.3,0,0
S025,Functions,0,0,34.2,2,34.8,25.0,0,0
S025,OOP,0,0,28.7,3,33.3,33.3,0,0
S025,Variables,0,0,29.9,2,32.0,0.0,0,0
S025,OOP,0,0,34.6,2,30.8,28.6,0,0
S025,Variables,2,0,103.2,3,29.6,0.0,0,0
S025,OOP,0,0,33.2,2,28.6,25.0,0,0
S025,Functions,0,1,20.4,1,27.6,20.0,0,1
S025,Loops,1,0,53.6,1,30.0,60.0,1,1
S025,Loops,1,1,31.2,1,29.0,50.0,0,1
S025,Loops,1,0,53.9,2,31.2,57.1,1,0
S025,Variables,0,0,33.4,3,30.3,0.0,0,0
S025,OOP,0,0,28.2,3,29.4,22.2,0,0
S025,OOP,0,0,42.8,3,28.6,20.0,0,0
S025,Functions,0,1,16.4,1,27.8,33.3,0,1
S025,OOP,1,0,44.5,3,29.7,18.2,1,0
S025,OOP,0,0,51.7,3,28.9,16.7,0,0
S025,Variables,0,1,21.3,1,28.2,0.0,0,2
S026,Loops,1,0,44.5,3,60.0,60.0,0,0
S026,OOP,0,1,10.4,1,0.0,0.0,0,1
S026,Functions,1,1,40.8,1,50.0,50.0,1,2
S026,Variables,2,0,116.2,3,66.7,66.7,2,0
S026,Loops,0,1,23.1,1,50.0,0.0,0,1
S026,Loops,0,0,48.0,2,60.0,50.0,1,0
S026,OOP,0,1,23.6,1,50.0,100.0,0,2
S026,Loops,2,0,127.3,1,57.1,33.3,1,0
S026,Functions,0,0,16.1,3,50.0,100.0,0,1
S026,OOP,1,1,22.1,1,44.4,100.0,0,2
S026,Data Structures,2,0,84.8,2,50.0,50.0,1,0
S026,Functions,1,1,62.5,1,45.5,50.0,0,1
S026,Functions,1,0,44.0,3,50.0,66.7,1,0
S026,Functions,0,1,15.5,1,46.2,50.0,0,1
S026,Variables,1,0,91.8,3,50.0,0.0,1,0
S026,Data Structures,1,0,60.2,3,46.7,0.0,0,0
S026,Loops,2,0,81.3,2,43.8,25.0,0,0
S026,Loops,0,0,33.3,2,41.2,20.0,0,0
S026,OOP,1,0,74.5,3,38.9,100.0,0,0
S026,Functions,0,1,21.3,1,36.8,60.0,0,1
S026,Functions,1,0,38.1,3,40.0,66.7,1,0
S026,Variables,2,0,90.3,2,38.1,0.0,0,0
S026,OOP,0,0,26.3,2,36.4,75.0,0,0
S026,Loops,0,1,15.6,1,34.8,16.7,0,1
S026,Data Structures,1,1,29.6,1,37.5,0.0,1,1
S026,Loops,1,0,76.3,2,40.0,28.6,2,0
S026,Loops,0,0,39.4,2,38.5,25.0,0,0
S026,OOP,0,0,26.6,3,37.0,60.0,0,0
S026,Variables,1,0,65.0,3,35.7,0.0,0,0
S026,Functions,0,1,29.5,2,34.5,57.1,0,1
S026,Functions,1,1,50.2,1,36.7,62.5,1,2
S026,Functions,2,0,67.6,3,38.7,66.7,2,0
S026,Variables,0,0,18.9,3,37.5,0.0,0,0
S026,Variables,1,0,66.0,2,36.4,0.0,0,1
S026,Loops,1,0,80.7,2,35.3,22.2,0,0
S026,Functions,0,0,31.4,3,34.3,60.0,0,0
S026,OOP,2,0,81.9,2,33.3,50.0,0,0
S026,Functions,0,1,13.8,1,32.4,54.5,0,1
S026,Variables,1,0,90.5,1,34.2,0.0,1,0
S026,OOP,0,1,19.0,1,33.3,42.9,0,1
S027,Loops,1,0,69.9,3,60.0,60.0,0,0
S027,Data Structures,0,0,55.8,3,0.0,0.0,0,0
S027,OOP,2,0,80.3,3,0.0,0.0,0,0
S027,Variables,0,0,35.6,2,0.0,0.0,0,0
S027,OOP,0,0,50.2,2,0.0,0.0,0,0
S027,Functions,0,0,37.8,2,0.0,0.0,0,0
S027,Variables,2,0,125.4,3,0.0,0.0,0,0
S027,OOP,2,0,123.3,2,0.0,0.0,0,0
S027,Functions,0,0,57.6,2,0.0,0.0,0,0
S027,Functions,0,0,20.6,2,0.0,0.0,0,0
S027,Data Structures,0,0,40.2,3,0.0,0.0,0,0
S027,Loops,0,0,28.2,3,0.0,0.0,0,0
S027,Loops,2,0,82.8,2,0.0,0.0,0,0
S027,Variables,0,0,33.8,3,0.0,0.0,0,0
S027,Variables,2,0,80.3,3,0.0,0.0,0,0
S027,OOP,0,1,25.6,1,0.0,0.0,0,1
S027,Loops,1,0,66.7,3,6.2,0.0,1,0
S027,Loops,0,1,21.9,1,5.9,0.0,0,1
S027,Functions,1,0,61.4,2,11.1,0.0,1,0
S027,OOP,0,0,20.9,2,10.5,25.0,0,0
S027,Functions,2,0,73.4,2,10.0,0.0,0,0
S027,OOP,0,0,31.5,3,9.5,20.0,0,0
S027,Functions,0,0,30.3,2,9.1,0.0,0,0
S027,OOP,0,0,28.8,3,8.7,16.7,0,0
S027,Data Structures,2,0,72.1,1,8.3,0.0,0,0
S027,Data Structures,0,0,45.1,3,8.0,0.0,0,0
S027,Variables,0,0,27.1,3,7.7,0.0,0,0
S027,Variables,0,0,38.6,3,7.4,0.0,0,0
S027,Functions,1,0,40.2,3,7.1,0.0,0,0
S027,Variables,0,0,35.2,2,6.9,0.0,0,0
S027,Functions,0,1,24.7,1,6.7,0.0,0,1
S027,Loops,1,0,69.8,3,9.7,20.0,1,0
S027,Loops,0,0,33.0,2,9.4,16.7,0,0
S027,Functions,0,0,30.2,3,9.1,12.5,0,0
S027,OOP,0,0,25.7,2,8.8,14.3,0,0
S027,Loops,0,1,24.3,1,8.6,14.3,0,1
S027,OOP,1,0,76.4,1,11.1,12.5,1,0
S027,Variables,0,0,42.0,2,10.8,0.0,0,0
S027,Functions,0,0,36.9,2,10.5,11.1,0,0
S027,Loops,0,0,57.5,3,10.3,25.0,0,0
S028,OOP,1,0,42.9,3,60.0,60.0,0,0
S028,Loops,0,0,23.3,2,0.0,0.0,0,0
S028,Data Structures,0,1,28.4,1,0.0,0.0,0,1
S028,OOP,1,1,63.8,1,33.3,0.0,1,1
S028,Functions,1,0,59.6,2,50.0,50.0,2,0
S028,Data Structures,0,1,16.3,1,40.0,100.0,0,2
S028,Data Structures,2,0,88.8,3,50.0,100.0,1,0
S028,Loops,0,0,24.7,3,42.9,0.0,0,0
S028,Functions,0,1,13.2,1,37.5,0.0,0,1
S028,OOP,1,0,72.5,2,44.4,50.0,1,0
S028,OOP,0,1,20.9,3,40.0,33.3,0,1
S028,Functions,1,0,47.5,3,45.5,50.0,1,0
S028,Data Structures,0,1,16.5,1,41.7,66.7,0,2
S028,Data Structures,1,0,56.8,3,46.2,75.0,1,0
S028,Data Structures,0,1,25.7,1,42.9,60.0,0,1
S028,OOP,1,0,53.4,2,46.7,50.0,1,0
S028,OOP,0,1,19.2,1,43.8,40.0,0,1
S028,Data Structures,1,0,67.9,3,47.1,66.7,1,0
S028,Data Structures,2,0,122.2,2,44.4,57.1,0,0
S028,Data Structures,1,0,33.3,2,42.1,50.0,0,0
S028,Functions,0,1,38.7,1,40.0,33.3,0,1
S028,Data Structures,1,1,23.8,1,42.9,44.4,1,1
S028,OOP,2,0,97.3,2,45.5,50.0,2,0
S028,Functions,2,0,90.1,2,43.5,50.0,0,0
S028,Loops,0,1,25.7,1,41.7,0.0,0,1
S028,Functions,1,0,43.6,3,44.0,40.0,1,0
S028,Loops,0,1,13.5,1,42.3,33.3,0,1
S028,Loops,1,0,54.4,2,44.4,50.0,1,0
S028,Data Structures,0,1,20.1,1,42.9,50.0,0,1
S028,Data Structures,1,1,48.1,1,44.8,54.5,1,1
S028,Variables,1,0,31.3,3,46.7,46.7,2,1
S028,OOP,1,1,23.2,1,45.2,42.9,0,2
S028,Loops,2,0,40.2,1,46.9,40.0,1,0
S028,Functions,0,1,23.3,1,45.5,33.3,0,1
S028,Data Structures,1,0,44.8,2,47.1,58.3,1,0
S028,OOP,0,0,45.6,3,45.7,50.0,0,0
S028,OOP,0,1,26.5,1,44.4,44.4,0,1
S028,OOP,1,1,51.2,1,45.9,50.0,1,1
S028,Variables,1,0,54.6,3,47.4,0.0,2,0
S028,Loops,0,1,15.6,1,46.2,33.3,0,1
S029,Data Structures,1,0,71.8,2,60.0,60.0,0,0
S029,OOP,0,1,15.2,1,0.0,0.0,0,1
S029,Data Structures,1,0,63.5,1,50.0,0.0,1,0
S029,Data Structures,0,1,17.4,1,33.3,0.0,0,1
S029,Variables,0,1,27.3,1,50.0,50.0,1,1
S029,OOP,1,0,86.0,3,60.0,100.0,2,0
S029,Data Structures,0,0,38.5,1,50.0,33.3,0,0
S029,Functions,0,0,34.4,2,42.9,42.9,0,0
S029,Variables,0,1,14.8,1,37.5,100.0,0,2
S029,Data Structures,1,1,25.0,1,44.4,25.0,1,1
S029,OOP,1,0,85.5,3,50.0,50.0,2,0
S029,OOP,0,0,59.1,2,45.5,33.3,0,0
S029,Loops,0,0,28.3,3,41.7,41.7,0,0
S029,OOP,0,1,21.6,1,38.5,25.0,0,1
S029,Functions,1,1,43.4,1,42.9,0.0,1,1
S029,Variables,1,0,68.1,2,46.7,100.0,2,0
S029,Variables,0,1,12.8,1,43.8,66.7,0,2
S029,Data Structures,2,0,100.3,2,47.1,40.0,1,0
S029,Loops,0,1,21.8,1,44.4,0.0,0,1
S029,OOP,1,0,40.0,3,47.4,40.0,1,0
S029,Functions,0,1,17.3,1,45.0,50.0,0,1
S029,Data Structures,1,0,58.0,1,47.6,33.3,1,0
S029,Data Structures,0,1,31.2,1,45.5,28.6,0,1
S029,OOP,1,0,60.0,3,47.8,33.3,1,0
S029,Loops,2,0,68.6,2,45.8,50.0,0,0
S029,OOP,0,1,25.7,2,44.0,28.6,0,1
S029,Loops,1,1,38.2,1,46.2,33.3,1,1
S029,Variables,1,0,53.2,2,48.1,75.0,2,0
S029,Data Structures,0,1,16.7,1,46.4,37.5,0,1
S029,Functions,1,0,39.8,3,48.3,66.7,1,0
S029,Functions,0,1,15.8,1,46.7,50.0,0,1
S029,Data Structures,1,0,39.2,3,48.4,44.4,1,0
S029,Functions,0,0,29.7,2,46.9,60.0,0,0
S029,Variables,0,0,23.5,3,45.5,60.0,0,0
S029,OOP,2,0,79.7,2,44.1,37.5,0,0
S029,Loops,0,1,16.0,2,42.9,50.0,0,1
S029,OOP,1,0,69.6,2,44.4,33.3,1,0
S029,Loops,0,1,14.2,1,43.2,60.0,0,2
S029,OOP,2,0,130.9,3,44.7,30.0,1,0
S029,Functions,0,1,15.8,1,43.6,50.0,0,1
S030,Variables,1,0,40.2,2,60.0,60.0,0,0
S030,Data Structures,2,1,41.6,1,0.0,0.0,0,1
S030,Data Structures,1,0,38.0,3,50.0,100.0,1,0
S030,Variables,0,1,18.0,1,33.3,0.0,0,1
S030,OOP,1,1,28.6,1,50.0,50.0,1,2
S030,OOP,2,0,34.9,3,60.0,100.0,2,1
S030,Variables,1,1,37.0,1,50.0,50.0,0,2
S030,Loops,2,0,43.3,3,57.1,57.1,1,0
S030,Functions,0,1,14.0,1,50.0,50.0,0,2
S030,OOP,2,0,42.5,3,55.6,50.0,1,0
S030,Variables,0,0,17.3,2,50.0,66.7,0,0
S030,OOP,0,1,9.4,1,45.5,33.3,0,1
S030,OOP,1,1,20.1,1,50.0,50.0,1,2
S030,OOP,2,1,33.8,1,53.8,60.0,2,2
S030,Loops,2,1,47.9,3,57.1,0.0,3,1
S030,Loops,1,1,26.6,1,60.0,50.0,4,2
S030,Functions,2,0,34.0,2,62.5,100.0,5,1
S030,Functions,1,1,24.5,1,58.8,50.0,0,2
S030,Variables,2,0,48.8,2,61.1,50.0,1,0
S030,OOP,0,1,16.1,1,57.9,66.7,0,2
S030,Functions,2,1,38.1,1,60.0,66.7,1,2
S030,OOP,2,1,56.5,1,61.9,71.4,2,2
S030,Data Structures,2,0,43.7,2,63.6,50.0,3,0
S030,OOP,0,1,20.0,1,60.9,75.0,0,2
S030,Data Structures,2,0,86.0,2,62.5,33.3,1,0
S030,OOP,0,1,14.3,1,60.0,77.8,0,2
S030,Loops,2,0,50.4,2,61.5,66.7,1,0
S030,Data Structures,2,0,34.6,3,59.3,25.0,0,0
S030,Variables,0,1,25.9,1,57.1,40.0,0,1
S030,Loops,1,1,24.6,1,58.6,50.0,1,2
S030,Variables,2,0,66.4,3,60.0,50.0,2,0
S030,Variables,0,1,15.0,1,58.1,42.9,0,1
S030,Data Structures,1,0,39.3,2,59.4,20.0,1,0
S030,Loops,0,1,8.2,1,57.6,60.0,0,2
S030,Functions,0,1,13.0,1,58.8,75.0,1,2
S030,Functions,2,0,28.2,3,60.0,80.0,2,0
S030,Data Structures,0,1,16.4,1,58.3,16.7,0,1
S030,Loops,1,1,23.8,1,59.5,66.7,1,2
S030,Functions,2,0,60.8,2,60.5,66.7,2,0
S030,Loops,0,1,17.2,1,59.0,71.4,0,2
S031,Variables,1,0,52.6,2,60.0,60.0,0,0
S031,Variables,2,0,134.9,3,0.0,0.0,0,0
S031,OOP,0,1,27.7,1,0.0,0.0,0,1
S031,Functions,1,0,69.3,3,33.3,33.3,1,0
S031,Loops,0,1,19.4,1,25.0,25.0,0,1
S031,Functions,1,0,34.4,3,40.0,0.0,1,0
S031,Data Structures,0,1,23.8,1,33.3,33.3,0,1
S031,Variables,1,0,79.6,3,42.9,0.0,1,0
S031,Data Structures,1,0,55.5,2,37.5,100.0,0,0
S031,OOP,0,1,15.7,1,33.3,100.0,0,2
S031,Loops,1,0,69.7,1,40.0,100.0,1,1
S031,Data Structures,1,0,60.8,2,36.4,50.0,0,0
S031,Loops,0,1,32.7,1,33.3,50.0,0,1
S031,Loops,1,1,46.3,1,38.5,66.7,1,2
S031,Loops,2,0,127.0,1,42.9,75.0,2,0
S031,Data Structures,0,0,30.1,2,40.0,33.3,0,0
S031,Loops,0,0,25.2,2,37.5,60.0,0,0
S031,OOP,0,0,18.3,2,35.3,100.0,0,1
S031,Functions,1,0,104.4,2,33.3,0.0,0,0
S031,OOP,0,1,26.8,1,31.6,66.7,0,1
S031,OOP,0,1,28.0,1,35.0,75.0,1,2
S031,Variables,2,0,99.5,2,38.1,0.0,2,0
S031,Functions,0,1,22.6,1,36.4,0.0,0,1
S031,Data Structures,1,0,41.5,2,39.1,25.0,1,0
S031,Data Structures,0,0,35.1,2,37.5,20.0,0,0
S031,Variables,1,0,36.4,2,36.0,0.0,0,0
S031,Loops,0,0,41.2,2,34.6,50.0,0,0
S031,Variables,0,0,23.4,2,33.3,0.0,0,0
S031,OOP,0,0,38.9,1,32.1,80.0,0,0
S031,Loops,0,0,36.7,2,31.0,42.9,0,0
S031,OOP,0,1,20.8,1,30.0,66.7,0,1
S031,Loops,1,0,68.4,2,32.3,37.5,1,0
S031,Data Structures,2,0,140.5,3,31.2,16.7,0,0
S031,Functions,0,0,25.0,2,30.3,25.0,0,0
S031,Variables,0,0,25.0,2,29.4,0.0,0,0
S031,Data Structures,0,0,27.2,3,28.6,14.3,0,0
S031,Functions,0,1,16.1,1,27.8,20.0,0,1
S031,Loops,1,0,57.2,1,29.7,33.3,1,0
S031,Functions,0,1,19.8,1,28.9,33.3,0,1
S031,Variables,0,1,28.5,1,30.8,0.0,1,1
S032,Variables,1,0,28.7,2,60.0,60.0,0,0
S032,Loops,0,1,19.4,1,0.0,0.0,0,1
S032,Loops,0,1,11.3,1,50.0,100.0,1,2
S032,OOP,0,1,11.4,1,66.7,66.7,2,2
S032,Functions,2,1,42.6,1,75.0,75.0,3,2
S032,Variables,0,1,15.9,1,80.0,0.0,4,1
S032,Loops,2,0,60.6,2,83.3,100.0,5,1
S032,Loops,1,1,27.6,1,71.4,66.7,0,2
S032,Loops,2,1,59.2,1,75.0,75.0,1,2
S032,Loops,2,0,41.5,3,77.8,80.0,2,1
S032,OOP,1,1,28.3,1,70.0,100.0,0,2
S032,Data Structures,2,0,55.7,3,72.7,72.7,1,0
S032,Data Structures,0,1,10.3,1,66.7,0.0,0,1
S032,Variables,1,1,22.6,1,69.2,50.0,1,2
S032,Data Structures,2,0,72.0,2,71.4,50.0,2,0
S032,Functions,0,1,20.3,1,66.7,100.0,0,2
S032,Loops,2,0,51.3,3,68.8,66.7,1,0
S032,Variables,0,1,13.6,1,64.7,66.7,0,2
S032,Data Structures,1,1,17.0,1,66.7,33.3,1,2
S032,Data Structures,2,1,62.1,1,68.4,50.0,2,2
S032,Data Structures,2,1,55.6,1,70.0,60.0,3,2
S032,OOP,1,1,18.2,1,71.4,100.0,4,2
S032,OOP,2,0,58.2,2,72.7,100.0,5,1
S032,Variables,1,1,39.0,1,69.6,75.0,0,2
S032,Functions,2,0,48.8,2,70.8,100.0,1,1
S032,Loops,1,1,27.5,1,68.0,57.1,0,2
S032,OOP,2,1,26.1,1,69.2,75.0,1,2
S032,Functions,2,0,81.6,3,70.4,66.7,2,0
S032,Functions,0,1,11.8,1,67.9,50.0,0,2
S032,Loops,2,1,43.9,1,69.0,62.5,1,2
S032,Functions,2,1,36.7,1,70.0,60.0,2,2
S032,Loops,1,0,43.8,2,71.0,66.7,3,0
S032,Functions,1,1,30.5,2,68.8,66.7,0,2
S032,Loops,2,0,44.9,3,69.7,60.0,1,0
S032,Functions,2,0,61.7,3,67.6,71.4,0,0
S032,Loops,0,1,15.2,1,65.7,54.5,0,2
S032,OOP,2,0,32.8,3,66.7,80.0,1,0
S032,Functions,0,1,9.6,1,64.9,62.5,0,2
S032,Data Structures,2,0,46.9,2,65.8,66.7,1,0
S032,OOP,0,1,10.9,1,64.1,66.7,0,2
S033,Loops,1,0,72.9,3,60.0,60.0,0,0
S033,Functions,0,1,15.9,1,0.0,0.0,0,1
S033,OOP,1,0,63.5,3,50.0,50.0,1,0
S033,Data Structures,0,1,11.2,1,33.3,33.3,0,1
S033,Functions,1,1,17.4,1,50.0,100.0,1,1
S033,Loops,1,0,34.6,2,60.0,0.0,2,0
S033,Data Structures,0,1,11.5,1,50.0,100.0,0,2
S033,Loops,2,0,59.3,2,57.1,0.0,1,0
S033,Loops,0,1,11.7,1,50.0,0.0,0,1
S033,Loops,1,1,20.5,1,55.6,25.0,1,1
S033,Variables,1,0,27.3,2,60.0,60.0,2,0
S033,Variables,0,1,13.5,1,54.5,0.0,0,1
S033,Data Structures,1,0,40.2,2,58.3,100.0,1,1
S033,Functions,1,1,51.3,2,53.8,100.0,0,2
S033,Data Structures,2,0,71.6,2,57.1,66.7,1,0
S033,OOP,0,1,15.3,1,53.3,0.0,0,1
S033,OOP,1,1,57.4,1,56.2,50.0,1,1
S033,Loops,1,1,32.9,1,58.8,40.0,2,2
S033,OOP,2,0,76.6,3,61.1,66.7,3,0
S033,Data Structures,0,1,11.6,1,57.9,50.0,0,2
S033,Variables,2,0,92.3,2,60.0,50.0,1,0
S033,Loops,0,1,16.0,1,57.1,50.0,0,2
S033,OOP,2,0,103.8,3,59.1,50.0,1,0
S033,Loops,0,1,16.7,1,56.5,57.1,0,2
S033,Variables,2,0,85.2,2,58.3,33.3,1,0
S033,Data Structures,0,1,11.4,1,56.0,60.0,0,2
S033,Data Structures,2,1,55.7,3,57.7,66.7,1,2
S033,Functions,2,0,22.7,3,59.3,100.0,2,1
S033,OOP,1,0,56.3,2,57.1,40.0,0,0
S033,Variables,0,1,24.4,1,55.2,25.0,0,0
S033,Functions,0,1,11.2,1,56.7,75.0,1,2
S033,Loops,2,0,78.0,2,58.1,62.5,2,0
S033,OOP,1,1,25.0,1,56.2,33.3,0,2
S033,Functions,1,1,29.0,1,57.6,80.0,1,2
S033,Loops,2,0,73.2,3,58.8,55.6,2,0
S033,Variables,0,1,25.1,1,57.1,40.0,0,1
S033,Loops,1,1,27.6,1,58.3,50.0,1,2
S033,Data Structures,2,1,31.8,2,59.5,71.4,2,2
S033,Data Structures,2,0,72.7,3,60.5,75.0,3,0
S033,Loops,0,1,9.7,1,59.0,54.5,0,2
S034,Variables,1,1,30.3,1,60.0,60.0,0,2
S034,Variables,0,1,20.5,1,100.0,100.0,1,2
S034,Functions,2,0,75.7,2,100.0,100.0,2,1
S034,Data Structures,2,0,60.9,3,66.7,66.7,0,0
S034,OOP,0,0,27.7,2,50.0,50.0,0,0
S034,Variables,0,1,12.8,1,40.0,100.0,0,2
S034,OOP,2,0,82.7,2,50.0,0.0,1,0
S034,Loops,0,0,43.8,3,42.9,42.9,0,0
S034,Data Structures,0,1,21.9,1,37.5,0.0,0,1
S034,Functions,1,0,42.5,2,44.4,0.0,1,0
S034,Variables,0,0,22.6,3,40.0,100.0,0,0
S034,OOP,1,0,45.5,3,36.4,0.0,0,0
S034,Loops,0,1,25.5,1,33.3,0.0,0,0
S034,Data Structures,0,1,25.7,1,38.5,50.0,1,1
S034,Functions,0,0,45.0,3,42.9,0.0,2,0
S034,Data Structures,1,0,74.5,2,40.0,66.7,0,0
S034,Variables,0,1,16.3,1,37.5,75.0,0,2
S034,Loops,2,0,76.8,3,41.2,50.0,1,0
S034,Data Structures,0,1,28.0,1,38.9,50.0,0,1
S034,Data Structures,1,0,62.2,3,42.1,60.0,1,0
S034,Variables,0,1,18.2,1,40.0,80.0,0,2
S034,Variables,0,1,19.9,1,42.9,83.3,1,2
S034,Functions,2,0,75.3,2,45.5,0.0,2,0
S034,Functions,0,1,20.2,1,43.5,0.0,0,1
S034,Variables,1,1,30.1,1,45.8,85.7,1,2
S034,OOP,2,0,59.3,2,48.0,0.0,2,0
S034,Variables,0,1,18.1,1,46.2,87.5,0,2
S034,Loops,2,0,110.2,2,48.1,33.3,1,0
S034,Variables,0,1,21.8,1,46.4,88.9,0,2
S034,Loops,2,0,49.5,2,48.3,25.0,1,0
S034,Functions,0,1,22.1,1,46.7,20.0,0,1
S034,OOP,1,1,21.3,3,48.4,0.0,1,1
S034,Loops,1,0,28.8,1,50.0,20.0,2,0
S034,Variables,0,1,20.8,1,48.5,90.0,0,2
S034,OOP,0,0,26.4,2,50.0,20.0,1,0
S034,Loops,1,0,64.6,2,48.6,16.7,0,0
S034,Functions,0,1,18.4,1,47.2,33.3,0,1
S034,OOP,1,0,31.4,3,48.6,16.7,1,0
S034,OOP,0,1,14.1,1,47.4,14.3,0,1
S034,OOP,1,0,32.0,3,48.7,25.0,1,0
S035,Functions,1,0,43.2,3,60.0,60.0,0,0
S035,OOP,1,0,69.8,2,0.0,0.0,0,0
S035,OOP,0,0,33.8,2,0.0,0.0,0,0
S035,Data Structures,0,1,48.6,1,0.0,0.0,0,1
S035,Functions,1,0,40.7,3,25.0,0.0,1,0
S035,Loops,0,0,34.7,1,20.0,20.0,0,0
S035,Loops,0,0,51.8,2,16.7,0.0,0,0
S035,Loops,0,0,36.7,2,14.3,0.0,0,0
S035,OOP,1,0,61.5,2,12.5,0.0,0,0
S035,Loops,0,1,28.3,1,11.1,0.0,0,1
S035,Functions,1,0,40.7,2,20.0,0.0,1,0
S035,Functions,0,1,19.4,1,18.2,0.0,0,1
S035,Variables,1,0,88.8,3,25.0,25.0,1,0
S035,Loops,0,0,26.9,2,23.1,25.0,0,1
S035,Data Structures,2,0,50.8,3,21.4,100.0,0,0
S035,Variables,0,0,24.2,2,20.0,0.0,0,0
S035,Functions,0,1,28.6,1,18.8,25.0,0,1
S035,OOP,1,0,35.7,2,23.5,0.0,1,0
S035,Data Structures,0,1,26.1,1,22.2,50.0,0,1
S035,Data Structures,1,0,47.2,2,26.3,66.7,1,1
S035,OOP,1,1,44.6,1,25.0,0.0,0,1
S035,OOP,1,0,42.2,2,28.6,20.0,1,0
S035,OOP,0,0,30.7,3,27.3,16.7,0,0
S035,Variables,0,0,25.8,2,26.1,0.0,0,0
S035,Loops,0,0,56.2,1,25.0,20.0,0,0
S035,OOP,0,0,23.1,2,24.0,14.3,0,0
S035,OOP,0,1,23.4,1,23.1,12.5,0,0
S035,Data Structures,0,1,29.4,1,25.9,50.0,1,1
S035,Variables,1,0,34.7,1,28.6,0.0,2,0
S035,OOP,0,1,24.5,1,27.6,22.2,0,1
S035,Loops,1,0,107.8,3,30.0,16.7,1,0
S035,Data Structures,1,0,42.6,3,29.0,60.0,0,0
S035,Loops,0,1,42.7,1,28.1,14.3,0,1
S035,Variables,1,0,107.9,2,30.3,0.0,1,0
S035,Data Structures,0,1,20.4,1,29.4,50.0,0,1
S035,Loops,1,0,70.4,2,31.4,25.0,1,1
S035,Data Structures,2,0,94.9,2,30.6,57.1,0,0
S035,OOP,0,1,29.9,1,29.7,30.0,0,1
S035,Functions,2,0,140.3,3,31.6,40.0,1,0
S035,Loops,0,0,36.9,3,30.8,22.2,0,0
S036,OOP,1,0,52.1,2,60.0,60.0,0,0
S036,Data Structures,1,0,42.0,3,0.0,0.0,0,1
S036,OOP,1,0,55.6,3,0.0,0.0,0,0
S036,Variables,2,1,36.3,1,0.0,0.0,0,1
S036,OOP,2,0,78.6,3,25.0,0.0,1,0
S036,Loops,0,1,16.8,1,20.0,20.0,0,1
S036,Data Structures,1,0,52.5,2,33.3,0.0,1,0
S036,Variables,0,1,14.7,1,28.6,100.0,0,2
S036,Data Structures,2,0,83.8,3,37.5,0.0,1,0
S036,OOP,0,1,21.5,1,33.3,0.0,0,1
S036,Functions,2,0,68.7,1,40.0,40.0,1,0
S036,Variables,0,1,13.6,1,36.4,100.0,0,2
S036,Variables,2,0,39.9,2,41.7,100.0,1,1
S036,Functions,1,0,46.8,2,38.5,0.0,0,0
S036,OOP,1,0,46.2,3,35.7,25.0,0,0
S036,Variables,0,1,15.4,1,33.3,75.0,0,2
S036,Loops,0,1,19.7,1,37.5,100.0,1,2
S036,OOP,2,0,97.8,3,41.2,20.0,2,0
S036,Loops,0,1,13.8,1,38.9,100.0,0,2
S036,OOP,2,0,54.3,2,42.1,16.7,1,0
S036,Data Structures,0,1,20.2,1,40.0,0.0,0,1
S036,Data Structures,0,1,39.0,1,42.9,25.0,1,1
S036,OOP,1,0,56.8,2,45.5,14.3,2,0
S036,Functions,0,1,26.0,1,43.5,0.0,0,1
S036,Variables,1,1,23.2,1,45.8,80.0,1,2
S036,Loops,2,0,104.7,1,48.0,100.0,2,1
S036,Functions,1,1,35.0,1,46.2,33.3,0,0
S036,Data Structures,1,0,37.4,1,48.1,40.0,1,0
S036,Loops,0,1,16.6,1,46.4,75.0,0,2
S036,Variables,2,1,27.8,1,48.3,83.3,1,2
S036,OOP,2,0,80.7,2,50.0,12.5,2,0
S036,OOP,0,0,35.5,2,48.4,11.1,0,0
S036,Data Structures,2,0,141.3,2,46.9,33.3,0,0
S036,Data Structures,0,1,22.0,1,45.5,28.6,0,1
S036,Loops,1,0,43.4,2,47.1,80.0,1,0
S036,Variables,0,1,13.1,1,45.7,85.7,0,2
S036,Variables,1,1,20.5,1,47.2,87.5,1,2
S036,Functions,2,0,69.4,2,48.6,50.0,2,0
S036,Functions,1,1,33.8,1,47.4,40.0,0,1
S036,Functions,1,0,38.2,2,48.7,50.0,1,0
S037,Functions,1,1,35.4,2,60.0,60.0,0,1
S037,Variables,1,0,48.0,2,100.0,100.0,1,1
S037,Loops,1,1,42.1,1,50.0,50.0,0,2
S037,Loops,0,0,25.3,2,66.7,100.0,1,1
S037,Functions,2,0,101.0,3,50.0,100.0,0,0
S037,Variables,2,0,78.4,2,40.0,0.0,0,0
S037,Loops,0,1,15.5,1,33.3,50.0,0,1
S037,OOP,1,0,69.2,2,42.9,42.9,1,0
S037,Variables,0,1,21.8,1,37.5,0.0,0,1
S037,Data Structures,1,0,46.6,2,44.4,44.4,1,0
S037,OOP,0,1,21.2,1,40.0,0.0,0,1
S037,Functions,1,0,36.2,3,45.5,50.0,1,0
S037,Variables,0,1,18.1,1,41.7,33.3,0,1
S037,Loops,0,1,13.5,1,46.2,66.7,1,2
S037,Functions,2,0,70.6,3,50.0,33.3,2,0
S037,Data Structures,0,0,23.9,2,46.7,0.0,0,0
S037,OOP,0,1,14.7,1,43.8,50.0,0,1
S037,Data Structures,1,0,17.5,3,47.1,0.0,1,0
S037,Variables,0,1,19.9,1,44.4,50.0,0,1
S037,Loops,1,1,23.9,2,47.4,75.0,1,2
S037,OOP,1,1,25.3,1,50.0,66.7,2,2
S037,Functions,2,0,47.8,3,52.4,25.0,3,0
S037,Data Structures,0,1,21.0,1,50.0,0.0,0,1
S037,Functions,1,0,41.1,2,52.2,20.0,1,0
S037,Variables,0,1,31.3,1,50.0,60.0,0,1
S037,Functions,1,1,30.6,1,52.0,16.7,1,1
S037,OOP,0,1,22.7,1,53.8,75.0,2,2
S037,OOP,2,1,49.1,1,55.6,80.0,3,2
S037,OOP,2,0,126.2,2,57.1,83.3,4,0
S037,Variables,0,1,16.3,1,55.2,66.7,0,2
S037,Functions,2,0,142.5,2,56.7,28.6,1,0
S037,Loops,0,1,13.2,1,54.8,80.0,0,2
S037,Loops,2,1,44.4,1,56.2,83.3,1,2
S037,Functions,2,0,101.6,3,57.6,25.0,2,0
S037,Variables,0,0,22.1,2,55.9,71.4,0,0
S037,OOP,0,1,20.3,1,54.3,71.4,0,2
S037,Loops,2,0,89.9,3,55.6,85.7,1,0
S037,Functions,0,1,12.3,1,54.1,22.2,0,1
S037,Variables,1,0,50.6,3,55.3,62.5,1,0
S037,Functions,2,0,44.9,3,53.8,30.0,0,0
S038,Functions,1,0,32.5,2,60.0,60.0,0,0
S038,Loops,0,1,33.3,1,0.0,0.0,0,1
S038,Data Structures,1,0,38.0,2,50.0,50.0,1,0
S038,Loops,0,1,19.0,1,33.3,100.0,0,2
S038,Functions,2,0,125.5,2,50.0,0.0,1,0
S038,Variables,0,0,43.3,3,40.0,40.0,0,0
S038,Loops,2,0,86.9,3,33.3,100.0,0,0
S038,Variables,0,0,35.4,2,28.6,0.0,0,0
S038,Variables,0,1,14.8,1,25.0,0.0,0,1
S038,OOP,1,0,35.3,3,33.3,33.3,1,0
S038,Variables,1,0,56.7,3,30.0,33.3,0,0
S038,Functions,0,1,26.4,1,27.3,0.0,0,1
S038,Data Structures,2,0,153.4,3,33.3,0.0,1,0
S038,Variables,1,0,56.8,3,30.8,25.0,0,0
S038,Functions,0,0,23.4,3,28.6,33.3,0,0
S038,Variables,0,1,26.1,2,26.7,20.0,0,1
S038,Variables,1,0,72.5,3,31.2,33.3,1,0
S038,OOP,0,0,29.5,3,29.4,0.0,0,0
S038,Loops,0,0,22.9,3,27.8,66.7,0,0
S038,Functions,0,1,17.4,1,26.3,25.0,0,1
S038,Loops,1,0,90.3,2,30.0,50.0,1,0
S038,Variables,0,0,13.3,3,28.6,28.6,0,0
S038,Data Structures,0,0,29.1,3,27.3,0.0,0,0
S038,Loops,0,1,18.7,1,26.1,40.0,0,1
S038,Data Structures,1,0,63.1,2,29.2,0.0,1,0
S038,Functions,2,0,83.0,3,28.0,40.0,0,0
S038,Loops,0,0,30.9,2,26.9,50.0,0,0
S038,Data Structures,0,0,31.0,2,25.9,0.0,0,0
S038,Variables,0,1,18.3,1,25.0,25.0,0,1
S038,Functions,1,0,60.2,2,27.6,33.3,1,0
S038,OOP,0,0,51.4,3,26.7,0.0,0,0
S038,OOP,0,1,11.7,1,25.8,0.0,0,1
S038,Data Structures,1,0,62.2,2,28.1,0.0,1,0
S038,Variables,0,1,23.8,3,27.3,33.3,0,1
S038,Functions,1,0,43.1,3,29.4,28.6,1,0
S038,Variables,0,1,27.9,1,28.6,40.0,0,1
S038,Data Structures,1,1,50.6,1,30.6,0.0,1,1
S038,Loops,1,1,43.5,1,32.4,42.9,2,1
S038,OOP,1,0,47.7,2,34.2,25.0,3,0
S038,Data Structures,0,1,14.6,1,33.3,14.3,0,1
S039,Functions,1,0,48.8,3,60.0,60.0,0,0
S039,Variables,0,0,29.9,3,0.0,0.0,0,0
S039,Functions,0,0,41.7,2,0.0,0.0,0,0
S039,Variables,0,0,38.9,2,0.0,0.0,0,0
S039,Data Structures,0,0,44.0,3,0.0,0.0,0,0
S039,Loops,0,1,30.8,1,0.0,0.0,0,1
S039,Variables,0,0,35.4,3,16.7,0.0,1,1
S039,Loops,1,0,28.0,3,14.3,100.0,0,0
S039,Loops,0,0,37.2,2,12.5,50.0,0,0
S039,OOP,0,0,24.4,3,11.1,11.1,0,0
S039,Functions,0,0,30.3,3,10.0,0.0,0,0
S039,OOP,0,1,20.5,1,9.1,0.0,0,1
S039,Functions,1,0,48.3,3,16.7,0.0,1,0
S039,OOP,0,1,20.9,1,15.4,50.0,0,1
S039,Functions,1,0,60.3,3,21.4,0.0,1,0
S039,Functions,0,0,37.1,2,20.0,0.0,0,0
S039,Loops,0,1,25.4,1,18.8,33.3,0,1
S039,OOP,1,0,56.6,2,23.5,66.7,1,0
S039,OOP,0,1,48.7,1,22.2,50.0,0,1
S039,Loops,1,0,60.0,2,26.3,50.0,1,0
S039,Variables,0,0,41.5,3,25.0,0.0,0,0
S039,Variables,0,0,40.5,1,23.8,0.0,0,0
S039,Loops,0,0,25.3,2,22.7,40.0,0,0
S039,Variables,0,0,34.7,2,21.7,0.0,0,0
S039,OOP,0,1,18.2,1,20.8,60.0,0,1
S039,Variables,1,1,56.9,1,24.0,0.0,1,1
S039,Loops,1,0,50.3,3,26.9,33.3,2,0
S039,Loops,0,1,12.7,1,25.9,28.6,0,1
S039,OOP,1,1,49.3,1,28.6,66.7,1,2
S039,Functions,2,0,89.9,3,31.0,0.0,2,0
S039,OOP,0,1,30.8,1,30.0,71.4,0,1
S039,OOP,1,1,44.6,1,32.3,75.0,1,2
S039,OOP,2,0,69.8,2,34.4,77.8,2,0
S039,OOP,0,1,18.9,1,33.3,70.0,0,2
S039,Loops,2,0,93.9,2,35.3,37.5,1,0
S039,OOP,0,0,20.3,3,34.3,72.7,0,0
S039,Loops,0,1,27.7,2,33.3,33.3,0,1
S039,Variables,2,0,74.9,2,35.1,14.3,1,0
S039,OOP,0,1,29.2,1,34.2,66.7,0,1
S039,Data Structures,1,0,46.1,2,35.9,0.0,1,0
S040,Functions,1,1,20.2,1,60.0,60.0,0,2
S040,Variables,2,1,18.5,1,100.0,100.0,1,2
S040,Loops,1,0,54.7,3,100.0,100.0,2,1
S040,Data Structures,1,1,23.5,1,66.7,66.7,0,2
S040,Functions,2,0,91.6,3,75.0,100.0,1,0
S040,Variables,0,1,9.9,1,60.0,100.0,0,2
S040,Loops,2,0,97.5,3,66.7,0.0,1,0
S040,Loops,1,0,35.3,1,57.1,0.0,0,0
S040,Functions,0,1,16.7,1,50.0,50.0,0,1
S040,Data Structures,1,1,23.4,1,55.6,100.0,1,2
S040,Loops,2,0,51.9,3,60.0,0.0,2,0
S040,Variables,1,1,21.7,1,54.5,100.0,0,2
S040,Variables,2,1,48.4,1,58.3,100.0,1,2
S040,Data Structures,2,1,22.2,1,61.5,100.0,2,2
S040,OOP,2,0,59.8,2,64.3,64.3,3,0
S040,Functions,0,1,15.5,1,60.0,66.7,0,2
S040,Functions,2,1,40.4,1,62.5,75.0,1,2
S040,Loops,2,0,34.1,3,64.7,0.0,2,0
S040,Data Structures,2,1,35.4,1,61.1,100.0,0,2
S040,Variables,2,0,42.0,1,63.2,100.0,1,1
S040,OOP,1,1,19.9,2,60.0,0.0,0,1
S040,Data Structures,2,1,44.6,1,61.9,100.0,1,2
S040,Data Structures,2,0,37.0,3,63.6,100.0,2,1
S040,Variables,1,1,22.9,1,60.9,80.0,0,2
S040,OOP,0,1,11.1,1,62.5,50.0,1,2
S040,Functions,2,0,63.4,3,64.0,80.0,2,1
S040,Variables,1,1,16.4,1,61.5,83.3,0,2
S040,Functions,0,1,10.3,1,63.0,66.7,1,2
S040,Data Structures,2,1,34.4,1,64.3,83.3,2,1
S040,Loops,1,1,18.3,1,65.5,0.0,3,1
S040,Data Structures,1,1,20.1,1,66.7,85.7,4,2
S040,OOP,2,0,42.5,3,67.7,66.7,5,0
S040,Functions,0,1,23.5,1,65.6,71.4,0,2
S040,Variables,2,1,36.7,1,66.7,85.7,1,2
S040,Variables,2,1,23.7,1,67.6,87.5,2,2
S040,Variables,2,1,49.9,1,68.6,88.9,3,2
S040,Loops,2,0,68.2,3,69.4,16.7,4,0
S040,Functions,0,1,21.1,1,67.6,75.0,0,2
S040,OOP,2,1,21.6,1,68.4,50.0,1,2
S040,Variables,2,1,24.8,2,69.2,90.0,2,2
S041,Functions,1,1,14.3,1,60.0,60.0,0,2
S041,OOP,2,0,56.0,3,100.0,100.0,1,1
S041,OOP,1,0,32.8,2,50.0,0.0,0,0
S041,Loops,0,1,12.1,1,33.3,33.3,0,1
S041,Variables,1,1,27.9,1,50.0,50.0,1,2
S041,Variables,2,0,69.0,2,60.0,100.0,2,1
S041,Variables,1,0,48.5,3,50.0,50.0,0,0
S041,OOP,0,1,13.6,1,42.9,0.0,0,1
S041,Variables,1,1,22.8,1,50.0,33.3,1,1
S041,OOP,1,0,26.5,3,55.6,33.3,2,0
S041,Loops,2,1,39.3,1,50.0,100.0,0,2
S041,Variables,2,0,76.8,2,54.5,50.0,1,0
S041,Loops,2,1,35.3,1,50.0,100.0,0,2
S041,Loops,2,0,94.9,2,53.8,100.0,1,0
S041,Loops,0,1,15.3,1,50.0,75.0,0,2
S041,OOP,1,1,26.0,1,53.3,25.0,1,1
S041,Functions,1,1,28.1,1,56.2,100.0,2,2
S041,Functions,2,0,46.1,2,58.8,100.0,3,1
S041,Data Structures,2,0,51.9,2,55.6,55.6,0,0
S041,Loops,0,1,21.0,3,52.6,80.0,0,1
S041,Functions,2,0,89.2,2,55.0,66.7,1,0
S041,Loops,0,1,13.3,1,52.4,83.3,0,2
S041,Variables,2,0,54.0,2,54.5,40.0,1,0
S041,Variables,0,1,12.0,1,52.2,33.3,0,0
S041,Functions,0,1,23.4,2,54.2,50.0,1,2
S041,Loops,2,1,30.2,1,56.0,85.7,2,2
S041,Functions,2,0,53.9,3,57.7,60.0,3,0
S041,Functions,2,1,28.4,1,55.6,50.0,0,2
S041,Loops,2,1,41.6,1,57.1,87.5,1,2
S041,Functions,0,1,16.3,1,58.6,57.1,2,2
S041,OOP,2,0,60.0,3,60.0,40.0,3,0
S041,OOP,0,1,17.8,2,58.1,33.3,0,1
S041,Variables,1,0,41.2,2,59.4,42.9,1,0
S041,Loops,0,1,13.6,1,57.6,88.9,0,2
S041,Variables,2,0,45.5,3,58.8,37.5,1,0
S041,OOP,0,1,24.6,1,57.1,42.9,0,1
S041,Data Structures,1,1,31.6,1,58.3,0.0,1,1
S041,OOP,0,1,21.2,1,59.5,50.0,2,1
S041,Loops,1,1,27.8,1,60.5,90.0,3,2
S041,Functions,2,0,51.0,3,61.5,62.5,4,0
S042,Loops,1,0,59.4,3,60.0,60.0,0,0
S042,Functions,0,1,20.1,1,0.0,0.0,0,1
S042,Data Structures,1,1,38.9,1,50.0,50.0,1,2
S042,OOP,2,1,48.3,1,66.7,66.7,2,2
S042,OOP,2,0,65.2,3,75.0,100.0,3,1
S042,OOP,0,1,24.6,1,60.0,50.0,0,1
S042,Functions,1,1,45.3,2,66.7,100.0,1,2
S042,Variables,2,0,42.6,2,71.4,71.4,2,0
S042,Loops,0,1,27.7,1,62.5,0.0,0,1
S042,Data Structures,1,1,33.4,1,66.7,100.0,1,2
S042,Variables,2,0,39.3,2,70.0,0.0,2,0
S042,Functions,2,0,48.3,2,63.6,100.0,0,1
S042,OOP,1,1,22.2,1,58.3,66.7,0,2
S042,Variables,2,0,27.2,3,61.5,0.0,1,0
S042,Functions,0,1,19.1,1,57.1,66.7,0,2
S042,Functions,2,0,60.3,3,60.0,75.0,1,0
S042,OOP,1,1,26.7,1,56.2,75.0,0,2
S042,Functions,2,1,35.9,2,58.8,60.0,1,2
S042,Loops,2,0,73.4,3,61.1,50.0,2,0
S042,Functions,0,1,16.1,1,57.9,66.7,0,2
S042,Data Structures,2,0,65.7,2,60.0,100.0,1,1
S042,Data Structures,1,1,35.6,1,57.1,66.7,0,2
S042,Loops,2,0,69.9,3,59.1,33.3,1,0
S042,Data Structures,0,1,13.8,1,56.5,75.0,0,1
S042,OOP,1,1,34.5,1,58.3,80.0,1,2
S042,OOP,2,0,94.8,2,60.0,83.3,2,0
S042,Loops,0,1,18.7,1,57.7,25.0,0,1
S042,OOP,1,0,49.8,3,59.3,71.4,1,0
S042,OOP,0,1,13.5,1,57.1,62.5,0,2
S042,Functions,2,0,50.4,2,58.6,71.4,1,1
S042,Loops,2,0,93.5,2,56.7,40.0,0,0
S042,OOP,0,1,15.4,1,54.8,66.7,0,2
S042,Functions,0,0,23.7,3,56.2,62.5,1,0
S042,Loops,0,1,21.4,1,54.5,33.3,0,1
S042,Loops,1,1,52.0,1,55.9,42.9,1,1
S042,Variables,1,1,24.7,1,57.1,0.0,2,1
S042,Functions,1,1,40.3,1,58.3,55.6,3,2
S042,Loops,2,1,58.9,1,59.5,50.0,4,2
S042,Loops,2,1,45.2,1,60.5,55.6,5,2
S042,OOP,2,0,117.9,2,61.5,70.0,6,0
S043,OOP,1,0,62.3,2,60.0,60.0,0,0
S043,Functions,0,0,53.0,2,0.0,0.0,0,0
S043,OOP,0,0,48.1,3,0.0,0.0,0,0
S043,Loops,0,0,33.3,3,0.0,0.0,0,0
S043,Data Structures,0,1,35.2,1,0.0,0.0,0,1
S043,Variables,1,0,66.1,3,20.0,20.0,1,0
S043,Loops,0,1,28.5,1,16.7,0.0,0,1
S043,Loops,1,0,42.4,2,28.6,50.0,1,0
S043,Functions,0,0,31.2,3,25.0,0.0,0,0
S043,Data Structures,1,0,44.6,2,22.2,100.0,0,0
S043,Data Structures,0,0,34.5,2,20.0,50.0,0,1
S043,Variables,1,0,92.2,2,18.2,0.0,0,0
S043,Loops,2,0,105.6,2,16.7,33.3,0,0
S043,Data Structures,0,0,20.8,3,15.4,33.3,0,0
S043,OOP,0,1,27.2,1,14.3,0.0,0,1
S043,Data Structures,1,0,33.0,2,20.0,25.0,1,0
S043,Variables,0,0,34.1,2,18.8,0.0,0,0
S043,Data Structures,0,1,27.6,1,17.6,20.0,0,1
S043,Variables,2,0,170.3,2,22.2,0.0,1,0
S043,OOP,1,0,65.8,3,21.1,33.3,0,0
S043,Loops,0,0,29.2,2,20.0,25.0,0,0
S043,Loops,0,0,37.5,2,19.0,20.0,0,0
S043,Loops,0,0,20.2,3,18.2,16.7,0,0
S043,Loops,0,0,60.2,3,17.4,14.3,0,0
S043,OOP,0,1,16.2,1,16.7,25.0,0,0
S043,OOP,0,1,25.4,1,20.0,40.0,1,2
S043,Variables,2,0,83.8,3,23.1,0.0,2,0
S043,Variables,0,0,24.6,2,22.2,0.0,0,0
S043,Loops,0,0,54.0,2,21.4,12.5,0,0
S043,Data Structures,2,0,132.0,3,20.7,33.3,0,1
S043,Loops,1,0,61.2,3,20.0,11.1,0,0
S043,Functions,0,0,40.1,3,19.4,0.0,0,0
S043,Loops,0,0,29.2,3,18.8,10.0,0,0
S043,OOP,0,1,23.8,1,18.2,50.0,0,1
S043,OOP,1,0,70.9,1,20.6,57.1,1,0
S043,Loops,0,0,41.6,2,20.0,9.1,0,0
S043,OOP,0,0,45.1,3,19.4,50.0,0,0
S043,Loops,0,1,25.8,1,18.9,8.3,0,1
S043,Loops,1,0,61.2,2,21.1,15.4,1,0
S043,Loops,0,0,32.2,3,20.5,14.3,0,0
S044,Variables,1,1,33.5,1,60.0,60.0,0,2
S044,Variables,2,0,61.6,3,100.0,100.0,1,1
S044,Variables,1,0,48.1,3,50.0,50.0,0,0
S044,OOP,0,1,18.9,1,33.3,33.3,0,0
S044,OOP,0,1,16.4,1,50.0,100.0,1,2
S044,Loops,2,1,30.6,1,60.0,60.0,2,2
S044,Variables,2,0,47.6,3,66.7,33.3,3,0
S044,Functions,0,1,22.6,1,57.1,57.1,0,2
S044,Data Structures,2,0,45.2,3,62.5,62.5,1,0
S044,Variables,0,1,8.4,1,55.6,25.0,0,1
S044,Data Structures,1,1,37.9,1,60.0,0.0,1,1
S044,Functions,1,0,27.4,1,63.6,100.0,2,1
S044,OOP,1,1,42.4,2,58.3,100.0,0,2
S044,OOP,2,0,49.7,3,61.5,100.0,1,2
S044,Functions,2,0,71.9,2,57.1,50.0,0,0
S044,Loops,1,1,24.9,3,53.3,100.0,0,2
S044,Functions,0,1,13.6,1,56.2,33.3,1,1
S044,OOP,1,0,28.8,3,58.8,75.0,2,0
S044,Loops,0,1,9.2,1,55.6,100.0,0,2
S044,Functions,2,0,67.0,2,57.9,50.0,1,0
S044,OOP,2,1,44.0,1,55.0,60.0,0,2
S044,OOP,2,0,56.0,2,57.1,66.7,1,0
S044,Variables,0,1,25.1,1,54.5,40.0,0,1
S044,Loops,1,1,27.6,1,56.5,100.0,1,2
S044,Variables,2,1,46.8,1,58.3,50.0,2,2
S044,OOP,2,0,101.3,1,60.0,57.1,3,0
S044,Loops,0,1,14.4,1,57.7,100.0,0,2
S044,Loops,2,1,29.1,1,59.3,100.0,1,2
S044,Functions,0,1,11.3,1,60.7,40.0,2,1
S044,Loops,1,0,29.6,2,62.1,100.0,3,1
S044,Data Structures,1,1,30.6,1,60.0,50.0,0,2
S044,Functions,2,0,49.3,2,61.3,50.0,1,0
S044,Variables,0,1,23.4,1,59.4,57.1,0,2
S044,Loops,2,1,48.7,2,60.6,85.7,1,2
S044,Functions,2,0,57.6,2,61.8,42.9,2,0
S044,OOP,2,0,74.3,2,60.0,50.0,0,0
S044,Functions,0,1,21.1,1,58.3,37.5,0,1
S044,Loops,1,1,18.1,1,59.5,87.5,1,2
S044,Loops,2,1,52.9,1,60.5,88.9,2,2
S044,Variables,0,1,17.0,1,61.5,62.5,3,2
S045,Loops,1,0,81.8,3,60.0,60.0,0,0
S045,Loops,0,1,23.2,1,0.0,0.0,0,1
S045,Loops,2,0,83.8,1,50.0,50.0,1,0
S045,Functions,0,1,30.0,1,33.3,33.3,0,1
S045,Functions,2,0,70.6,3,50.0,100.0,1,0
S045,Data Structures,0,1,29.7,1,40.0,40.0,0,1
S045,Variables,1,0,57.6,2,50.0,50.0,1,0
S045,Loops,1,0,116.9,2,42.9,33.3,0,0
S045,Variables,0,0,42.1,3,37.5,0.0,0,0
S045,OOP,0,1,28.3,2,33.3,33.3,0,1
S045,Variables,2,0,131.7,2,40.0,0.0,1,0
S045,Loops,0,0,24.7,2,36.4,25.0,0,0
S045,Functions,1,0,47.8,3,33.3,50.0,0,0
S045,Variables,0,0,33.8,3,30.8,0.0,0,0
S045,Loops,0,1,32.9,1,28.6,20.0,0,1
S045,OOP,1,0,48.0,2,33.3,100.0,1,0
S045,Data Structures,0,1,37.3,1,31.2,100.0,0,2
S045,Loops,0,1,24.5,1,35.3,33.3,1,1
S045,Variables,1,0,52.4,3,38.9,0.0,2,0
S045,Variables,0,0,25.5,3,36.8,0.0,0,0
S045,Loops,0,1,18.1,1,35.0,42.9,0,1
S045,Data Structures,1,0,52.4,3,38.1,100.0,1,0
S045,Variables,0,0,23.9,3,36.4,0.0,0,0
S045,Functions,0,0,20.3,1,34.8,33.3,0,0
S045,Data Structures,0,0,24.3,3,33.3,66.7,0,0
S045,Variables,0,0,61.7,3,32.0,0.0,0,1
S045,Data Structures,0,1,23.8,1,30.8,50.0,0,1
S045,Loops,0,0,39.7,3,33.3,50.0,1,0
S045,Loops,0,0,28.7,3,32.1,44.4,0,0
S045,Loops,1,0,43.8,3,31.0,40.0,0,0
S045,Variables,2,0,68.9,3,30.0,0.0,0,0
S045,OOP,0,0,48.1,2,29.0,50.0,0,0
S045,Variables,0,0,44.2,2,28.1,0.0,0,0
S045,Loops,0,1,22.7,1,27.3,36.4,0,1
S045,Loops,1,0,46.3,3,29.4,41.7,1,0
S045,Variables,0,1,31.5,1,28.6,0.0,0,1
S045,Data Structures,1,0,48.4,1,30.6,60.0,1,0
S045,Data Structures,0,1,24.8,1,29.7,50.0,0,1
S045,Data Structures,1,0,50.1,3,31.6,57.1,1,0
S045,Variables,2,0,75.4,3,30.8,9.1,0,0
S046,Variables,1,1,19.8,1,60.0,60.0,0,2
S046,Data Structures,2,0,37.6,2,100.0,100.0,1,1
S046,Functions,1,1,23.6,1,50.0,50.0,0,2
S046,OOP,2,0,37.1,3,66.7,66.7,1,0
S046,Variables,0,1,17.8,1,50.0,100.0,0,2
S046,Functions,2,1,27.8,1,60.0,100.0,1,2
S046,Loops,2,1,22.1,1,66.7,66.7,2,2
S046,Variables,2,0,61.8,2,71.4,100.0,3,1
S046,Data Structures,1,1,16.1,1,62.5,0.0,0,1
S046,Variables,1,1,40.2,1,66.7,66.7,1,2
S046,Loops,2,0,41.4,3,70.0,100.0,2,1
S046,Loops,1,1,19.5,1,63.6,50.0,0,2
S046,Variables,1,1,15.7,1,66.7,75.0,1,2
S046,Variables,2,0,59.2,2,69.2,80.0,2,0
S046,OOP,0,1,20.4,1,64.3,0.0,0,1
S046,Data Structures,1,1,19.1,1,66.7,50.0,1,2
S046,OOP,0,1,15.3,1,68.8,50.0,2,2
S046,Variables,1,1,24.7,1,70.6,66.7,3,2
S046,Loops,0,1,8.2,1,72.2,66.7,4,1
S046,OOP,1,1,26.8,1,73.7,66.7,5,2
S046,Loops,2,1,30.8,1,75.0,75.0,6,2
S046,Functions,2,1,26.1,1,76.2,100.0,7,2
S046,OOP,2,0,46.3,3,77.3,75.0,8,0
S046,Data Structures,0,1,17.5,1,73.9,66.7,0,2
S046,OOP,2,0,59.5,3,75.0,60.0,1,0
S046,Variables,0,1,8.3,1,72.0,71.4,0,2
S046,Loops,2,1,26.5,1,73.1,80.0,1,2
S046,Variables,2,0,55.8,3,74.1,75.0,2,0
S046,Functions,1,1,26.1,1,71.4,100.0,0,2
S046,OOP,2,0,40.5,3,72.4,50.0,1,0
S046,OOP,0,1,9.0,2,70.0,42.9,0,1
S046,Functions,1,1,30.0,1,71.0,100.0,1,2
S046,Functions,2,1,33.7,1,71.9,100.0,2,2
S046,OOP,2,0,47.1,2,72.7,50.0,3,0
S046,Functions,0,1,11.3,1,70.6,100.0,0,2
S046,Data Structures,2,1,50.0,1,71.4,75.0,1,2
S046,OOP,2,0,77.4,2,72.2,44.4,2,0
S046,Variables,2,0,44.8,2,70.3,66.7,0,0
S046,Data Structures,0,1,13.4,1,68.4,80.0,0,2
S046,Variables,2,0,46.9,2,69.2,60.0,1,0
S047,Data Structures,1,0,54.7,3,60.0,60.0,0,0
S047,Loops,0,1,19.5,1,0.0,0.0,0,1
S047,Loops,1,0,52.3,2,50.0,100.0,1,0
S047,Variables,0,0,17.7,2,33.3,33.3,0,0
S047,Functions,0,1,23.0,1,25.0,25.0,0,1
S047,OOP,1,0,62.4,3,40.0,40.0,1,0
S047,Variables,0,1,23.1,1,33.3,0.0,0,1
S047,Variables,1,1,30.6,1,42.9,50.0,1,2
S047,Data Structures,2,0,85.4,2,50.0,0.0,2,0
S047,Loops,0,1,13.9,1,44.4,50.0,0,1
S047,Functions,1,1,21.0,1,50.0,100.0,1,2
S047,OOP,2,0,89.4,2,54.5,0.0,2,0
S047,Variables,0,0,24.4,2,50.0,66.7,0,0
S047,OOP,0,0,26.3,3,46.2,0.0,0,0
S047,Functions,0,1,23.1,1,42.9,100.0,0,2
S047,Functions,2,0,62.5,3,46.7,100.0,1,0
S047,Loops,0,1,16.8,1,43.8,66.7,0,2
S047,Variables,2,0,83.5,2,47.1,50.0,1,0
S047,Functions,0,1,26.1,1,44.4,75.0,0,2
S047,Data Structures,2,0,91.4,2,47.4,0.0,1,0
S047,Functions,0,1,14.7,1,45.0,80.0,0,2
S047,Data Structures,2,0,100.6,2,47.6,0.0,1,0
S047,OOP,2,0,95.2,2,45.5,0.0,0,0
S047,Variables,0,1,16.2,1,43.5,40.0,0,1
S047,Data Structures,0,1,17.9,1,45.8,0.0,1,1
S047,Functions,1,1,31.5,1,48.0,83.3,2,2
S047,OOP,2,0,99.8,2,50.0,0.0,3,0
S047,Functions,1,0,39.7,2,48.1,85.7,0,0
S047,Data Structures,0,1,21.9,1,46.4,20.0,0,1
S047,Variables,1,0,38.0,2,48.3,50.0,1,0
S047,Loops,2,0,85.0,2,46.7,75.0,0,0
S047,Variables,0,1,16.1,1,45.2,42.9,0,2
S047,Data Structures,2,0,137.4,2,46.9,33.3,1,0
S047,Variables,0,1,22.7,1,45.5,50.0,0,1
S047,Functions,1,1,37.5,1,47.1,75.0,1,2
S047,Variables,2,0,52.8,2,48.6,55.6,2,0
S047,Functions,0,1,27.6,1,47.2,77.8,0,2
S047,Data Structures,2,0,99.8,2,48.6,28.6,1,0
S047,Functions,1,0,55.4,3,47.4,80.0,0,0
S047,Functions,1,0,33.4,2,46.2,72.7,0,0
S048,OOP,1,0,48.6,2,60.0,60.0,0,0
S048,OOP,0,1,42.3,1,0.0,0.0,0,1
S048,Data Structures,1,0,38.9,2,50.0,50.0,1,0
S048,Variables,1,1,28.4,1,33.3,33.3,0,2
S048,Functions,0,0,37.5,3,50.0,50.0,1,0
S048,Data Structures,2,0,38.0,2,40.0,0.0,0,0
S048,Functions,0,1,16.8,1,33.3,0.0,0,1
S048,OOP,0,1,22.3,1,42.9,50.0,1,1
S048,Variables,2,1,36.8,2,50.0,100.0,2,2
S048,Data Structures,2,0,84.9,2,55.6,0.0,3,0
S048,Loops,0,1,20.3,1,50.0,50.0,0,1
S048,Variables,2,1,30.9,1,54.5,100.0,1,2
S048,OOP,2,0,78.9,2,58.3,66.7,2,0
S048,Data Structures,0,1,21.4,1,53.8,0.0,0,1
S048,Variables,1,0,41.7,2,57.1,100.0,1,1
S048,Functions,0,0,33.0,2,53.3,50.0,0,0
S048,OOP,0,1,22.4,1,50.0,50.0,0,1
S048,Functions,0,1,27.7,1,52.9,33.3,1,1
S048,OOP,1,0,45.4,3,55.6,60.0,2,0
S048,Variables,0,1,13.3,1,52.6,75.0,0,2
S048,Data Structures,2,0,60.1,3,55.0,25.0,1,0
S048,Data Structures,0,1,25.1,1,52.4,20.0,0,1
S048,Functions,1,1,27.4,1,54.5,50.0,1,2
S048,OOP,2,0,107.7,3,56.5,50.0,2,0
S048,Data Structures,0,1,23.8,1,54.2,33.3,0,1
S048,Functions,1,0,35.0,3,56.0,60.0,1,0
S048,Variables,0,1,18.7,1,53.8,80.0,0,2
S048,Loops,2,0,60.6,2,55.6,100.0,1,1
S048,OOP,1,0,36.1,3,53.6,42.9,0,0
S048,Data Structures,0,1,28.8,1,51.7,42.9,0,1
S048,Loops,1,0,59.2,2,53.3,50.0,1,0
S048,Data Structures,0,1,13.0,1,51.6,50.0,0,2
S048,Data Structures,2,0,37.9,3,53.1,55.6,1,0
S048,Data Structures,0,0,36.5,1,51.5,50.0,0,0
S048,Data Structures,0,0,37.2,3,50.0,45.5,0,0
S048,Functions,0,1,26.2,1,48.6,50.0,0,1
S048,Variables,1,1,26.9,1,50.0,83.3,1,2
S048,Functions,2,0,78.9,3,51.4,57.1,2,0
S048,Data Structures,0,1,15.4,1,50.0,41.7,0,0
S048,OOP,0,0,37.4,2,51.3,37.5,1,0
S049,Loops,1,0,77.2,2,60.0,60.0,0,0
S049,Data Structures,0,1,21.7,1,0.0,0.0,0,1
S049,Loops,1,0,80.7,2,50.0,0.0,1,0
S049,Data Structures,0,1,20.2,1,33.3,100.0,0,2
S049,Functions,1,0,30.0,3,50.0,50.0,1,0
S049,Functions,0,1,20.5,1,40.0,0.0,0,1
S049,OOP,1,0,34.8,2,50.0,50.0,1,0
S049,Functions,0,1,15.3,1,42.9,50.0,0,1
S049,Loops,1,1,63.0,1,50.0,0.0,1,1
S049,OOP,1,0,43.3,2,55.6,0.0,2,0
S049,OOP,0,1,21.3,3,50.0,0.0,0,1
S049,OOP,1,1,27.1,1,54.5,33.3,1,0
S049,Functions,0,1,11.8,1,58.3,66.7,2,2
S049,OOP,2,0,61.8,3,61.5,50.0,3,0
S049,Data Structures,0,1,20.4,1,57.1,100.0,0,2
S049,Loops,2,0,48.7,3,60.0,33.3,1,0
S049,Data Structures,0,1,18.6,2,56.2,100.0,0,2
S049,Loops,0,0,42.3,3,58.8,25.0,1,0
S049,Functions,0,1,20.9,1,55.6,75.0,0,2
S049,Loops,2,0,104.2,3,57.9,20.0,1,0
S049,Data Structures,0,0,29.8,3,55.0,100.0,0,0
S049,OOP,0,1,18.8,1,52.4,40.0,0,1
S049,Loops,1,0,43.1,2,54.5,16.7,1,0
S049,OOP,0,1,12.9,3,52.2,50.0,0,1
S049,OOP,0,1,23.6,1,54.2,57.1,1,1
S049,Variables,1,0,52.3,2,56.0,56.0,2,0
S049,Functions,0,1,17.7,1,53.8,80.0,0,2
S049,Data Structures,2,0,52.5,3,55.6,80.0,1,0
S049,OOP,0,1,32.9,2,53.6,62.5,0,2
S049,OOP,2,0,70.5,2,55.2,66.7,1,0
S049,Loops,0,0,27.2,3,53.3,14.3,0,0
S049,OOP,0,1,14.1,1,51.6,60.0,0,2
S049,OOP,2,0,47.8,3,53.1,63.6,1,0
S049,Loops,0,1,31.4,1,51.5,12.5,0,1
S049,Data Structures,1,1,47.3,1,52.9,66.7,1,2
S049,Loops,1,1,40.4,1,54.3,22.2,2,1
S049,OOP,1,1,35.9,2,55.6,58.3,3,1
S049,Data Structures,1,0,50.1,3,56.8,71.4,4,0
S049,Functions,0,1,25.2,1,55.3,83.3,0,2
S049,OOP,2,0,75.0,2,56.4,61.5,1,0
S050,Loops,1,0,25.8,2,60.0,60.0,0,0
S050,Loops,0,1,13.7,1,0.0,0.0,0,1
S050,Loops,2,0,52.4,3,50.0,50.0,1,0
S050,Data Structures,2,0,113.1,2,33.3,33.3,0,0
S050,Data Structures,0,1,17.1,1,25.0,0.0,0,1
S050,Functions,1,1,22.8,1,40.0,40.0,1,2
S050,OOP,2,1,9.7,1,50.0,50.0,2,2
S050,OOP,0,1,14.3,1,57.1,100.0,3,2
S050,Data Structures,2,1,43.2,2,62.5,50.0,4,2
S050,Functions,2,1,63.7,1,66.7,100.0,5,2
S050,Loops,0,1,16.6,1,70.0,33.3,6,1
S050,Data Structures,1,1,15.0,2,72.7,66.7,7,2
S050,Data Structures,2,1,26.4,1,75.0,75.0,8,2
S050,OOP,2,0,57.4,3,76.9,100.0,9,1
S050,OOP,1,1,25.0,1,71.4,66.7,0,2
S050,Variables,2,0,54.7,3,73.3,73.3,1,0
S050,Loops,0,1,18.1,1,68.8,50.0,0,2
S050,Variables,2,0,41.9,2,70.6,0.0,1,0
S050,Variables,0,1,9.9,2,66.7,0.0,0,1
S050,Variables,2,1,48.1,1,68.4,33.3,1,2
S050,Data Structures,2,1,77.5,1,70.0,80.0,2,2
S050,Functions,2,0,120.0,2,71.4,100.0,3,0
S050,Loops,0,1,16.9,1,68.2,60.0,0,2
S050,Data Structures,2,0,64.8,3,69.6,83.3,1,0
S050,Data Structures,0,1,8.1,2,66.7,71.4,0,2
S050,Functions,2,0,100.3,2,68.0,66.7,1,0
S050,Data Structures,1,1,49.1,1,65.4,75.0,0,2
S050,Data Structures,2,0,77.4,3,66.7,77.8,1,0
S050,Loops,0,1,11.6,2,64.3,66.7,0,2
S050,Variables,2,1,65.8,1,65.5,50.0,1,2
S050,Functions,2,0,64.0,3,66.7,50.0,2,0
S050,Variables,0,1,11.7,1,64.5,60.0,0,2
S050,Data Structures,2,0,73.9,3,65.6,70.0,1,0
S050,Data Structures,0,1,13.0,1,63.6,63.6,0,2
S050,Loops,2,0,50.4,3,64.7,71.4,1,0
S050,Data Structures,1,1,18.5,1,62.9,66.7,0,2
S050,Functions,2,0,72.8,2,63.9,40.0,1,0
S050,Functions,2,0,38.9,3,62.2,33.3,0,0
S050,Loops,0,1,10.9,2,60.5,62.5,0,1
S050,Loops,1,0,31.7,2,61.5,66.7,1,0
S051,Functions,1,1,24.1,1,60.0,60.0,0,2
S051,Functions,2,1,25.7,1,100.0,100.0,1,2
S051,Variables,2,0,44.3,3,100.0,100.0,2,1
S051,Data Structures,0,1,7.4,1,66.7,66.7,0,2
S051,Data Structures,2,1,26.7,1,75.0,100.0,1,2
S051,Data Structures,2,1,19.0,1,80.0,100.0,2,2
S051,Functions,2,0,57.3,1,83.3,100.0,3,1
S051,Variables,1,1,33.1,1,71.4,0.0,0,1
S051,Loops,2,1,36.3,1,75.0,75.0,1,2
S051,Data Structures,2,0,46.3,3,77.8,100.0,2,2
S051,Data Structures,2,0,41.3,2,70.0,75.0,0,0
S051,Functions,0,1,12.6,2,63.6,66.7,0,2
S051,Functions,2,0,48.7,2,66.7,75.0,1,0
S051,Loops,0,1,11.2,1,61.5,100.0,0,2
S051,OOP,2,1,30.1,1,64.3,64.3,1,2
S051,Functions,2,0,46.5,2,66.7,60.0,2,0
S051,Variables,0,1,10.5,1,62.5,50.0,0,2
S051,Loops,2,1,30.5,1,64.7,100.0,1,2
S051,Data Structures,2,1,21.5,1,66.7,60.0,2,2
S051,Loops,1,1,18.6,1,68.4,100.0,3,2
S051,Functions,1,1,31.9,1,70.0,50.0,4,2
S051,OOP,2,0,44.1,3,71.4,100.0,5,1
S051,Variables,1,1,20.2,1,68.2,66.7,0,2
S051,Data Structures,0,1,7.6,1,69.6,66.7,1,2
S051,OOP,2,0,40.6,3,70.8,50.0,2,0
S051,OOP,0,1,11.5,1,68.0,33.3,0,1
S051,Variables,1,1,17.5,3,69.2,75.0,1,2
S051,Variables,2,1,45.5,1,70.4,80.0,2,2
S051,Data Structures,2,1,32.1,1,71.4,71.4,3,2
S051,Data Structures,2,1,21.4,3,72.4,75.0,4,2
S051,Variables,2,1,23.8,1,73.3,83.3,5,2
S051,Data Structures,2,1,31.2,1,74.2,77.8,6,2
S051,OOP,2,0,43.4,2,75.0,50.0,7,1
S051,Data Structures,1,1,24.7,1,72.7,80.0,0,2
S051,OOP,2,1,53.6,1,73.5,40.0,1,2
S051,Data Structures,2,1,44.3,1,74.3,81.8,2,2
S051,Functions,2,0,86.9,2,75.0,57.1,3,0
S051,OOP,0,1,15.7,1,73.0,50.0,0,2
S051,Variables,2,1,42.5,1,73.7,85.7,1,2
S051,Loops,2,1,26.8,1,74.4,100.0,2,2
S052,Variables,1,1,28.1,1,60.0,60.0,0,2
S052,Loops,2,1,44.0,1,100.0,100.0,1,2
S052,Variables,2,0,40.3,2,100.0,100.0,2,1
S052,Functions,1,1,17.9,1,66.7,66.7,0,2
S052,Data Structures,2,0,29.5,2,75.0,75.0,1,1
S052,OOP,1,1,25.0,1,60.0,60.0,0,2
S052,Data Structures,2,0,46.7,2,66.7,0.0,1,0
S052,Functions,0,1,18.9,1,57.1,100.0,0,2
S052,Functions,2,1,45.6,1,62.5,100.0,1,2
S052,OOP,2,0,27.1,3,66.7,100.0,2,0
S052,Loops,0,1,12.5,1,60.0,100.0,0,2
S052,Functions,2,1,61.4,1,63.6,100.0,1,2
S052,Functions,2,1,51.5,1,66.7,100.0,2,2
S052,Data Structures,2,0,54.6,2,69.2,0.0,3,0
S052,Loops,0,1,20.1,1,64.3,100.0,0,2
S052,Loops,2,0,41.6,2,66.7,100.0,1,0
S052,OOP,0,1,10.5,1,62.5,50.0,0,2
S052,Data Structures,2,0,48.5,2,64.7,0.0,1,0
S052,Data Structures,2,1,55.2,1,61.1,0.0,0,1
S052,OOP,1,1,26.6,1,63.2,66.7,1,2
S052,Data Structures,2,0,62.5,3,65.0,20.0,2,0
S052,Functions,1,0,28.9,2,61.9,100.0,0,0
S052,Data Structures,0,0,25.7,2,59.1,16.7,0,0
S052,Functions,0,1,11.9,1,56.5,83.3,0,2
S052,Data Structures,2,0,85.8,3,58.3,14.3,1,0
S052,OOP,0,1,16.7,1,56.0,75.0,0,2
S052,Functions,2,0,27.5,3,57.7,85.7,1,1
S052,Data Structures,1,1,21.4,1,55.6,12.5,0,1
S052,Variables,1,1,21.3,1,57.1,50.0,1,2
S052,Loops,2,0,40.8,2,58.6,75.0,2,0
S052,Data Structures,0,1,10.9,1,56.7,22.2,0,1
S052,Loops,1,0,39.3,2,58.1,60.0,1,0
S052,Functions,0,1,10.7,1,56.2,75.0,0,2
S052,Data Structures,2,0,63.6,2,57.6,30.0,1,0
S052,Variables,0,1,12.3,1,55.9,66.7,0,2
S052,Variables,2,1,36.2,1,57.1,75.0,1,2
S052,Variables,2,0,24.1,2,58.3,80.0,2,1
S052,OOP,1,1,21.5,1,56.8,80.0,0,2
S052,Data Structures,2,0,101.3,3,57.9,27.3,1,0
S052,Variables,0,1,11.4,1,56.4,66.7,0,2
S053,Variables,1,1,29.8,1,60.0,60.0,0,2
S053,Loops,2,0,90.4,2,100.0,100.0,1,1
S053,OOP,1,1,35.0,1,50.0,50.0,0,2
S053,Functions,2,0,74.1,2,66.7,66.7,1,0
S053,Loops,0,1,16.0,1,50.0,0.0,0,1
S053,Loops,1,1,52.6,1,60.0,50.0,1,1
S053,Functions,1,1,25.5,1,66.7,0.0,2,1
S053,Variables,2,0,75.1,1,71.4,100.0,3,1
S053,Functions,1,0,53.0,3,62.5,50.0,0,0
S053,OOP,0,1,13.7,1,55.6,100.0,0,2
S053,OOP,2,1,73.7,1,60.0,100.0,1,2
S053,Variables,2,0,78.6,3,63.6,50.0,2,0
S053,Data Structures,0,1,23.9,1,58.3,58.3,0,2
S053,Variables,2,0,66.5,3,61.5,33.3,1,0
S053,Loops,1,0,38.4,2,57.1,66.7,0,0
S053,OOP,0,0,24.0,1,53.3,100.0,0,1
S053,Functions,1,0,40.3,3,50.0,33.3,0,0
S053,Variables,0,1,22.7,3,47.1,25.0,0,1
S053,OOP,1,0,55.3,3,50.0,75.0,1,0
S053,Functions,0,1,28.2,1,47.4,25.0,0,1
S053,Variables,1,1,35.5,2,50.0,40.0,1,1
S053,Data Structures,0,1,12.8,1,52.4,100.0,2,2
S053,Variables,2,0,111.4,3,54.5,50.0,3,0
S053,Functions,0,1,18.8,1,52.2,40.0,0,0
S053,OOP,0,0,24.0,3,54.2,60.0,1,0
S053,Functions,0,1,18.5,1,52.0,50.0,0,1
S053,Variables,0,1,21.0,1,53.8,42.9,1,1
S053,Loops,2,0,85.5,2,55.6,50.0,2,0
S053,Functions,0,1,30.2,1,53.6,57.1,0,1
S053,OOP,1,0,37.8,3,55.2,50.0,1,0
S053,Variables,0,0,22.2,3,53.3,50.0,0,0
S053,Loops,0,1,18.7,1,51.6,40.0,0,1
S053,Loops,1,0,54.2,2,53.1,50.0,1,0
S053,Data Structures,0,1,14.1,1,51.5,100.0,0,2
S053,Loops,1,1,30.7,1,52.9,42.9,1,2
S053,Functions,0,1,18.6,1,54.3,62.5,2,2
S053,Functions,2,0,65.2,3,55.6,66.7,3,0
S053,Functions,0,1,12.1,1,54.1,60.0,0,2
S053,Data Structures,2,0,69.5,3,55.3,100.0,1,0
S053,Data Structures,0,1,21.7,2,53.8,75.0,0,1
S054,Data Structures,1,1,24.4,1,60.0,60.0,0,2
S054,OOP,2,0,57.1,1,100.0,100.0,1,1
S054,OOP,1,1,18.7,1,50.0,0.0,0,1
S054,Loops,1,1,21.2,1,66.7,66.7,1,2
S054,Loops,2,0,80.4,2,75.0,100.0,2,1
S054,Loops,1,1,15.7,1,60.0,50.0,0,2
S054,Loops,0,1,14.5,1,66.7,66.7,1,2
S054,Data Structures,2,0,61.6,3,71.4,100.0,2,1
S054,OOP,0,1,18.6,1,62.5,50.0,0,2
S054,OOP,2,0,123.2,1,66.7,66.7,1,0
S054,Functions,0,1,14.3,2,60.0,60.0,0,1
S054,Functions,1,0,57.9,2,63.6,100.0,1,0
S054,Variables,0,1,9.5,1,58.3,58.3,0,2
S054,Variables,2,1,32.6,1,61.5,100.0,1,2
S054,Data Structures,2,0,65.7,3,64.3,50.0,2,0
S054,OOP,0,1,17.7,1,60.0,50.0,0,2
S054,Loops,2,0,58.2,2,62.5,75.0,1,0
S054,OOP,0,1,15.0,1,58.8,60.0,0,2
S054,Variables,1,1,15.8,1,61.1,100.0,1,2
S054,Variables,2,1,36.7,1,63.2,100.0,2,2
S054,Variables,0,1,10.1,1,65.0,100.0,3,2
S054,OOP,2,0,67.8,3,66.7,66.7,4,0
S054,Variables,0,1,12.4,1,63.6,100.0,0,2
S054,Data Structures,2,0,34.7,2,65.2,33.3,1,0
S054,Loops,0,1,15.8,1,62.5,60.0,0,2
S054,Functions,2,0,108.6,3,64.0,50.0,1,0
S054,Loops,0,1,17.7,1,61.5,66.7,0,2
S054,Data Structures,2,1,29.5,1,63.0,25.0,1,2
S054,Functions,0,1,13.2,1,64.3,33.3,2,1
S054,Data Structures,1,1,23.9,1,65.5,40.0,3,2
S054,Functions,1,0,58.6,3,66.7,50.0,4,0
S054,OOP,0,1,14.8,1,64.5,57.1,0,2
S054,Functions,2,0,49.8,2,65.6,40.0,1,0
S054,Data Structures,0,1,17.9,1,63.6,50.0,0,2
S054,Loops,2,0,44.9,2,64.7,71.4,1,0
S054,Functions,0,1,21.4,1,62.9,33.3,0,1
S054,OOP,1,0,32.6,3,63.9,62.5,1,0
S054,Variables,0,1,15.4,1,62.2,100.0,0,1
S054,Variables,1,1,23.7,1,63.2,100.0,1,2
S054,Functions,2,0,56.7,3,64.1,42.9,2,0
S055,Variables,1,1,35.0,1,60.0,60.0,0,2
S055,Loops,2,0,60.3,2,100.0,100.0,1,2
S055,Functions,2,0,100.9,2,50.0,50.0,0,0
S055,Variables,0,1,12.9,1,33.3,100.0,0,2
S055,Variables,2,0,95.9,2,50.0,100.0,1,0
S055,Loops,0,1,18.2,1,40.0,0.0,0,1
S055,Variables,1,1,25.3,1,50.0,66.7,1,2
S055,Data Structures,2,0,99.5,2,57.1,57.1,2,0
S055,Loops,0,0,34.4,3,50.0,50.0,0,1
S055,Data Structures,1,0,41.4,2,44.4,0.0,0,0
S055,Variables,0,1,20.1,1,40.0,75.0,0,2
S055,Data Structures,2,0,174.2,2,45.5,0.0,1,0
S055,OOP,0,1,16.6,1,41.7,41.7,0,1
S055,OOP,1,0,34.0,2,46.2,100.0,1,1
S055,Functions,1,0,52.0,3,42.9,0.0,0,0
S055,Loops,0,1,26.8,1,40.0,33.3,0,1
S055,Variables,1,1,21.3,1,43.8,80.0,1,2
S055,OOP,2,0,89.2,3,47.1,50.0,2,0
S055,Loops,0,0,33.6,3,44.4,50.0,0,0
S055,Data Structures,0,1,18.5,1,42.1,0.0,0,1
S055,Functions,2,0,132.0,2,45.0,0.0,1,1
S055,OOP,1,1,28.3,1,42.9,33.3,0,1
S055,Data Structures,1,0,60.7,2,45.5,25.0,1,0
S055,Loops,2,0,130.2,3,43.5,40.0,0,0
S055,Functions,0,0,36.6,2,41.7,0.0,0,0
S055,Functions,2,0,120.7,3,40.0,0.0,0,0
S055,Data Structures,0,1,19.8,1,38.5,20.0,0,1
S055,OOP,1,0,55.4,1,40.7,50.0,1,0
S055,Data Structures,0,1,13.9,1,39.3,33.3,0,0
S055,Functions,0,0,29.0,3,41.4,0.0,1,0
S055,OOP,0,1,26.3,1,40.0,40.0,0,1
S055,Functions,1,0,60.2,3,41.9,0.0,1,0
S055,Functions,0,0,45.4,3,40.6,0.0,0,0
S055,Variables,0,1,27.6,1,39.4,83.3,0,2
S055,Data Structures,2,0,101.2,3,41.2,42.9,1,0
S055,Variables,0,1,23.4,1,40.0,85.7,0,2
S055,Functions,0,1,26.9,1,41.7,0.0,1,1
S055,Functions,1,0,45.4,3,43.2,11.1,2,0
S055,Variables,0,1,21.2,1,42.1,87.5,0,2
S055,Functions,1,0,48.2,2,43.6,10.0,1,0
S056,Variables,1,1,23.3,1,60.0,60.0,0,2
S056,Loops,2,1,31.1,1,100.0,100.0,1,2
S056,OOP,2,1,47.6,1,100.0,100.0,2,2
S056,Variables,2,1,52.0,1,100.0,100.0,3,2
S056,Functions,2,1,35.2,1,100.0,100.0,4,2
S056,Functions,2,0,43.1,3,100.0,100.0,5,1
S056,Variables,1,1,19.1,1,83.3,100.0,0,2
S056,Data Structures,2,0,34.3,2,85.7,85.7,1,1
S056,Loops,1,1,24.4,1,75.0,100.0,0,1
S056,Loops,1,0,40.4,3,77.8,100.0,1,1
S056,Data Structures,1,1,16.6,1,70.0,0.0,0,1
S056,Loops,1,1,29.0,1,72.7,66.7,1,2
S056,Data Structures,2,1,31.7,3,75.0,50.0,2,2
S056,Data Structures,2,1,48.0,1,76.9,66.7,3,2
S056,Functions,2,1,21.6,1,78.6,50.0,4,2
S056,Variables,2,1,32.6,1,80.0,100.0,5,2
S056,Functions,2,0,57.4,3,81.2,66.7,6,0
S056,Variables,0,1,10.9,1,76.5,100.0,0,2
S056,Variables,2,1,30.8,1,77.8,100.0,1,2
S056,OOP,2,0,66.0,3,78.9,100.0,2,0
S056,OOP,0,1,19.0,1,75.0,50.0,0,2
S056,Variables,2,0,37.9,3,76.2,100.0,1,1
S056,OOP,0,1,16.9,1,72.7,66.7,0,2
S056,Loops,2,1,39.9,1,73.9,75.0,1,2
S056,OOP,2,1,41.7,1,75.0,75.0,2,2
S056,Variables,2,0,34.8,3,76.0,85.7,3,1
S056,Variables,1,1,13.2,1,73.1,75.0,0,2
S056,Loops,2,0,108.7,3,74.1,80.0,1,0
S056,OOP,0,1,20.3,1,71.4,80.0,0,2
S056,OOP,2,1,50.5,2,72.4,83.3,1,2
S056,Functions,2,0,45.4,3,73.3,50.0,2,0
S056,Data Structures,0,1,15.0,1,71.0,75.0,0,2
S056,Loops,2,0,57.7,2,71.9,66.7,1,0
S056,OOP,0,1,17.3,1,69.7,85.7,0,2
S056,Data Structures,2,0,79.3,3,70.6,80.0,1,0
S056,Functions,1,1,21.1,1,68.6,40.0,0,2
S056,Functions,2,1,32.8,1,69.4,50.0,1,2
S056,Loops,2,1,57.5,1,70.3,57.1,2,1
S056,Functions,1,1,17.7,1,71.1,57.1,3,1
S056,Functions,1,1,14.6,1,71.8,62.5,4,2
S057,Loops,1,1,35.0,1,60.0,60.0,0,2
S057,Variables,2,0,39.6,3,100.0,100.0,1,1
S057,Loops,1,1,21.2,1,50.0,100.0,0,2
S057,Variables,2,0,71.9,2,66.7,0.0,1,0
S057,OOP,0,1,22.5,1,50.0,50.0,0,1
S057,OOP,1,1,39.2,1,60.0,100.0,1,2
S057,Variables,2,0,56.4,2,66.7,0.0,2,0
S057,OOP,1,1,28.0,1,57.1,100.0,0,2
S057,OOP,2,0,87.7,2,62.5,100.0,1,0
S057,Variables,0,1,47.0,1,55.6,0.0,0,1
S057,OOP,1,0,48.6,3,60.0,75.0,1,0
S057,OOP,0,1,17.1,1,54.5,60.0,0,2
S057,Data Structures,2,0,72.8,2,58.3,58.3,1,0
S057,OOP,0,1,19.1,1,53.8,66.7,0,2
S057,OOP,2,0,63.1,3,57.1,71.4,1,0
S057,Variables,0,1,20.8,2,53.3,25.0,0,1
S057,Data Structures,1,0,35.0,3,56.2,0.0,1,0
S057,Data Structures,0,1,22.7,1,52.9,0.0,0,1
S057,Loops,1,1,27.7,1,55.6,100.0,1,2
S057,OOP,2,1,49.2,1,57.9,62.5,2,2
S057,Variables,2,0,89.4,2,60.0,40.0,3,0
S057,Data Structures,0,1,23.7,2,57.1,33.3,0,1
S057,Data Structures,1,0,65.8,3,59.1,50.0,1,0
S057,Data Structures,0,1,23.6,1,56.5,40.0,0,1
S057,Data Structures,1,0,83.2,2,58.3,50.0,1,0
S057,Functions,0,1,19.4,1,56.0,56.0,0,2
S057,Data Structures,2,0,120.8,2,57.7,42.9,1,0
S057,Loops,0,1,11.2,1,55.6,100.0,0,2
S057,Data Structures,2,0,78.1,2,57.1,37.5,1,0
S057,Variables,0,0,23.7,3,55.2,33.3,0,0
S057,OOP,0,1,21.7,1,53.3,66.7,0,2
S057,Variables,2,0,93.1,3,54.8,28.6,1,0
S057,Loops,0,1,11.5,1,53.1,100.0,0,2
S057,OOP,2,0,116.9,2,54.5,70.0,1,0
S057,OOP,2,0,72.7,2,52.9,63.6,0,0
S057,OOP,0,1,22.1,1,51.4,58.3,0,1
S057,Data Structures,1,0,53.6,3,52.8,33.3,1,0
S057,Loops,0,1,10.2,1,51.4,100.0,0,2
S057,OOP,2,0,80.3,2,52.6,61.5,1,0
S057,Data Structures,2,0,37.5,2,51.3,30.0,0,0
S058,Variables,1,1,28.5,1,60.0,60.0,0,2
S058,Variables,2,0,59.6,3,100.0,100.0,1,1
S058,Loops,1,1,33.3,1,50.0,50.0,0,2
S058,OOP,2,0,72.0,3,66.7,66.7,1,0
S058,Functions,0,1,20.3,1,50.0,50.0,0,1
S058,Functions,1,1,19.3,1,60.0,100.0,1,2
S058,Data Structures,1,1,22.7,1,66.7,66.7,2,2
S058,Loops,1,1,27.3,1,71.4,100.0,3,2
S058,Data Structures,1,1,19.7,1,75.0,100.0,4,2
S058,Loops,2,0,40.6,2,77.8,100.0,5,1
S058,OOP,1,1,29.1,1,70.0,0.0,0,1
S058,Variables,1,0,22.1,1,72.7,50.0,1,1
S058,Variables,1,1,31.0,1,66.7,33.3,0,2
S058,OOP,2,0,51.0,1,69.2,50.0,1,1
S058,OOP,1,1,37.4,1,64.3,33.3,0,1
S058,Loops,1,1,20.9,1,66.7,66.7,1,2
S058,Functions,2,0,46.9,3,68.8,100.0,2,1
S058,Functions,1,1,34.1,1,64.7,66.7,0,2
S058,Functions,2,0,44.4,2,66.7,75.0,1,0
S058,Variables,0,1,14.7,1,63.2,50.0,0,2
S058,Variables,2,0,35.2,2,65.0,60.0,1,0
S058,Functions,0,1,17.9,1,61.9,60.0,0,2
S058,Data Structures,2,1,37.3,1,63.6,100.0,1,2
S058,Loops,2,1,36.7,1,65.2,75.0,2,2
S058,Data Structures,1,1,23.7,1,66.7,100.0,3,2
S058,Functions,2,1,32.8,1,68.0,66.7,4,2
S058,OOP,0,1,17.5,1,69.2,50.0,5,1
S058,Data Structures,1,1,25.3,1,70.4,100.0,6,2
S058,OOP,2,0,46.8,3,71.4,60.0,7,0
S058,OOP,0,1,15.0,1,69.0,50.0,0,2
S058,Variables,2,1,41.4,1,70.0,50.0,1,2
S058,Loops,2,1,36.4,1,71.0,80.0,2,2
S058,Variables,2,1,41.8,1,71.9,57.1,3,2
S058,Variables,2,1,37.5,1,72.7,62.5,4,2
S058,Variables,2,0,45.2,3,73.5,66.7,5,0
S058,Variables,0,1,14.5,1,71.4,60.0,0,2
S058,Data Structures,2,1,31.8,1,72.2,100.0,1,2
S058,Variables,1,1,22.8,1,73.0,63.6,2,2
S058,OOP,2,0,52.9,2,73.7,57.1,3,0
S058,Loops,0,1,14.9,1,71.8,83.3,0,2
S059,OOP,1,0,51.0,2,60.0,60.0,0,0
S059,Variables,0,1,19.9,1,0.0,0.0,0,1
S059,Data Structures,1,0,61.0,3,50.0,50.0,1,0
S059,OOP,0,1,20.8,1,33.3,0.0,0,1
S059,Loops,1,0,41.9,3,50.0,50.0,1,0
S059,Loops,0,1,27.5,1,40.0,0.0,0,1
S059,Loops,1,0,96.0,2,50.0,50.0,1,0
S059,Data Structures,0,0,13.7,2,42.9,0.0,0,0
S059,Loops,1,0,64.0,2,37.5,33.3,0,0
S059,Loops,0,0,29.1,2,33.3,25.0,0,0
S059,Variables,0,1,23.9,1,30.0,100.0,0,2
S059,OOP,2,0,120.6,3,36.4,50.0,1,0
S059,Variables,0,0,59.0,2,33.3,100.0,0,0
S059,Loops,0,0,35.2,2,30.8,20.0,0,0
S059,Loops,0,0,40.8,3,28.6,16.7,0,0
S059,Data Structures,0,1,22.8,1,26.7,0.0,0,1
S059,Variables,1,0,39.5,2,31.2,66.7,1,0
S059,OOP,0,1,26.0,2,29.4,33.3,0,1
S059,OOP,2,0,73.7,1,33.3,50.0,1,0
S059,Data Structures,0,1,32.4,1,31.6,33.3,0,1
S059,Data Structures,1,1,23.9,3,35.0,50.0,1,1
S059,Functions,1,1,56.6,1,38.1,38.1,2,1
S059,OOP,1,0,49.5,2,40.9,40.0,3,0
S059,Data Structures,2,0,74.5,3,39.1,60.0,0,0
S059,Data Structures,2,0,89.8,2,37.5,50.0,0,0
S059,Loops,0,0,22.0,3,36.0,14.3,0,0
S059,OOP,0,0,28.1,3,34.6,33.3,0,0
S059,Functions,0,0,22.9,3,33.3,100.0,0,0
S059,Functions,0,1,22.1,1,32.1,50.0,0,1
S059,Data Structures,1,0,80.9,2,34.5,42.9,1,0
S059,Loops,0,0,34.3,2,33.3,12.5,0,0
S059,Data Structures,2,1,45.1,1,32.3,37.5,0,2
S059,Data Structures,2,0,110.2,3,34.4,44.4,1,0
S059,Data Structures,0,1,33.2,2,33.3,40.0,0,1
S059,Loops,1,0,48.4,2,35.3,11.1,1,0
S059,Functions,0,0,40.6,2,34.3,66.7,0,0
S059,Data Structures,0,0,29.2,3,33.3,45.5,0,0
S059,Variables,0,0,24.9,2,32.4,50.0,0,0
S059,Data Structures,0,1,28.6,1,31.6,41.7,0,1
S059,OOP,1,0,57.6,2,33.3,28.6,1,0
S060,Loops,1,1,38.8,1,60.0,60.0,0,2
S060,Variables,2,0,47.5,1,100.0,100.0,1,1
S060,Loops,1,1,46.6,1,50.0,100.0,0,2
S060,Loops,2,0,64.6,3,66.7,100.0,1,2
S060,OOP,2,0,93.4,3,50.0,50.0,0,0
S060,Variables,0,1,17.2,1,40.0,0.0,0,1
S060,Data Structures,1,1,42.9,1,50.0,50.0,1,2
S060,Data Structures,2,0,44.5,3,57.1,100.0,2,1
S060,Variables,1,0,33.5,3,50.0,50.0,0,0
S060,Loops,1,0,52.7,3,44.4,66.7,0,0
S060,Data Structures,0,1,17.8,1,40.0,50.0,0,1
S060,Functions,1,1,40.5,1,45.5,45.5,1,1
S060,Functions,1,1,34.7,1,50.0,100.0,2,2
S060,Loops,2,1,52.1,1,53.8,50.0,3,2
S060,Variables,2,0,41.0,3,57.1,33.3,4,0
S060,OOP,0,0,35.9,2,53.3,0.0,0,0
S060,Data Structures,0,1,20.4,1,50.0,66.7,0,2
S060,Variables,2,1,29.4,1,52.9,25.0,1,2
S060,Loops,2,0,80.9,2,55.6,60.0,2,0
S060,OOP,0,0,35.3,2,52.6,0.0,0,0
S060,Loops,0,1,23.1,1,50.0,50.0,0,1
S060,OOP,1,0,76.4,3,52.4,0.0,1,0
S060,Loops,0,1,27.9,1,50.0,57.1,0,1
S060,Variables,1,1,40.7,1,52.2,40.0,1,1
S060,Loops,1,1,44.4,1,54.2,62.5,2,2
S060,Variables,2,0,91.5,2,56.0,50.0,3,0
S060,Data Structures,0,1,23.5,1,53.8,75.0,0,2
S060,Data Structures,2,1,51.0,1,55.6,80.0,1,2
S060,Loops,2,0,88.4,3,57.1,66.7,2,0
S060,OOP,0,0,22.2,2,55.2,0.0,0,0
S060,OOP,0,1,19.5,1,53.3,0.0,0,1
S060,Loops,0,1,20.9,1,54.8,60.0,1,2
S060,Functions,2,0,74.2,2,56.2,100.0,2,1
S060,Loops,1,1,44.7,1,54.5,63.6,0,2
S060,Loops,2,0,97.3,2,55.9,66.7,1,0
S060,Functions,2,0,78.6,2,54.3,66.7,0,0
S060,Variables,0,1,18.1,1,52.8,42.9,0,1
S060,Loops,1,0,51.1,2,54.1,61.5,1,0
S060,Loops,0,1,20.4,1,52.6,57.1,0,2
S060,Variables,0,0,28.1,3,53.8,50.0,1,0
S061,Variables,1,0,50.2,2,60.0,60.0,0,0
S061,Functions,0,1,29.0,1,0.0,0.0,0,1
S061,Variables,2,0,117.0,3,50.0,0.0,1,0
S061,Functions,0,1,21.7,1,33.3,100.0,0,2
S061,Functions,2,0,76.4,2,50.0,100.0,1,0
S061,Functions,0,1,12.8,1,40.0,66.7,0,2
S061,Variables,2,0,59.8,3,50.0,0.0,1,0
S061,OOP,0,0,18.6,3,42.9,42.9,0,0
S061,Variables,0,1,21.5,1,37.5,0.0,0,0
S061,Data Structures,1,0,87.1,3,44.4,44.4,1,0
S061,Variables,0,1,33.6,1,40.0,25.0,0,1
S061,Data Structures,1,0,62.0,2,45.5,0.0,1,0
S061,OOP,0,1,30.4,2,41.7,0.0,0,1
S061,Functions,1,1,37.1,1,46.2,75.0,1,2
S061,OOP,2,0,54.7,2,50.0,50.0,2,0
S061,Variables,0,0,29.0,2,46.7,40.0,0,0
S061,Loops,0,0,51.3,3,43.8,43.8,0,0
S061,Loops,0,0,23.5,2,41.2,0.0,0,0
S061,Data Structures,0,1,20.5,1,38.9,0.0,0,1
S061,Functions,1,0,60.2,2,42.1,80.0,1,0
S061,Variables,0,1,30.4,1,40.0,33.3,0,1
S061,Loops,1,0,76.9,2,42.9,0.0,1,0
S061,Loops,0,0,68.6,3,40.9,0.0,0,0
S061,Loops,0,0,45.6,2,39.1,0.0,0,0
S061,Loops,2,0,150.4,2,37.5,0.0,0,0
S061,Variables,0,0,30.7,2,36.0,42.9,0,0
S061,Functions,0,0,27.6,3,34.6,66.7,0,0
S061,Data Structures,1,0,94.1,2,33.3,33.3,0,0
S061,Variables,0,0,28.2,2,32.1,37.5,0,0
S061,Data Structures,0,0,30.2,2,31.0,25.0,0,0
S061,Data Structures,0,0,24.9,3,30.0,20.0,0,0
S061,OOP,0,1,15.9,1,29.0,33.3,0,1
S061,Variables,2,0,115.2,2,31.2,33.3,1,0
S061,Data Structures,1,0,89.8,3,30.3,16.7,0,0
S061,Functions,0,1,41.6,1,29.4,57.1,0,1
S061,Variables,0,1,22.2,1,31.4,30.0,1,1
S061,Loops,1,0,99.0,3,33.3,0.0,2,0
S061,Functions,0,1,21.0,1,32.4,62.5,0,1
S061,Variables,1,0,32.3,3,34.2,36.4,1,0
S061,Data Structures,0,0,52.9,3,33.3,14.3,0,0
S062,Data Structures,1,0,34.9,2,60.0,60.0,0,0
S062,OOP,2,0,64.5,3,0.0,0.0,0,0
S062,Variables,0,1,22.0,1,0.0,0.0,0,1
S062,OOP,1,1,40.6,1,33.3,0.0,1,1
S062,OOP,1,0,41.5,3,50.0,50.0,2,0
S062,Loops,0,1,17.7,1,40.0,40.0,0,1
S062,Data Structures,2,0,77.5,2,50.0,0.0,1,0
S062,Variables,0,1,19.5,1,42.9,100.0,0,2
S062,Data Structures,2,0,65.5,2,50.0,0.0,1,0
S062,Loops,0,0,21.8,2,44.4,100.0,0,1
S062,OOP,2,0,67.0,2,40.0,33.3,0,0
S062,Variables,0,0,56.2,1,36.4,100.0,0,0
S062,Variables,1,0,41.4,3,33.3,66.7,0,0
S062,Functions,2,0,112.1,2,30.8,30.8,0,0
S062,Loops,0,1,15.2,1,28.6,50.0,0,1
S062,Functions,1,0,45.9,3,33.3,0.0,1,0
S062,OOP,0,1,19.7,1,31.2,25.0,0,1
S062,Variables,1,0,33.8,3,35.3,50.0,1,0
S062,Loops,1,0,42.3,2,33.3,66.7,0,0
S062,Loops,0,1,22.0,1,31.6,50.0,0,1
S062,Data Structures,1,1,55.5,1,35.0,0.0,1,2
S062,Functions,1,0,68.4,3,38.1,0.0,2,0
S062,Loops,0,1,19.9,1,36.4,60.0,0,1
S062,Loops,1,1,32.7,1,39.1,66.7,1,2
S062,OOP,2,0,55.9,2,41.7,40.0,2,0
S062,Variables,0,1,22.2,1,40.0,40.0,0,1
S062,OOP,1,1,37.7,1,42.3,33.3,1,1
S062,Functions,1,1,33.7,1,44.4,0.0,2,2
S062,Variables,2,0,134.8,3,46.4,50.0,3,0
S062,OOP,1,1,41.2,1,44.8,42.9,0,1
S062,Variables,1,0,52.0,3,46.7,42.9,1,0
S062,OOP,0,1,21.1,1,45.2,50.0,0,1
S062,Functions,1,0,17.3,3,46.9,25.0,1,0
S062,Loops,2,0,52.0,3,45.5,71.4,0,0
S062,Variables,0,0,35.8,2,44.1,37.5,0,0
S062,Data Structures,0,0,35.0,2,42.9,25.0,0,0
S062,Loops,0,1,13.7,1,41.7,62.5,0,2
S062,Functions,2,0,49.2,3,43.2,20.0,1,0
S062,Variables,0,1,17.6,1,42.1,33.3,0,1
S062,Functions,1,1,31.0,1,43.6,16.7,1,1
S063,Variables,1,1,32.6,1,60.0,60.0,0,2
S063,Data Structures,2,0,83.5,2,100.0,100.0,1,1
S063,OOP,1,1,23.8,1,50.0,50.0,0,2
S063,Functions,2,1,66.0,1,66.7,66.7,1,2
S063,Data Structures,2,0,80.1,2,75.0,0.0,2,0
S063,Loops,0,0,21.5,3,60.0,60.0,0,0
S063,Variables,0,1,20.7,1,50.0,100.0,0,2
S063,Data Structures,2,1,63.8,1,57.1,0.0,1,1
S063,Functions,1,1,35.2,1,62.5,100.0,2,2
S063,OOP,0,1,11.7,1,66.7,100.0,3,2
S063,Variables,2,0,72.9,3,70.0,100.0,4,1
S063,Functions,1,0,43.2,2,63.6,100.0,0,1
S063,Functions,2,0,117.5,2,58.3,66.7,0,0
S063,Data Structures,0,1,12.2,1,53.8,33.3,0,1
S063,Variables,1,1,29.9,3,57.1,66.7,1,1
S063,Variables,1,1,31.1,1,60.0,75.0,2,2
S063,Data Structures,2,0,66.3,3,62.5,50.0,3,0
S063,Loops,0,1,13.5,1,58.8,0.0,0,1
S063,OOP,1,1,21.7,1,61.1,100.0,1,2
S063,Variables,2,0,54.0,3,63.2,80.0,2,0
S063,OOP,0,1,11.5,1,60.0,100.0,0,2
S063,Variables,0,1,13.9,1,61.9,66.7,1,2
S063,Loops,2,1,43.4,1,63.6,50.0,2,2
S063,Data Structures,0,1,15.0,1,65.2,40.0,3,1
S063,Variables,1,1,38.1,2,66.7,71.4,4,2
S063,Loops,2,0,54.4,2,68.0,66.7,5,0
S063,OOP,0,1,9.0,1,65.4,100.0,0,2
S063,OOP,2,0,34.6,2,66.7,100.0,1,1
S063,Variables,2,0,72.8,3,64.3,75.0,0,0
S063,Variables,0,1,22.3,1,62.1,66.7,0,2
S063,OOP,2,1,50.5,1,63.3,83.3,1,2
S063,OOP,2,0,70.4,2,64.5,85.7,2,0
S063,Functions,0,1,18.0,1,62.5,50.0,0,2
S063,Functions,2,1,77.1,1,63.6,60.0,1,2
S063,Variables,2,0,56.5,3,64.7,70.0,2,0
S063,Data Structures,0,1,17.8,1,62.9,50.0,0,2
S063,Data Structures,2,0,62.8,3,63.9,57.1,1,0
S063,Data Structures,0,1,23.1,1,62.2,50.0,0,1
S063,OOP,1,1,20.1,1,63.2,75.0,1,2
S063,Loops,2,1,39.2,1,64.1,50.0,2,2
S064,Loops,1,0,79.0,3,60.0,60.0,0,0
S064,Loops,0,1,34.5,1,0.0,0.0,0,1
S064,Data Structures,1,0,55.7,3,50.0,50.0,1,0
S064,OOP,0,0,15.3,2,33.3,33.3,0,0
S064,Functions,0,0,19.7,2,25.0,25.0,0,0
S064,Data Structures,0,0,31.0,2,20.0,0.0,0,0
S064,Data Structures,0,0,32.5,2,16.7,0.0,0,0
S064,OOP,0,1,24.3,1,14.3,0.0,0,1
S064,OOP,1,0,42.1,2,25.0,50.0,1,0
S064,Data Structures,0,1,18.5,1,22.2,0.0,0,1
S064,Loops,1,0,65.9,2,30.0,50.0,1,0
S064,Variables,0,1,25.6,1,27.3,27.3,0,1
S064,Loops,1,0,66.8,1,33.3,33.3,1,0
S064,Data Structures,0,1,21.3,1,30.8,25.0,0,1
S064,Functions,1,1,38.4,1,35.7,0.0,1,1
S064,Loops,1,0,67.0,2,40.0,25.0,2,1
S064,Functions,1,0,45.8,3,37.5,50.0,0,0
S064,Data Structures,0,1,16.6,1,35.3,40.0,0,1
S064,Functions,1,0,46.0,3,38.9,33.3,1,0
S064,OOP,0,1,18.6,1,36.8,33.3,0,1
S064,Data Structures,1,0,54.7,3,40.0,50.0,1,0
S064,Data Structures,0,1,18.7,1,38.1,42.9,0,1
S064,OOP,1,0,34.2,3,40.9,50.0,1,0
S064,OOP,0,1,20.1,1,39.1,40.0,0,1
S064,OOP,1,0,47.2,2,41.7,50.0,1,0
S064,OOP,0,1,23.2,1,40.0,42.9,0,1
S064,Functions,1,0,48.2,3,42.3,25.0,1,0
S064,OOP,0,1,18.0,1,40.7,50.0,0,1
S064,OOP,1,0,46.9,2,42.9,55.6,1,0
S064,OOP,0,1,18.8,1,41.4,50.0,0,1
S064,Variables,1,0,40.7,3,43.3,100.0,1,0
S064,Functions,0,0,43.2,3,41.9,20.0,0,0
S064,Data Structures,1,0,73.5,3,40.6,50.0,0,0
S064,OOP,0,1,19.9,1,39.4,54.5,0,1
S064,Variables,1,0,31.5,2,41.2,50.0,1,0
S064,Loops,0,0,43.7,3,40.0,20.0,0,0
S064,Variables,0,1,27.1,1,38.9,33.3,0,1
S064,Functions,1,0,67.9,3,40.5,16.7,1,1
S064,Data Structures,1,1,23.4,1,39.5,44.4,0,2
S064,Loops,2,0,128.8,1,41.0,16.7,1,0
S065,Data Structures,1,0,101.0,3,60.0,60.0,0,0
S065,Data Structures,0,0,44.0,3,0.0,0.0,0,0
S065,Variables,0,0,17.5,2,0.0,0.0,0,0
S065,OOP,0,1,20.0,1,0.0,0.0,0,1
S065,Data Structures,1,0,88.9,2,25.0,0.0,1,1
S065,Data Structures,1,0,85.5,1,20.0,0.0,0,0
S065,Variables,1,0,27.8,3,16.7,0.0,0,0
S065,Functions,0,0,31.0,3,14.3,14.3,0,0
S065,Data Structures,0,0,52.5,2,12.5,0.0,0,0
S065,Data Structures,0,0,45.4,1,11.1,0.0,0,0
S065,Functions,0,1,27.9,1,10.0,0.0,0,1
S065,Loops,1,0,121.1,2,18.2,18.2,1,0
S065,Data Structures,0,0,56.7,2,16.7,0.0,0,0
S065,Data Structures,0,0,28.7,2,15.4,0.0,0,0
S065,Loops,0,0,36.0,2,14.3,0.0,0,0
S065,Loops,0,0,49.2,2,13.3,0.0,0,0
S065,Functions,0,1,28.9,1,12.5,50.0,0,1
S065,Variables,1,0,52.5,3,17.6,0.0,1,0
S065,OOP,0,0,33.8,2,16.7,100.0,0,0
S065,Variables,1,1,63.9,1,15.8,0.0,0,1
S065,Data Structures,0,0,29.7,2,20.0,0.0,1,0
S065,Variables,0,0,33.2,2,19.0,25.0,0,0
S065,Variables,0,0,29.2,3,18.2,20.0,0,0
S065,Functions,0,1,14.8,1,17.4,66.7,0,2
S065,Variables,2,0,97.0,2,20.8,16.7,1,0
S065,Functions,0,1,18.7,1,20.0,75.0,0,2
S065,Data Structures,2,0,108.5,3,23.1,0.0,1,0
S065,Functions,0,0,25.3,2,22.2,80.0,0,0
S065,Variables,0,1,42.2,1,21.4,14.3,0,1
S065,OOP,1,0,66.7,3,24.1,50.0,1,0
S065,OOP,2,0,70.5,1,23.3,33.3,0,0
S065,Functions,0,0,27.3,3,22.6,66.7,0,0
S065,OOP,1,1,43.8,1,21.9,25.0,0,1
S065,Data Structures,1,0,65.2,2,24.2,0.0,1,0
S065,Functions,0,0,33.4,2,23.5,57.1,0,0
S065,Functions,0,1,22.6,2,22.9,50.0,0,1
S065,Functions,1,1,31.1,1,25.0,55.6,1,2
S065,Data Structures,2,0,138.6,2,27.0,0.0,2,0
S065,Data Structures,0,0,30.1,2,26.3,0.0,0,0
S065,Data Structures,0,0,42.2,3,25.6,0.0,0,0
S066,Functions,1,1,30.4,2,60.0,60.0,0,1
S066,Variables,1,0,46.8,3,100.0,100.0,1,1
S066,Data Structures,1,1,26.5,1,50.0,50.0,0,2
S066,Functions,2,0,31.6,2,66.7,100.0,1,1
S066,Variables,0,1,17.0,1,50.0,0.0,0,1
S066,Loops,1,0,33.4,3,60.0,60.0,1,0
S066,Functions,1,1,42.6,1,50.0,50.0,0,2
S066,Variables,2,0,38.0,2,57.1,50.0,1,0
S066,Loops,0,1,12.9,1,50.0,0.0,0,2
S066,Variables,2,0,54.8,2,55.6,33.3,1,0
S066,Loops,0,1,20.6,1,50.0,50.0,0,1
S066,Data Structures,1,0,45.6,2,54.5,100.0,1,1
S066,Variables,1,1,25.7,1,50.0,25.0,0,1
S066,Variables,1,1,35.5,1,53.8,40.0,1,1
S066,Data Structures,0,1,14.2,1,57.1,50.0,2,2
S066,Data Structures,2,0,73.4,2,60.0,66.7,3,0
S066,Loops,0,1,17.1,1,56.2,66.7,0,2
S066,Functions,2,0,81.6,3,58.8,66.7,1,0
S066,Data Structures,1,1,27.4,1,55.6,50.0,0,2
S066,Variables,2,1,53.1,1,57.9,50.0,1,2
S066,OOP,2,0,54.4,2,60.0,60.0,2,0
S066,Loops,0,1,29.1,1,57.1,75.0,0,2
S066,Data Structures,2,0,86.9,3,59.1,60.0,1,0
S066,Functions,0,1,26.7,1,56.5,50.0,0,2
S066,Loops,2,0,64.5,2,58.3,80.0,1,0
S066,Functions,0,1,20.6,1,56.0,60.0,0,2
S066,Data Structures,2,0,88.6,3,57.7,50.0,1,0
S066,Data Structures,0,1,19.9,3,55.6,42.9,0,1
S066,OOP,1,1,29.6,1,57.1,0.0,1,1
S066,Variables,1,1,51.7,1,58.6,57.1,2,2
S066,OOP,2,0,40.4,1,60.0,50.0,3,0
S066,OOP,0,1,14.3,1,58.1,33.3,0,1
S066,OOP,1,1,36.4,2,59.4,50.0,1,1
S066,Functions,1,1,23.7,1,60.6,66.7,2,2
S066,Data Structures,2,0,35.2,2,61.8,50.0,3,0
S066,Functions,0,1,18.1,1,60.0,71.4,0,2
S066,Functions,2,0,56.2,2,61.1,75.0,1,0
S066,Data Structures,0,1,16.0,1,59.5,44.4,0,1
S066,Data Structures,1,1,39.1,1,60.5,50.0,1,2
S066,OOP,1,1,26.7,1,61.5,60.0,2,2
S067,Functions,1,0,65.2,2,60.0,60.0,0,0
S067,OOP,1,1,30.6,1,0.0,0.0,0,1
S067,Loops,1,0,45.0,2,50.0,50.0,1,0
S067,Loops,0,1,17.8,1,33.3,0.0,0,1
S067,OOP,1,0,38.9,3,50.0,100.0,1,0
S067,Loops,0,1,19.4,1,40.0,50.0,0,1
S067,Data Structures,1,0,52.5,3,50.0,50.0,1,0
S067,Data Structures,0,1,31.8,1,42.9,0.0,0,1
S067,Variables,1,0,72.0,2,50.0,50.0,1,0
S067,Data Structures,1,1,41.1,1,44.4,50.0,0,1
S067,Data Structures,1,0,37.7,3,50.0,66.7,1,0
S067,Loops,0,0,22.7,2,45.5,66.7,0,0
S067,Variables,1,0,61.6,2,41.7,0.0,0,0
S067,Loops,0,1,21.2,1,38.5,50.0,0,1
S067,Functions,2,0,104.7,3,42.9,0.0,1,0
S067,Variables,0,0,32.0,3,40.0,0.0,0,0
S067,OOP,0,1,7.9,1,37.5,50.0,0,2
S067,Functions,2,0,72.2,1,41.2,0.0,1,0
S067,Variables,0,1,18.6,1,38.9,0.0,0,1
S067,Data Structures,1,0,49.7,2,42.1,50.0,1,0
S067,Data Structures,0,1,17.0,1,40.0,40.0,0,1
S067,Loops,1,1,43.1,1,42.9,60.0,1,2
S067,Functions,1,0,45.0,2,45.5,0.0,2,0
S067,Data Structures,0,1,16.3,1,43.5,50.0,0,1
S067,Functions,0,1,28.6,1,45.8,0.0,1,1
S067,OOP,2,0,72.6,2,48.0,66.7,2,0
S067,OOP,0,1,19.3,1,46.2,50.0,0,1
S067,Functions,1,0,55.5,3,48.1,20.0,1,0
S067,Functions,0,1,47.1,1,46.4,16.7,0,1
S067,Data Structures,1,0,70.6,2,48.3,57.1,1,0
S067,Variables,0,1,26.2,2,46.7,25.0,0,1
S067,Data Structures,0,1,18.6,1,48.4,50.0,1,1
S067,Loops,1,1,33.2,1,50.0,66.7,2,2
S067,Data Structures,2,0,83.9,2,51.5,55.6,3,0
S067,Functions,0,0,51.7,2,50.0,28.6,0,0
S067,Data Structures,1,0,39.1,3,48.6,50.0,0,0
S067,Functions,0,0,66.5,2,47.2,25.0,0,0
S067,Loops,0,0,25.7,3,45.9,71.4,0,0
S067,Data Structures,0,1,30.1,1,44.7,45.5,0,1
S067,Data Structures,1,0,47.7,1,46.2,50.0,1,0
S068,Functions,1,0,53.4,2,60.0,60.0,0,0
S068,Functions,0,1,28.0,1,0.0,0.0,0,1
S068,Data Structures,1,1,44.8,1,50.0,50.0,1,1
S068,Variables,1,0,85.3,3,66.7,66.7,2,0
S068,OOP,0,1,22.0,2,50.0,50.0,0,1
S068,Variables,0,0,28.9,3,60.0,0.0,1,0
S068,OOP,0,1,22.5,1,50.0,100.0,0,2
S068,OOP,2,0,72.0,2,57.1,100.0,1,1
S068,Functions,1,0,52.0,2,50.0,50.0,0,0
S068,Variables,0,0,68.8,3,44.4,0.0,0,0
S068,Loops,0,1,15.3,1,40.0,40.0,0,1
S068,Functions,0,1,33.4,1,45.5,33.3,1,0
S068,OOP,0,0,26.3,2,50.0,66.7,2,0
S068,OOP,0,0,44.1,2,46.2,50.0,0,0
S068,OOP,0,0,30.5,3,42.9,40.0,0,0
S068,Variables,0,1,25.2,1,40.0,0.0,0,1
S068,Data Structures,0,1,17.1,1,43.8,100.0,1,2
S068,Variables,2,0,68.0,3,47.1,25.0,2,0
S068,Functions,0,1,17.6,1,44.4,50.0,0,1
S068,Variables,0,1,21.0,1,47.4,20.0,1,1
S068,Data Structures,2,0,99.2,3,50.0,100.0,2,0
S068,Variables,0,1,20.7,1,47.6,33.3,0,1
S068,OOP,1,0,68.1,3,50.0,33.3,1,0
S068,OOP,0,0,33.6,2,47.8,28.6,0,0
S068,Data Structures,0,1,22.0,1,45.8,66.7,0,2
S068,Data Structures,2,0,59.5,3,48.0,75.0,1,0
S068,OOP,0,1,18.1,1,46.2,25.0,0,1
S068,Functions,1,1,54.7,1,48.1,60.0,1,2
S068,Loops,2,0,93.5,2,50.0,100.0,2,0
S068,Loops,0,1,37.1,1,48.3,50.0,0,1
S068,Functions,1,0,45.7,2,50.0,66.7,1,0
S068,Variables,0,0,33.9,3,48.4,42.9,0,0
S068,Variables,0,0,35.2,3,46.9,37.5,0,0
S068,Variables,1,0,41.8,2,45.5,33.3,0,0
S068,OOP,0,0,35.6,2,44.1,33.3,0,0
S068,OOP,2,0,114.8,3,42.9,30.0,0,0
S068,Variables,0,0,29.5,2,41.7,30.0,0,0
S068,Variables,0,0,36.8,1,40.5,27.3,0,0
S068,Variables,2,0,39.8,3,39.5,25.0,0,0
S068,Variables,0,1,26.4,1,38.5,23.1,0,1
S069,OOP,1,1,38.9,3,60.0,60.0,0,1
S069,Data Structures,0,1,15.6,1,100.0,100.0,1,2
S069,Data Structures,2,0,43.7,3,100.0,100.0,2,1
S069,Data Structures,1,1,24.4,1,66.7,50.0,0,2
S069,Data Structures,2,0,50.4,2,75.0,66.7,1,0
S069,Functions,0,1,27.9,1,60.0,60.0,0,1
S069,Variables,1,1,14.6,1,66.7,66.7,1,1
S069,Variables,1,1,44.1,1,71.4,100.0,2,2
S069,Functions,2,1,43.4,1,75.0,100.0,3,2
S069,OOP,0,1,10.4,1,77.8,100.0,4,2
S069,Functions,2,0,51.6,2,80.0,100.0,5,1
S069,OOP,1,1,24.4,1,72.7,100.0,0,1
S069,Functions,1,1,25.2,1,75.0,66.7,1,2
S069,Data Structures,2,0,75.4,3,76.9,50.0,2,0
S069,Data Structures,0,1,15.1,1,71.4,40.0,0,2
S069,Loops,2,0,59.5,1,73.3,73.3,1,1
S069,Variables,0,1,13.0,1,68.8,100.0,0,2
S069,Functions,2,1,28.1,1,70.6,75.0,1,2
S069,Variables,2,0,47.6,3,72.2,100.0,2,1
S069,Loops,1,1,31.4,1,68.4,0.0,0,1
S069,OOP,2,0,41.4,3,70.0,100.0,1,2
S069,Loops,2,0,96.8,2,66.7,50.0,0,0
S069,Functions,0,1,14.2,1,63.6,80.0,0,2
S069,Loops,1,1,29.3,1,65.2,33.3,1,2
S069,OOP,2,1,40.8,1,66.7,75.0,2,2
S069,Data Structures,1,1,49.1,1,68.0,50.0,3,2
S069,Data Structures,1,1,43.2,1,69.2,57.1,4,2
S069,OOP,2,0,36.4,2,70.4,80.0,5,1
S069,Functions,1,1,20.8,2,67.9,83.3,0,2
S069,Loops,2,1,34.3,2,69.0,50.0,1,1
S069,Variables,1,1,22.9,3,70.0,75.0,2,2
S069,OOP,2,1,39.6,1,71.0,66.7,3,2
S069,Variables,2,1,51.1,1,71.9,80.0,4,2
S069,Data Structures,2,0,55.9,2,72.7,62.5,5,0
S069,OOP,0,1,13.1,1,70.6,71.4,0,2
S069,OOP,2,1,42.9,1,71.4,75.0,1,2
S069,Data Structures,2,1,47.0,1,72.2,55.6,2,2
S069,Data Structures,1,1,32.1,1,73.0,60.0,3,2
S069,Data Structures,2,1,35.2,1,73.7,63.6,4,2
S069,Variables,2,1,60.5,1,74.4,83.3,5,2
S070,Functions,1,1,19.5,3,60.0,60.0,0,1
S070,OOP,2,0,74.3,3,100.0,100.0,1,1
S070,Data Structures,1,0,46.1,2,50.0,50.0,0,0
S070,OOP,2,0,38.2,2,33.3,0.0,0,0
S070,OOP,0,1,19.7,1,25.0,0.0,0,1
S070,Variables,1,1,33.5,1,40.0,40.0,1,1
S070,Functions,1,0,62.3,2,50.0,100.0,2,0
S070,Variables,1,0,69.5,2,42.9,100.0,0,0
S070,OOP,0,1,12.7,1,37.5,33.3,0,1
S070,Variables,1,0,53.4,2,44.4,50.0,1,0
S070,OOP,0,1,22.8,1,40.0,50.0,0,1
S070,Loops,1,1,24.3,1,45.5,45.5,1,2
S070,Variables,2,0,154.7,3,50.0,33.3,2,0
S070,Data Structures,0,1,12.1,1,46.2,0.0,0,1
S070,Variables,1,1,36.9,1,50.0,25.0,1,1
S070,Data Structures,1,0,55.0,2,53.3,50.0,2,0
S070,Variables,0,1,16.5,1,50.0,40.0,0,1
S070,Loops,1,0,33.5,3,52.9,100.0,1,1
S070,OOP,1,0,30.9,2,50.0,60.0,0,0
S070,Loops,0,1,21.7,1,47.4,50.0,0,1
S070,Functions,1,1,19.6,1,50.0,50.0,1,2
S070,OOP,1,1,32.3,3,52.4,50.0,2,1
S070,Data Structures,1,0,29.8,2,54.5,33.3,3,0
S070,Functions,0,1,10.4,1,52.2,66.7,0,2
S070,OOP,1,1,38.8,1,54.2,57.1,1,2
S070,Variables,2,0,86.1,2,56.0,50.0,2,0
S070,Variables,0,1,20.8,1,53.8,42.9,0,1
S070,Functions,1,1,21.1,1,55.6,75.0,1,2
S070,Functions,2,0,64.3,3,57.1,80.0,2,0
S070,Variables,2,0,95.5,3,55.2,50.0,0,0
S070,Functions,0,1,16.2,1,53.3,66.7,0,2
S070,Data Structures,2,0,75.5,2,54.8,25.0,1,0
S070,Data Structures,0,1,13.9,1,53.1,20.0,0,1
S070,Data Structures,2,0,54.7,1,54.5,33.3,1,0
S070,Data Structures,0,1,17.4,2,52.9,28.6,0,1
S070,OOP,1,0,55.5,3,54.3,62.5,1,0
S070,Loops,1,1,44.2,1,52.8,66.7,0,2
S070,OOP,2,0,48.9,2,54.1,55.6,1,0
S070,Variables,0,1,19.8,1,52.6,44.4,0,1
S070,Variables,2,0,39.7,2,53.8,50.0,1,0
S071,Functions,1,1,22.4,1,60.0,60.0,0,2
S071,Data Structures,2,0,47.8,2,100.0,100.0,1,1
S071,OOP,1,1,45.6,1,50.0,50.0,0,1
S071,OOP,1,1,29.5,1,66.7,100.0,1,2
S071,OOP,2,0,73.1,3,75.0,100.0,2,1
S071,Loops,1,0,52.4,3,60.0,60.0,0,0
S071,Loops,0,1,20.7,1,50.0,0.0,0,1
S071,Data Structures,1,1,32.7,1,57.1,0.0,1,1
S071,Loops,1,0,65.6,3,62.5,50.0,2,0
S071,OOP,0,1,15.2,1,55.6,66.7,0,2
S071,Data Structures,2,1,43.9,1,60.0,50.0,1,2
S071,Data Structures,2,0,73.0,2,63.6,66.7,2,0
S071,Loops,1,1,18.8,1,58.3,33.3,0,2
S071,Loops,2,0,101.3,3,61.5,50.0,1,0
S071,Functions,0,0,28.9,2,57.1,100.0,0,1
S071,Functions,0,1,28.0,1,53.3,50.0,0,1
S071,Data Structures,1,1,22.7,1,56.2,50.0,1,2
S071,Data Structures,2,1,31.3,1,58.8,60.0,2,2
S071,Loops,2,0,63.0,2,61.1,40.0,3,0
S071,Data Structures,0,1,12.6,1,57.9,66.7,0,2
S071,Functions,2,0,74.5,3,60.0,66.7,1,0
S071,Loops,2,0,51.7,1,57.1,33.3,0,0
S071,Functions,0,0,19.7,3,54.5,50.0,0,0
S071,Data Structures,0,1,23.5,1,52.2,71.4,0,2
S071,OOP,2,0,50.4,3,54.2,75.0,1,0
S071,OOP,0,1,24.9,1,52.0,60.0,0,1
S071,Loops,1,1,38.9,2,53.8,28.6,1,1
S071,OOP,1,1,18.9,1,55.6,66.7,2,2
S071,Loops,2,0,83.5,2,57.1,37.5,3,0
S071,Variables,0,1,16.9,1,55.2,55.2,0,2
S071,OOP,2,0,70.5,2,56.7,71.4,1,0
S071,Functions,0,1,20.1,1,54.8,40.0,0,1
S071,Data Structures,2,1,50.5,1,56.2,75.0,1,2
S071,Variables,2,0,60.1,3,57.6,100.0,2,1
S071,Data Structures,2,0,46.1,2,55.9,77.8,0,0
S071,OOP,0,1,19.7,1,54.3,62.5,0,2
S071,Functions,2,0,60.0,2,55.6,50.0,1,0
S071,Data Structures,1,1,16.2,1,54.1,70.0,0,2
S071,Variables,2,0,45.6,2,55.3,50.0,1,0
S071,Data Structures,0,1,14.8,1,53.8,72.7,0,2
S072,Loops,1,0,57.7,3,60.0,60.0,0,0
S072,Functions,0,0,40.7,3,0.0,0.0,0,0
S072,Variables,0,1,23.0,1,0.0,0.0,0,1
S072,OOP,1,1,35.7,1,33.3,33.3,1,1
S072,Data Structures,0,1,14.4,1,50.0,50.0,2,2
S072,OOP,2,0,93.2,3,60.0,100.0,3,0
S072,Data Structures,0,1,18.3,1,50.0,100.0,0,2
S072,Functions,1,0,58.5,2,57.1,0.0,1,0
S072,Variables,0,1,24.1,1,50.0,100.0,0,2
S072,OOP,2,0,37.6,3,55.6,50.0,1,0
S072,Loops,1,0,26.1,2,50.0,0.0,0,0
S072,Functions,0,0,42.1,1,45.5,0.0,0,0
S072,Variables,0,0,33.2,2,41.7,100.0,0,0
S072,Loops,1,1,31.9,1,38.5,0.0,0,1
S072,Functions,1,0,45.3,2,42.9,0.0,1,0
S072,Loops,0,1,30.8,1,40.0,33.3,0,1
S072,Variables,1,1,46.2,1,43.8,66.7,1,2
S072,Data Structures,2,0,135.4,2,47.1,100.0,2,0
S072,Variables,0,1,24.9,1,44.4,75.0,0,2
S072,Variables,2,0,85.4,3,47.4,80.0,1,0
S072,OOP,0,1,22.7,1,45.0,33.3,0,1
S072,Functions,1,0,30.6,2,47.6,0.0,1,0
S072,Loops,0,1,15.6,1,45.5,50.0,0,1
S072,Variables,1,0,43.2,3,47.8,66.7,1,0
S072,OOP,0,1,26.2,1,45.8,50.0,0,1
S072,Variables,1,0,33.8,3,48.0,57.1,1,0
S072,Functions,1,1,48.4,1,46.2,0.0,0,1
S072,OOP,1,1,41.9,1,48.1,60.0,1,2
S072,Variables,2,0,71.9,2,50.0,50.0,2,0
S072,Functions,0,1,27.0,1,48.3,16.7,0,1
S072,Loops,1,1,25.8,1,50.0,60.0,1,2
S072,Loops,2,0,48.1,3,51.6,66.7,2,0
S072,Variables,0,1,17.1,1,50.0,44.4,0,1
S072,Data Structures,1,1,36.7,1,51.5,66.7,1,2
S072,OOP,1,1,29.8,1,52.9,66.7,2,2
S072,OOP,2,0,59.1,3,54.3,71.4,3,0
S072,Functions,0,1,19.1,1,52.8,28.6,0,1
S072,OOP,1,1,31.1,1,54.1,62.5,1,2
S072,Variables,2,0,107.2,3,55.3,50.0,2,0
S072,Loops,0,1,21.6,1,53.8,57.1,0,2
S073,Data Structures,1,1,33.5,1,60.0,60.0,0,2
S073,Variables,2,0,128.9,3,100.0,100.0,1,0
S073,Data Structures,2,1,85.1,1,50.0,100.0,0,2
S073,Variables,2,0,136.1,2,66.7,0.0,1,0
S073,Functions,1,1,19.7,1,50.0,50.0,0,2
S073,Functions,2,1,36.3,1,60.0,100.0,1,2
S073,Data Structures,2,1,48.7,3,66.7,100.0,2,2
S073,Functions,0,1,12.4,1,71.4,100.0,3,2
S073,Loops,2,1,24.1,1,75.0,75.0,4,2
S073,Data Structures,0,1,17.1,1,77.8,100.0,5,2
S073,Loops,2,0,55.1,3,80.0,100.0,6,2
S073,Variables,2,0,153.6,3,72.7,0.0,0,0
S073,Loops,0,1,28.5,1,66.7,50.0,0,1
S073,Variables,1,0,62.2,3,69.2,0.0,1,0
S073,Variables,2,0,88.6,2,64.3,0.0,0,0
S073,OOP,0,1,11.9,1,60.0,60.0,0,2
S073,OOP,0,1,21.2,1,62.5,100.0,1,2
S073,Loops,2,0,61.5,3,64.7,66.7,2,0
S073,Functions,0,1,19.0,1,61.1,100.0,0,2
S073,OOP,2,0,49.3,2,63.2,100.0,1,1
S073,OOP,1,1,34.3,1,60.0,66.7,0,2
S073,Loops,1,1,27.9,1,61.9,50.0,1,2
S073,OOP,2,0,50.2,2,63.6,75.0,2,0
S073,Loops,0,1,25.3,1,60.9,60.0,0,2
S073,Data Structures,1,1,31.1,1,62.5,100.0,1,2
S073,Data Structures,2,0,51.6,3,64.0,100.0,2,1
S073,Variables,1,0,30.7,3,61.5,0.0,0,0
S073,Loops,0,1,15.7,1,59.3,66.7,0,2
S073,Loops,2,0,39.0,1,60.7,71.4,1,1
S073,Variables,0,0,20.0,2,58.6,0.0,0,0
S073,OOP,0,1,16.5,1,56.7,60.0,0,2
S073,Functions,2,0,47.2,3,58.1,100.0,1,1
S073,Loops,0,1,24.1,1,56.2,62.5,0,2
S073,Variables,2,0,126.1,2,57.6,0.0,1,0
S073,Loops,0,1,13.5,1,55.9,66.7,0,2
S073,Data Structures,2,0,66.8,3,57.1,83.3,1,0
S073,Loops,0,1,15.5,1,55.6,70.0,0,2
S073,Loops,2,0,105.4,2,56.8,72.7,1,0
S073,Loops,0,1,16.0,1,55.3,66.7,0,2
S073,Data Structures,2,1,55.6,1,56.4,71.4,1,2
S074,Data Structures,1,1,13.7,1,60.0,60.0,0,2
S074,OOP,2,1,21.6,1,100.0,100.0,1,1
S074,Loops,1,1,30.2,1,100.0,100.0,2,2
S074,Loops,2,1,25.4,1,100.0,100.0,3,2
S074,Data Structures,2,1,25.8,1,100.0,100.0,4,2
S074,Functions,1,1,20.0,2,100.0,100.0,5,2
S074,Loops,2,1,31.3,1,100.0,100.0,6,2
S074,Loops,2,0,58.2,2,100.0,100.0,7,1
S074,OOP,1,1,10.7,1,87.5,100.0,0,2
S074,Data Structures,2,1,33.4,1,88.9,100.0,1,2
S074,Loops,2,1,37.4,1,90.0,75.0,2,2
S074,Loops,2,0,79.2,2,90.9,80.0,3,0
S074,Loops,0,1,8.3,1,83.3,66.7,0,2
S074,OOP,2,1,31.7,1,84.6,100.0,1,2
S074,Functions,0,1,9.9,1,85.7,100.0,2,2
S074,Variables,2,1,15.1,1,86.7,86.7,3,2
S074,Functions,2,0,23.8,2,87.5,100.0,4,1
S074,Loops,1,1,21.1,1,82.4,71.4,0,2
S074,OOP,2,1,21.3,1,83.3,100.0,1,2
S074,Data Structures,2,1,45.5,1,84.2,100.0,2,2
S074,Variables,2,0,25.4,3,85.0,100.0,3,1
S074,OOP,1,1,17.8,1,81.0,100.0,0,2
S074,Data Structures,2,1,31.2,1,81.8,100.0,1,2
S074,OOP,2,1,24.3,1,82.6,100.0,2,2
S074,Functions,2,0,31.7,2,83.3,66.7,3,1
S074,Functions,1,1,17.4,1,80.0,50.0,0,2
S074,Loops,2,1,34.6,2,80.8,75.0,1,2
S074,Loops,2,1,35.7,1,81.5,77.8,2,2
S074,Loops,2,0,54.0,2,82.1,80.0,3,1
S074,Loops,1,1,29.3,1,79.3,72.7,0,1
S074,Functions,1,1,12.4,1,80.0,60.0,1,2
S074,Data Structures,1,1,19.2,1,80.6,100.0,2,2
S074,OOP,2,0,39.2,2,81.2,100.0,3,1
S074,Variables,2,1,13.3,1,78.8,50.0,0,1
S074,Data Structures,0,1,9.0,1,79.4,100.0,1,2
S074,Loops,2,1,39.1,1,80.0,75.0,2,2
S074,OOP,2,1,22.8,1,80.6,85.7,3,2
S074,OOP,2,1,24.7,1,81.1,87.5,4,2
S074,Functions,2,1,27.6,1,81.6,66.7,5,2
S074,Variables,2,1,24.1,1,82.1,66.7,6,2
S075,Data Structures,1,0,64.3,2,60.0,60.0,0,0
S075,Variables,0,1,31.5,1,0.0,0.0,0,1
S075,Functions,2,0,87.7,3,50.0,50.0,1,0
S075,Variables,0,1,16.7,1,33.3,100.0,0,2
S075,Variables,2,0,54.3,2,50.0,100.0,1,1
S075,Data Structures,1,0,54.3,2,40.0,0.0,0,0
S075,Functions,0,1,18.6,1,33.3,0.0,0,1
S075,Variables,1,1,21.1,1,42.9,66.7,1,2
S075,Loops,2,0,80.6,2,50.0,50.0,2,0
S075,OOP,0,1,25.2,1,44.4,44.4,0,1
S075,OOP,1,0,29.3,3,50.0,100.0,1,2
S075,Functions,2,0,174.4,1,45.5,50.0,0,0
S075,Loops,0,1,18.8,1,41.7,0.0,0,1
S075,OOP,1,1,34.0,3,46.2,50.0,1,1
S075,Variables,1,1,21.7,2,50.0,75.0,2,2
S075,Variables,0,1,15.6,1,53.3,80.0,3,2
S075,OOP,2,0,46.2,3,56.2,66.7,4,0
S075,OOP,0,0,16.4,3,52.9,50.0,0,0
S075,Loops,0,1,22.7,1,50.0,50.0,0,1
S075,Data Structures,1,0,34.7,2,52.6,0.0,1,0
S075,OOP,0,1,19.2,1,50.0,40.0,0,1
S075,Functions,1,0,88.6,3,52.4,33.3,1,0
S075,Functions,2,0,81.7,1,50.0,25.0,0,0
S075,Variables,0,1,12.1,1,47.8,83.3,0,2
S075,Variables,1,0,18.7,2,50.0,85.7,1,1
S075,Functions,1,0,93.9,2,48.0,20.0,0,0
S075,OOP,2,0,72.8,2,46.2,50.0,0,0
S075,Functions,0,1,21.5,1,44.4,16.7,0,1
S075,Variables,1,1,19.3,1,46.4,75.0,1,2
S075,Data Structures,2,0,79.3,2,48.3,0.0,2,0
S075,Data Structures,0,1,17.6,1,46.7,0.0,0,1
S075,Functions,1,0,30.0,2,48.4,28.6,1,0
S075,OOP,0,1,9.9,1,46.9,42.9,0,1
S075,Loops,1,1,34.3,1,48.5,66.7,1,2
S075,Data Structures,2,0,78.1,2,50.0,20.0,2,0
S075,Variables,0,1,13.4,1,48.6,77.8,0,2
S075,Loops,2,0,93.0,3,50.0,75.0,1,0
S075,OOP,0,1,16.3,1,48.6,50.0,0,1
S075,Functions,1,1,30.7,1,50.0,25.0,1,1
S075,Variables,1,1,21.2,1,51.3,80.0,2,2
S076,Data Structures,1,0,45.3,2,60.0,60.0,0,0
S076,OOP,0,0,23.0,3,0.0,0.0,0,0
S076,OOP,0,1,15.7,1,0.0,0.0,0,1
S076,Variables,1,0,100.1,2,33.3,33.3,1,0
S076,Functions,0,0,24.7,2,25.0,25.0,0,0
S076,Variables,0,1,28.8,1,20.0,0.0,0,1
S076,Variables,2,1,38.2,2,33.3,50.0,1,1
S076,Data Structures,1,0,45.7,3,42.9,0.0,2,0
S076,OOP,0,1,17.4,1,37.5,50.0,0,1
S076,Loops,1,1,42.7,1,44.4,44.4,1,1
S076,Functions,1,1,30.6,1,50.0,0.0,2,1
S076,Functions,1,0,42.1,2,54.5,50.0,3,0
S076,Data Structures,0,1,41.0,1,50.0,0.0,0,1
S076,Loops,1,0,37.4,3,53.8,100.0,1,1
S076,Variables,1,1,40.5,1,50.0,66.7,0,2
S076,Variables,2,0,55.4,2,53.3,75.0,1,0
S076,Data Structures,0,0,20.5,3,50.0,33.3,0,0
S076,Functions,2,0,97.8,3,47.1,33.3,0,0
S076,Data Structures,0,0,35.6,3,44.4,25.0,0,0
S076,Functions,0,1,23.2,1,42.1,25.0,0,1
S076,Loops,1,0,58.7,3,45.0,50.0,1,0
S076,Variables,0,1,20.1,1,42.9,60.0,0,2
S076,Data Structures,2,0,59.8,2,45.5,20.0,1,0
S076,Data Structures,0,1,15.1,1,43.5,16.7,0,1
S076,OOP,1,0,70.5,3,45.8,66.7,1,0
S076,Functions,0,1,31.4,1,44.0,40.0,0,1
S076,Data Structures,1,1,48.0,1,46.2,28.6,1,1
S076,OOP,1,1,34.3,1,48.1,50.0,2,2
S076,Functions,2,0,105.7,3,50.0,50.0,3,0
S076,Data Structures,0,1,29.6,1,48.3,37.5,0,1
S076,Functions,1,1,71.9,1,50.0,42.9,1,1
S076,Variables,1,0,45.7,2,51.6,66.7,2,0
S076,Functions,0,1,16.2,1,50.0,50.0,0,1
S076,OOP,1,0,46.6,2,51.5,60.0,1,0
S076,Functions,0,1,18.5,1,50.0,55.6,0,2
S076,Loops,2,0,99.5,2,51.4,33.3,1,0
S076,Data Structures,0,1,33.1,1,50.0,44.4,0,1
S076,Loops,1,1,42.3,1,51.4,25.0,1,1
S076,Data Structures,1,0,74.5,3,52.6,50.0,2,0
S076,Data Structures,0,0,35.2,3,51.3,45.5,0,0
S077,Data Structures,1,0,44.7,3,60.0,60.0,0,0
S077,Loops,0,1,22.2,1,0.0,0.0,0,1
S077,Functions,0,0,25.8,3,50.0,50.0,1,0
S077,Loops,1,0,30.3,1,33.3,100.0,0,1
S077,Loops,1,0,64.0,1,25.0,50.0,0,0
S077,OOP,0,1,9.4,2,20.0,20.0,0,1
S077,Data Structures,1,1,33.2,1,33.3,0.0,1,1
S077,Data Structures,1,0,48.5,2,42.9,50.0,2,0
S077,Functions,0,1,41.0,1,37.5,0.0,0,1
S077,Data Structures,1,0,101.1,3,44.4,33.3,1,0
S077,Variables,2,0,86.7,2,40.0,40.0,0,0
S077,Functions,1,0,38.7,3,36.4,50.0,0,0
S077,OOP,2,1,31.9,1,33.3,100.0,0,2
S077,Functions,2,0,74.2,3,38.5,33.3,1,0
S077,Functions,0,0,26.3,2,35.7,25.0,0,0
S077,Loops,0,1,25.2,1,33.3,33.3,0,1
S077,Loops,2,0,80.2,2,37.5,50.0,1,0
S077,Loops,0,1,13.5,1,35.3,40.0,0,1
S077,OOP,1,1,26.1,1,38.9,100.0,1,2
S077,Variables,2,0,65.5,2,42.1,0.0,2,0
S077,Loops,0,0,28.4,3,40.0,50.0,0,0
S077,Loops,1,0,43.7,3,38.1,42.9,0,0
S077,Data Structures,0,1,26.6,1,36.4,25.0,0,1
S077,OOP,1,1,18.3,1,39.1,100.0,1,2
S077,Functions,2,0,119.8,2,41.7,20.0,2,0
S077,OOP,1,0,38.4,1,40.0,100.0,0,1
S077,Variables,1,0,59.1,2,38.5,0.0,0,0
S077,Functions,0,0,37.0,2,37.0,16.7,0,0
S077,Loops,0,1,19.1,1,35.7,37.5,0,1
S077,Loops,1,0,30.0,3,37.9,44.4,1,0
S077,Loops,0,0,22.5,2,36.7,40.0,0,0
S077,Data Structures,0,1,21.2,2,35.5,40.0,0,1
S077,Variables,1,0,70.5,3,37.5,0.0,1,0
S077,Data Structures,0,1,17.9,1,36.4,50.0,0,1
S077,Variables,1,1,42.6,2,38.2,0.0,1,1
S077,Functions,1,1,50.7,1,40.0,14.3,2,1
S077,Variables,1,0,55.1,2,41.7,20.0,3,0
S077,Data Structures,2,0,103.8,3,40.5,57.1,0,1
S077,Loops,1,0,52.6,2,39.5,36.4,0,0
S077,Loops,2,0,49.8,3,38.5,33.3,0,0
S078,Functions,1,0,59.0,2,60.0,60.0,0,0
S078,Functions,0,1,26.1,3,0.0,0.0,0,0
S078,OOP,2,0,78.4,3,50.0,50.0,1,0
S078,Loops,0,0,53.5,3,33.3,33.3,0,0
S078,Loops,0,0,24.5,2,25.0,0.0,0,0
S078,Data Structures,2,0,128.7,2,20.0,20.0,0,0
S078,Variables,1,0,61.1,3,16.7,16.7,0,0
S078,Data Structures,0,0,44.5,2,14.3,0.0,0,0
S078,Data Structures,0,0,46.2,3,12.5,0.0,0,0
S078,Functions,0,0,46.6,1,11.1,50.0,0,0
S078,OOP,1,0,58.0,2,10.0,0.0,0,0
S078,Variables,0,0,17.8,2,9.1,0.0,0,0
S078,Loops,0,0,89.8,3,8.3,0.0,0,0
S078,OOP,0,0,21.9,3,7.7,0.0,0,0
S078,Loops,0,0,41.7,2,7.1,0.0,0,0
S078,Loops,0,0,26.2,3,6.7,0.0,0,0
S078,Functions,0,0,34.3,2,6.2,33.3,0,0
S078,Functions,1,0,62.4,2,5.9,25.0,0,0
S078,Variables,1,0,44.5,1,5.6,0.0,0,0
S078,Functions,0,0,55.4,2,5.3,20.0,0,0
S078,Data Structures,0,0,35.8,2,5.0,0.0,0,0
S078,Loops,0,0,42.4,3,4.8,0.0,0,0
S078,Data Structures,1,0,87.6,3,4.5,0.0,0,0
S078,Data Structures,0,0,35.1,2,4.3,0.0,0,0
S078,Loops,0,0,34.8,2,4.2,0.0,0,0
S078,Functions,0,1,37.1,1,4.0,16.7,0,1
S078,Loops,1,0,71.8,3,7.7,0.0,1,0
S078,OOP,2,0,51.1,3,7.4,0.0,0,0
S078,Loops,0,0,80.6,3,7.1,0.0,0,0
S078,Data Structures,0,0,39.1,2,6.9,0.0,0,0
S078,Data Structures,0,1,41.7,1,6.7,0.0,0,1
S078,Loops,0,0,28.0,3,9.7,0.0,1,0
S078,Variables,0,0,25.1,3,9.4,0.0,0,0
S078,Loops,0,0,27.6,2,9.1,0.0,0,0
S078,Functions,0,0,18.3,3,8.8,28.6,0,0
S078,Functions,0,1,25.3,1,8.6,25.0,0,1
S078,Variables,1,0,87.0,2,11.1,0.0,1,0
S078,Loops,1,0,47.5,2,10.8,0.0,0,0
S078,Variables,0,1,24.9,1,10.5,0.0,0,1
S078,Loops,0,0,27.9,2,12.8,0.0,1,0
S079,Functions,1,1,21.5,1,60.0,60.0,0,2
S079,Data Structures,1,0,31.4,1,100.0,100.0,1,1
S079,Functions,1,1,26.2,1,50.0,100.0,0,2
S079,Functions,2,0,25.5,3,66.7,100.0,1,1
S079,Data Structures,0,0,17.5,1,50.0,0.0,0,0
S079,Data Structures,0,1,14.6,1,40.0,0.0,0,1
S079,Loops,0,1,12.0,1,50.0,50.0,1,2
S079,Functions,2,0,77.5,2,57.1,66.7,2,0
S079,Functions,0,1,15.8,1,50.0,50.0,0,1
S079,Functions,1,1,23.2,1,55.6,60.0,1,2
S079,Functions,2,1,37.2,1,60.0,66.7,2,2
S079,Loops,2,1,36.2,1,63.6,100.0,3,2
S079,Variables,2,0,63.7,3,66.7,66.7,4,0
S079,Loops,0,1,15.7,1,61.5,100.0,0,2
S079,Variables,2,0,67.1,2,64.3,0.0,1,0
S079,Functions,0,1,13.2,3,60.0,71.4,0,1
S079,Functions,1,1,27.0,1,62.5,75.0,1,2
S079,Variables,2,1,47.9,1,64.7,0.0,2,1
S079,OOP,2,0,66.4,3,66.7,66.7,3,0
S079,Functions,0,1,19.6,1,63.2,77.8,0,2
S079,Loops,2,1,37.4,1,65.0,100.0,1,2
S079,Functions,2,0,36.1,3,66.7,80.0,2,0
S079,OOP,2,0,57.5,3,63.6,0.0,0,0
S079,Loops,0,1,11.1,1,60.9,100.0,0,2
S079,Variables,1,1,28.3,1,62.5,33.3,1,2
S079,Functions,1,1,22.7,1,64.0,72.7,2,2
S079,Variables,2,1,37.7,2,65.4,50.0,3,2
S079,Loops,2,1,37.0,1,66.7,100.0,4,2
S079,Variables,2,0,45.8,2,67.9,60.0,5,0
S079,Functions,0,1,13.5,1,65.5,75.0,0,2
S079,Variables,2,0,126.8,2,66.7,50.0,1,0
S079,OOP,0,1,34.1,1,64.5,0.0,0,1
S079,Loops,1,1,25.0,1,65.6,100.0,1,2
S079,Loops,2,0,48.1,1,66.7,100.0,2,1
S079,Data Structures,1,1,28.3,1,64.7,33.3,0,2
S079,Data Structures,2,0,73.8,2,65.7,50.0,1,0
S079,OOP,0,1,19.9,1,63.9,33.3,0,1
S079,Variables,1,1,16.7,1,64.9,42.9,1,2
S079,Variables,1,1,36.9,1,65.8,50.0,2,2
S079,OOP,2,0,89.6,1,66.7,50.0,3,0
S080,OOP,1,0,57.7,2,60.0,60.0,0,0
S080,Variables,1,1,19.6,1,0.0,0.0,0,1
S080,Data Structures,1,0,42.6,3,50.0,50.0,1,1
S080,Variables,1,1,26.4,1,33.3,100.0,0,2
S080,OOP,1,0,38.5,2,50.0,0.0,1,0
S080,Loops,0,0,23.3,3,40.0,40.0,0,0
S080,Functions,0,1,10.4,1,33.3,33.3,0,1
S080,Functions,1,1,20.1,1,42.9,100.0,1,2
S080,Loops,0,1,16.0,1,50.0,0.0,2,1
S080,Functions,1,1,12.5,1,55.6,100.0,3,2
S080,Data Structures,1,1,28.9,1,60.0,0.0,4,1
S080,Functions,1,1,21.4,1,63.6,100.0,5,2
S080,Loops,2,1,49.5,1,66.7,50.0,6,2
S080,Variables,2,1,48.4,2,69.2,100.0,7,2
S080,Functions,2,1,31.8,1,71.4,100.0,8,2
S080,Functions,2,0,72.2,3,73.3,100.0,9,1
S080,OOP,1,1,20.0,1,68.8,0.0,0,1
S080,Loops,1,1,24.8,3,70.6,66.7,1,2
S080,Variables,2,1,36.6,1,72.2,100.0,2,2
S080,Data Structures,1,1,26.5,1,73.7,50.0,3,2
S080,Variables,2,0,47.6,1,75.0,100.0,4,1
S080,Data Structures,1,1,29.8,1,71.4,66.7,0,1
S080,Functions,1,1,25.0,1,72.7,83.3,1,2
S080,OOP,2,1,42.1,1,73.9,33.3,2,2
S080,Functions,2,1,37.5,1,75.0,85.7,3,2
S080,Loops,0,1,20.2,1,76.0,75.0,4,2
S080,Variables,2,1,31.1,1,76.9,80.0,5,2
S080,OOP,2,1,34.3,1,77.8,50.0,6,2
S080,OOP,2,0,35.3,3,78.6,60.0,7,0
S080,Variables,0,1,19.4,1,75.9,83.3,0,2
S080,Loops,2,0,45.6,2,76.7,80.0,1,1
S080,Loops,0,1,8.9,1,74.2,66.7,0,2
S080,Data Structures,2,0,72.4,2,75.0,75.0,1,0
S080,Data Structures,0,1,11.5,1,72.7,60.0,0,2
S080,Data Structures,2,1,53.8,1,73.5,66.7,1,2
S080,Variables,2,1,53.3,1,74.3,85.7,2,2
S080,Variables,2,0,61.3,3,75.0,87.5,3,0
S080,Functions,0,1,10.1,1,73.0,87.5,0,2
S080,Variables,2,0,72.5,1,73.7,77.8,1,1
S080,Data Structures,1,1,26.9,2,71.8,71.4,0,2
S081,Variables,1,1,17.1,1,60.0,60.0,0,1
S081,Loops,1,1,19.5,1,100.0,100.0,1,2
S081,Data Structures,1,1,17.5,1,100.0,100.0,2,2
S081,Data Structures,2,1,24.6,3,100.0,100.0,3,2
S081,OOP,1,1,20.2,1,100.0,100.0,4,2
S081,Loops,2,1,46.6,1,100.0,100.0,5,2
S081,Functions,2,1,56.7,1,100.0,100.0,6,2
S081,Functions,1,1,26.0,1,100.0,100.0,7,2
S081,OOP,2,0,92.3,3,100.0,100.0,8,1
S081,Data Structures,0,1,16.5,1,88.9,100.0,0,2
S081,Loops,2,0,40.8,2,90.0,100.0,1,1
S081,OOP,1,0,57.9,2,81.8,50.0,0,0
S081,Loops,0,1,11.3,1,75.0,66.7,0,2
S081,Variables,2,0,42.2,2,76.9,100.0,1,1
S081,OOP,1,1,39.2,1,71.4,33.3,0,1
S081,Variables,1,1,17.5,2,73.3,50.0,1,2
S081,Data Structures,2,1,28.2,1,75.0,100.0,2,1
S081,OOP,1,1,27.1,1,76.5,50.0,3,2
S081,Data Structures,2,0,54.8,2,77.8,100.0,4,1
S081,Data Structures,1,1,21.0,1,73.7,80.0,0,2
S081,Loops,2,1,30.4,1,75.0,75.0,1,2
S081,Variables,2,0,32.7,3,76.2,66.7,2,0
S081,Data Structures,0,1,16.9,1,72.7,83.3,0,2
S081,Functions,0,1,9.8,1,73.9,100.0,1,2
S081,Functions,2,0,36.4,2,75.0,100.0,2,1
S081,OOP,1,1,30.9,2,72.0,60.0,0,2
S081,OOP,2,0,55.4,3,73.1,66.7,1,0
S081,Functions,0,1,19.0,1,70.4,75.0,0,2
S081,Functions,2,0,38.7,2,71.4,80.0,1,1
S081,Functions,2,0,22.0,1,69.0,66.7,0,1
S081,Data Structures,1,1,32.1,1,66.7,85.7,0,2
S081,Variables,2,0,68.7,2,67.7,50.0,1,0
S081,Variables,0,1,19.3,1,65.6,40.0,0,1
S081,Variables,1,1,17.1,1,66.7,50.0,1,2
S081,Functions,2,1,31.0,1,67.6,57.1,2,2
S081,OOP,2,1,47.2,1,68.6,57.1,3,2
S081,Loops,2,0,56.6,3,69.4,80.0,4,0
S081,Variables,0,1,11.1,1,67.6,57.1,0,2
S081,OOP,1,1,30.0,1,68.4,62.5,1,2
S081,Variables,2,1,28.4,1,69.2,62.5,2,2
S082,Functions,1,0,68.3,2,60.0,60.0,0,0
S082,Functions,0,0,29.0,2,0.0,0.0,0,0
S082,Data Structures,0,0,36.4,2,0.0,0.0,0,0
S082,Variables,0,0,23.6,3,0.0,0.0,0,0
S082,OOP,0,0,31.4,2,0.0,0.0,0,0
S082,OOP,0,0,33.5,2,0.0,0.0,0,0
S082,Variables,0,1,15.3,1,0.0,0.0,0,1
S082,Data Structures,1,0,50.8,3,14.3,0.0,1,0
S082,OOP,0,0,40.4,3,12.5,0.0,0,0
S082,Variables,0,1,17.0,1,11.1,50.0,0,1
S082,Loops,1,0,47.1,3,20.0,20.0,1,0
S082,Loops,0,0,50.1,2,18.2,0.0,0,0
S082,OOP,2,0,140.0,2,16.7,0.0,0,0
S082,Variables,0,1,18.7,1,15.4,66.7,0,1
S082,Data Structures,1,0,43.4,3,21.4,0.0,1,1
S082,Loops,1,0,79.4,2,20.0,0.0,0,0
S082,Data Structures,0,0,37.8,3,18.8,0.0,0,0
S082,Variables,0,0,45.7,2,17.6,75.0,0,0
S082,Variables,1,0,85.3,3,16.7,60.0,0,0
S082,Data Structures,0,0,28.5,3,15.8,0.0,0,0
S082,Functions,0,0,29.8,3,15.0,0.0,0,0
S082,Functions,0,0,35.6,2,14.3,0.0,0,0
S082,Functions,2,0,60.7,3,13.6,0.0,0,0
S082,Functions,0,1,30.3,1,13.0,0.0,0,1
S082,Loops,1,0,51.2,3,16.7,0.0,1,0
S082,Variables,0,0,27.7,1,16.0,50.0,0,0
S082,OOP,1,0,78.0,3,15.4,0.0,0,0
S082,Loops,0,0,25.6,2,14.8,0.0,0,0
S082,Variables,0,1,21.6,1,14.3,42.9,0,1
S082,Data Structures,2,0,90.2,3,17.2,0.0,1,0
S082,Data Structures,0,1,28.6,1,16.7,0.0,0,1
S082,OOP,0,0,32.5,2,19.4,0.0,1,0
S082,Data Structures,0,0,46.4,1,18.8,14.3,0,0
S082,Variables,0,1,31.9,1,18.2,50.0,0,1
S082,Data Structures,1,0,46.3,3,20.6,12.5,1,0
S082,Data Structures,0,0,21.9,2,20.0,11.1,0,0
S082,Loops,0,0,60.6,3,19.4,0.0,0,0
S082,Variables,0,0,28.6,2,18.9,55.6,0,0
S082,Data Structures,0,1,25.6,1,18.4,10.0,0,1
S082,Variables,1,0,32.8,3,20.5,50.0,1,0
S083,Loops,1,1,19.6,2,60.0,60.0,0,2
S083,Loops,2,1,21.1,1,100.0,100.0,1,2
S083,OOP,2,1,24.4,1,100.0,100.0,2,2
S083,Variables,2,1,30.7,3,100.0,100.0,3,2
S083,Loops,0,1,9.8,1,100.0,100.0,4,2
S083,Data Structures,2,1,46.6,1,100.0,100.0,5,2
S083,Variables,2,1,18.9,1,100.0,100.0,6,2
S083,Data Structures,2,1,41.4,1,100.0,100.0,7,2
S083,OOP,2,1,18.6,1,100.0,100.0,8,2
S083,Variables,2,1,30.0,1,100.0,100.0,9,2
S083,Variables,2,1,17.3,1,100.0,100.0,10,2
S083,Variables,2,0,28.5,2,100.0,100.0,11,1
S083,Loops,1,1,21.0,1,91.7,100.0,0,2
S083,Variables,2,1,33.1,1,92.3,80.0,1,2
S083,Variables,2,1,25.4,1,92.9,83.3,2,2
S083,OOP,2,1,21.4,1,93.3,100.0,3,2
S083,Variables,2,1,44.1,1,93.8,85.7,4,2
S083,Loops,2,0,23.6,3,94.1,100.0,5,1
S083,Variables,1,1,12.8,1,88.9,87.5,0,2
S083,Variables,2,1,33.3,1,89.5,88.9,1,2
S083,OOP,2,1,24.4,1,90.0,100.0,2,2
S083,OOP,2,1,31.6,1,90.5,100.0,3,2
S083,Functions,2,1,34.8,3,90.9,90.9,4,2
S083,Data Structures,2,1,40.1,1,91.3,100.0,5,2
S083,Data Structures,2,1,36.0,3,91.7,100.0,6,2
S083,Functions,1,1,20.5,1,92.0,100.0,7,2
S083,Functions,2,1,23.2,1,92.3,100.0,8,2
S083,Variables,2,1,50.2,1,92.6,90.0,9,2
S083,Data Structures,2,1,27.8,2,92.9,100.0,10,2
S083,Data Structures,2,1,37.6,1,93.1,100.0,11,2
S083,Functions,2,1,27.9,1,93.3,100.0,12,1
S083,Loops,2,1,18.1,1,93.5,80.0,13,2
S083,Data Structures,2,1,34.1,1,93.8,100.0,14,2
S083,Loops,2,1,26.6,3,93.9,83.3,15,2
S083,Functions,2,1,25.4,1,94.1,100.0,16,2
S083,Variables,2,1,21.5,1,94.3,90.9,17,2
S083,Loops,2,1,20.5,1,94.4,85.7,18,2
S083,Loops,2,1,24.2,1,94.6,87.5,19,2
S083,Functions,2,1,28.5,1,94.7,100.0,20,2
S083,OOP,0,1,7.9,1,94.9,100.0,21,2
S084,Functions,1,1,26.0,2,60.0,60.0,0,2
S084,Loops,2,0,40.8,2,100.0,100.0,1,1
S084,OOP,1,1,33.2,1,50.0,50.0,0,2
S084,Data Structures,2,0,76.3,3,66.7,66.7,1,0
S084,OOP,0,1,11.8,1,50.0,100.0,0,2
S084,Variables,2,0,120.1,3,60.0,60.0,1,0
S084,Variables,0,1,24.7,1,50.0,0.0,0,1
S084,Data Structures,1,1,42.4,1,57.1,0.0,1,1
S084,Data Structures,1,0,43.8,1,62.5,50.0,2,1
S084,Loops,1,1,31.8,1,55.6,0.0,0,1
S084,Data Structures,1,0,29.4,2,60.0,33.3,1,0
S084,Data Structures,1,0,50.1,2,54.5,25.0,0,0
S084,Loops,0,1,12.0,1,50.0,50.0,0,2
S084,Data Structures,2,0,78.3,3,53.8,20.0,1,0
S084,Loops,0,1,12.5,1,50.0,66.7,0,2
S084,Loops,2,1,37.9,1,53.3,75.0,1,1
S084,Data Structures,1,0,31.1,2,56.2,16.7,2,0
S084,Data Structures,0,1,19.6,1,52.9,14.3,0,1
S084,Functions,1,1,32.3,3,55.6,100.0,1,2
S084,Functions,2,0,75.1,2,57.9,100.0,2,1
S084,Loops,1,1,14.8,1,55.0,80.0,0,2
S084,Loops,0,1,10.8,1,57.1,83.3,1,2
S084,OOP,0,1,17.2,1,59.1,100.0,2,2
S084,Data Structures,1,1,37.6,1,60.9,25.0,3,1
S084,OOP,1,1,23.2,1,62.5,100.0,4,2
S084,Variables,0,1,22.7,1,64.0,50.0,5,1
S084,Loops,2,1,43.1,1,65.4,85.7,6,2
S084,Data Structures,2,0,59.4,2,66.7,33.3,7,0
S084,Variables,0,1,16.3,1,64.3,66.7,0,2
S084,Variables,2,0,58.5,2,65.5,75.0,1,0
S084,Loops,2,1,38.4,3,63.3,87.5,0,2
S084,Data Structures,2,0,46.6,2,64.5,30.0,1,0
S084,OOP,0,1,7.5,1,62.5,100.0,0,2
S084,Variables,2,1,52.2,1,63.6,60.0,1,2
S084,Loops,2,1,38.2,1,64.7,88.9,2,2
S084,Loops,2,0,70.6,2,65.7,90.0,3,0
S084,OOP,0,1,12.3,1,63.9,100.0,0,2
S084,Data Structures,2,0,81.1,2,64.9,27.3,1,0
S084,Loops,0,1,15.2,1,63.2,81.8,0,2
S084,Loops,2,1,23.6,2,64.1,83.3,1,2
S085,Data Structures,1,1,41.1,1,60.0,60.0,0,2
S085,Loops,2,0,113.4,2,100.0,100.0,1,1
S085,Loops,1,1,30.2,1,50.0,0.0,0,1
S085,Data Structures,1,0,51.1,2,66.7,100.0,1,1
S085,Loops,1,0,58.6,2,50.0,50.0,0,0
S085,Functions,0,0,66.1,2,40.0,40.0,0,0
S085,Loops,0,1,12.5,1,33.3,33.3,0,1
S085,OOP,1,0,45.6,3,42.9,42.9,1,0
S085,Loops,0,0,30.0,2,37.5,50.0,0,0
S085,Variables,0,0,29.4,3,33.3,33.3,0,0
S085,Variables,0,0,27.3,3,30.0,0.0,0,0
S085,Loops,0,1,17.3,1,27.3,40.0,0,1
S085,Data Structures,1,0,33.1,2,33.3,50.0,1,0
S085,OOP,0,1,18.7,1,30.8,0.0,0,1
S085,Data Structures,1,1,34.6,1,35.7,33.3,1,1
S085,Functions,1,0,67.6,2,40.0,0.0,2,0
S085,OOP,0,1,39.1,1,37.5,50.0,0,1
S085,OOP,1,0,39.6,3,41.2,66.7,1,0
S085,Variables,0,1,30.2,1,38.9,0.0,0,1
S085,Data Structures,1,0,26.7,2,42.1,50.0,1,0
S085,Variables,0,0,43.3,2,40.0,33.3,0,0
S085,Functions,0,1,15.9,1,38.1,0.0,0,1
S085,Data Structures,1,0,40.2,3,40.9,40.0,1,0
S085,Variables,0,1,30.0,1,39.1,25.0,0,1
S085,Variables,1,0,77.6,2,41.7,40.0,1,0
S085,Variables,0,0,42.2,2,40.0,33.3,0,0
S085,Variables,1,0,54.7,3,38.5,28.6,0,0
S085,Functions,0,0,28.8,2,37.0,33.3,0,0
S085,OOP,0,1,19.5,1,35.7,50.0,0,1
S085,Functions,1,0,48.3,1,37.9,25.0,1,0
S085,OOP,0,1,25.2,1,36.7,60.0,0,1
S085,Data Structures,1,0,33.6,2,38.7,33.3,1,0
S085,Loops,0,0,50.9,2,37.5,50.0,0,0
S085,Data Structures,0,1,15.8,1,36.4,28.6,0,1
S085,Variables,0,1,17.1,1,38.2,25.0,1,1
S085,Functions,1,0,65.1,2,40.0,20.0,2,0
S085,Data Structures,0,1,20.5,1,38.9,37.5,0,1
S085,Variables,1,0,55.7,3,40.5,33.3,1,0
S085,Loops,0,1,16.4,1,39.5,42.9,0,1
S085,OOP,1,0,53.5,2,41.0,66.7,1,0
S086,Functions,1,0,84.1,2,60.0,60.0,0,0
S086,Variables,0,0,33.6,3,0.0,0.0,0,0
S086,Loops,0,0,56.5,3,0.0,0.0,0,0
S086,Variables,0,1,29.1,1,0.0,0.0,0,1
S086,Loops,1,0,81.8,2,25.0,0.0,1,0
S086,Data Structures,0,1,34.5,1,20.0,20.0,0,1
S086,Loops,1,1,41.9,1,33.3,0.0,1,1
S086,Loops,1,1,51.8,1,42.9,33.3,2,1
S086,Functions,0,0,43.9,2,50.0,0.0,3,0
S086,Loops,2,0,94.3,2,44.4,50.0,0,0
S086,Loops,0,0,31.4,3,40.0,40.0,0,0
S086,Functions,1,0,80.9,3,36.4,0.0,0,0
S086,OOP,0,0,58.8,2,33.3,33.3,0,0
S086,Loops,0,0,24.3,3,30.8,33.3,0,0
S086,Functions,1,0,38.5,3,28.6,0.0,0,0
S086,OOP,0,0,48.1,2,26.7,0.0,0,0
S086,Data Structures,0,1,22.4,1,25.0,100.0,0,2
S086,OOP,2,0,88.4,2,29.4,0.0,1,0
S086,OOP,0,0,29.3,3,27.8,0.0,0,0
S086,OOP,0,0,45.6,3,26.3,0.0,0,0
S086,OOP,1,0,59.3,2,25.0,0.0,0,0
S086,OOP,0,0,63.8,3,23.8,0.0,0,0
S086,Data Structures,1,0,49.8,2,22.7,100.0,0,0
S086,Data Structures,0,0,25.8,3,21.7,66.7,0,0
S086,Functions,0,0,29.3,2,20.8,0.0,0,0
S086,Functions,0,0,41.3,3,20.0,0.0,0,0
S086,Functions,0,0,30.0,2,19.2,0.0,0,0
S086,Functions,0,0,34.1,2,18.5,0.0,0,0
S086,Data Structures,0,0,28.9,3,17.9,50.0,0,0
S086,Data Structures,0,1,27.8,1,17.2,40.0,0,1
S086,Functions,1,0,107.6,3,20.0,0.0,1,0
S086,Loops,0,0,26.7,2,19.4,28.6,0,0
S086,Loops,1,0,50.1,3,18.8,25.0,0,0
S086,Functions,2,0,67.1,2,18.2,0.0,0,0
S086,Variables,0,1,27.4,1,17.6,50.0,0,1
S086,Variables,1,0,65.5,2,20.0,66.7,1,0
S086,Loops,0,0,33.8,3,19.4,22.2,0,0
S086,Functions,0,0,38.7,2,18.9,0.0,0,0
S086,Functions,0,0,44.9,2,18.4,0.0,0,0
S086,Variables,0,0,38.6,3,17.9,50.0,0,0
S087,OOP,1,0,53.8,3,60.0,60.0,0,0
S087,Loops,0,1,34.0,1,0.0,0.0,0,1
S087,Loops,1,0,73.6,3,50.0,100.0,1,0
S087,Loops,2,0,102.0,3,33.3,50.0,0,0
S087,Variables,0,0,30.6,2,25.0,25.0,0,0
S087,Loops,0,1,22.7,1,20.0,33.3,0,1
S087,Data Structures,1,0,58.4,2,33.3,33.3,1,0
S087,Functions,0,0,22.5,3,28.6,28.6,0,0
S087,Loops,0,0,17.0,2,25.0,50.0,0,0
S087,Data Structures,0,0,28.0,2,22.2,0.0,0,0
S087,OOP,0,0,38.0,2,20.0,0.0,0,0
S087,Data Structures,1,0,37.4,2,18.2,0.0,0,0
S087,Loops,0,1,22.7,2,16.7,40.0,0,1
S087,Data Structures,1,0,71.4,2,23.1,0.0,1,0
S087,Loops,0,0,50.8,3,21.4,50.0,0,0
S087,Variables,0,0,31.9,2,20.0,0.0,0,0
S087,Data Structures,0,0,25.6,3,18.8,0.0,0,0
S087,Data Structures,0,0,30.0,2,17.6,0.0,0,1
S087,OOP,1,0,47.7,2,16.7,0.0,0,0
S087,Data Structures,0,0,28.8,2,15.8,0.0,0,0
S087,Variables,0,0,37.5,3,15.0,0.0,0,0
S087,Variables,0,0,66.7,2,14.3,0.0,0,0
S087,Loops,0,0,21.2,2,13.6,42.9,0,0
S087,Loops,0,0,47.4,3,13.0,37.5,0,0
S087,Functions,0,0,21.8,3,12.5,0.0,0,0
S087,Functions,0,1,21.8,1,12.0,0.0,0,1
S087,Loops,1,0,33.3,3,15.4,33.3,1,0
S087,Loops,0,0,26.2,3,14.8,30.0,0,0
S087,Loops,0,1,16.2,1,14.3,27.3,0,0
S087,Loops,0,0,14.6,1,17.2,33.3,1,0
S087,Loops,0,1,32.4,1,16.7,30.8,0,1
S087,Data Structures,1,0,125.7,3,19.4,0.0,1,0
S087,Loops,0,1,23.4,1,18.8,35.7,0,1
S087,OOP,1,0,76.7,3,21.2,0.0,1,0
S087,Functions,1,0,110.1,2,20.6,33.3,0,0
S087,Data Structures,0,0,32.1,3,20.0,0.0,0,0
S087,Functions,0,0,36.1,3,19.4,25.0,0,0
S087,Functions,0,1,26.7,2,18.9,20.0,0,1
S087,OOP,1,0,42.5,2,21.1,0.0,1,0
S087,Variables,0,0,54.4,3,20.5,0.0,0,0
S088,OOP,1,1,29.3,1,60.0,60.0,0,2
S088,Data Structures,2,0,70.5,2,100.0,100.0,1,1
S088,Data Structures,0,1,19.9,1,50.0,0.0,0,1
S088,Data Structures,1,1,45.7,1,66.7,50.0,1,2
S088,OOP,1,1,56.2,1,75.0,100.0,2,2
S088,Loops,0,1,24.3,1,80.0,80.0,3,2
S088,Functions,2,1,62.2,1,83.3,83.3,4,1
S088,OOP,1,1,34.7,1,85.7,100.0,5,2
S088,Variables,2,0,75.4,3,87.5,87.5,6,0
S088,Data Structures,0,1,16.6,2,77.8,66.7,0,2
S088,Functions,2,0,62.6,1,80.0,100.0,1,1
S088,Data Structures,1,0,56.3,3,72.7,75.0,0,0
S088,Loops,0,1,12.4,1,66.7,100.0,0,2
S088,Variables,2,0,84.4,2,69.2,0.0,1,0
S088,Functions,0,1,26.3,1,64.3,50.0,0,1
S088,Functions,1,0,42.1,2,66.7,66.7,1,0
S088,Variables,0,1,25.2,1,62.5,0.0,0,1
S088,Data Structures,1,1,42.2,1,64.7,60.0,1,2
S088,Functions,2,0,54.1,2,66.7,50.0,2,0
S088,Data Structures,1,1,29.0,1,63.2,66.7,0,2
S088,Data Structures,2,1,23.4,1,65.0,71.4,1,2
S088,OOP,1,0,40.6,2,66.7,100.0,2,1
S088,Loops,1,0,72.8,2,63.6,100.0,0,0
S088,Loops,0,1,16.9,1,60.9,66.7,0,2
S088,Loops,2,0,43.1,3,62.5,75.0,1,0
S088,Variables,0,1,19.3,1,60.0,33.3,0,1
S088,Loops,1,0,59.8,2,61.5,60.0,1,0
S088,Loops,0,0,34.5,3,59.3,50.0,0,0
S088,Loops,0,1,20.4,1,57.1,42.9,0,1
S088,Data Structures,1,0,58.9,3,58.6,75.0,1,0
S088,Data Structures,0,1,22.7,1,56.7,66.7,0,2
S088,OOP,2,0,133.0,2,58.1,75.0,1,0
S088,Data Structures,0,1,11.9,1,56.2,70.0,0,2
S088,Loops,2,0,92.7,2,57.6,50.0,1,0
S088,Data Structures,0,1,28.1,1,55.9,72.7,0,2
S088,Variables,2,0,57.6,2,57.1,50.0,1,0
S088,Variables,0,1,29.2,1,55.6,40.0,0,1
S088,Data Structures,1,0,46.5,2,56.8,75.0,1,0
S088,Data Structures,0,1,10.3,1,55.3,69.2,0,2
S088,Functions,0,1,21.4,1,56.4,40.0,1,1
S089,Variables,1,1,18.1,1,60.0,60.0,0,2
S089,Loops,2,1,31.5,1,100.0,100.0,1,2
S089,Variables,2,1,21.6,1,100.0,100.0,2,2
S089,Loops,2,1,27.9,3,100.0,100.0,3,2
S089,Variables,1,1,30.8,2,100.0,100.0,4,2
S089,Functions,2,0,25.1,2,100.0,100.0,5,1
S089,Data Structures,0,1,13.9,1,83.3,83.3,0,2
S089,Functions,2,1,37.7,1,85.7,0.0,1,1
S089,Data Structures,1,1,15.2,1,87.5,100.0,2,2
S089,Functions,2,1,15.3,1,88.9,50.0,3,2
S089,Loops,2,0,37.6,3,90.0,100.0,4,1
S089,Data Structures,2,1,33.7,1,81.8,100.0,0,2
S089,OOP,1,1,24.8,1,83.3,83.3,1,2
S089,Data Structures,2,0,31.4,2,84.6,100.0,2,1
S089,OOP,1,1,15.2,1,78.6,100.0,0,2
S089,Data Structures,2,0,50.0,3,80.0,75.0,1,0
S089,Variables,0,1,6.1,1,75.0,100.0,0,2
S089,Data Structures,2,1,25.1,1,76.5,60.0,1,2
S089,Variables,2,0,38.1,2,77.8,100.0,2,1
S089,Loops,1,1,9.3,2,73.7,66.7,0,2
S089,Loops,2,1,31.1,1,75.0,75.0,1,2
S089,Loops,2,1,19.3,1,76.2,80.0,2,2
S089,Data Structures,2,1,45.9,1,77.3,66.7,3,2
S089,Loops,2,1,18.6,1,78.3,83.3,4,2
S089,OOP,2,0,31.4,2,79.2,100.0,5,1
S089,Loops,1,1,20.7,1,76.0,85.7,0,2
S089,Loops,2,1,24.3,1,76.9,87.5,1,2
S089,Functions,1,1,12.3,1,77.8,66.7,2,2
S089,Data Structures,2,1,23.3,1,78.6,71.4,3,2
S089,Data Structures,2,1,40.0,1,79.3,75.0,4,2
S089,OOP,2,1,27.1,1,80.0,66.7,5,2
S089,Loops,0,1,7.5,1,80.6,88.9,6,2
S089,Data Structures,2,1,32.2,1,81.2,77.8,7,2
S089,Loops,2,1,27.4,1,81.8,90.0,8,2
S089,Functions,2,1,25.3,1,82.4,75.0,9,2
S089,Functions,2,1,20.6,1,82.9,80.0,10,2
S089,Variables,2,1,39.4,1,83.3,80.0,11,2
S089,Data Structures,2,1,28.5,1,83.8,80.0,12,2
S089,Functions,2,1,27.6,1,84.2,83.3,13,2
S089,Loops,2,1,29.7,2,84.6,90.9,14,2
S090,OOP,1,1,36.0,1,60.0,60.0,0,2
S090,Functions,2,1,28.9,1,100.0,100.0,1,2
S090,Variables,0,1,12.5,1,100.0,100.0,2,2
S090,OOP,2,0,90.4,3,100.0,100.0,3,1
S090,Variables,1,1,25.7,1,75.0,100.0,0,2
S090,OOP,2,0,60.4,3,80.0,50.0,1,0
S090,Functions,0,1,12.4,1,66.7,100.0,0,2
S090,Variables,2,0,87.5,2,71.4,100.0,1,1
S090,Loops,1,0,31.2,2,62.5,62.5,0,0
S090,Variables,0,1,12.3,1,55.6,66.7,0,2
S090,Functions,2,1,45.1,1,60.0,100.0,1,2
S090,Functions,0,1,9.4,1,63.6,100.0,2,2
S090,Functions,2,1,36.4,1,66.7,100.0,3,2
S090,Functions,2,1,33.2,1,69.2,100.0,4,2
S090,Variables,2,0,45.6,3,71.4,75.0,5,0
S090,OOP,0,1,12.2,1,66.7,33.3,0,1
S090,Loops,1,1,16.9,1,68.8,0.0,1,1
S090,Variables,1,1,29.0,1,70.6,60.0,2,2
S090,Loops,2,1,34.0,1,72.2,50.0,3,1
S090,Functions,1,1,15.1,1,73.7,100.0,4,2
S090,Functions,2,0,28.5,3,75.0,100.0,5,1
S090,Data Structures,1,0,55.2,2,71.4,71.4,0,0
S090,Variables,1,1,21.9,1,68.2,66.7,0,2
S090,Loops,2,0,28.9,2,69.6,66.7,1,0
S090,Variables,0,1,13.2,1,66.7,71.4,0,2
S090,Variables,0,1,16.4,1,68.0,75.0,1,1
S090,Loops,1,0,49.3,3,69.2,50.0,2,0
S090,Data Structures,2,0,47.7,2,66.7,0.0,0,1
S090,Variables,1,1,17.5,1,64.3,77.8,0,2
S090,Variables,2,1,30.4,1,65.5,80.0,1,2
S090,Variables,1,1,23.5,1,66.7,81.8,2,2
S090,Variables,2,1,29.4,1,67.7,83.3,3,2
S090,Variables,2,1,43.0,1,68.8,84.6,4,2
S090,Loops,0,1,12.2,1,69.7,40.0,5,2
S090,Variables,2,1,50.3,1,70.6,85.7,6,2
S090,Variables,2,0,66.8,3,71.4,86.7,7,0
S090,OOP,0,1,9.9,1,69.4,50.0,0,2
S090,Data Structures,2,0,44.3,2,70.3,0.0,1,0
S090,OOP,1,1,25.7,1,68.4,60.0,0,2
S090,OOP,2,0,77.3,2,69.2,66.7,1,0
S091,Loops,1,1,42.8,1,60.0,60.0,0,2
S091,Data Structures,2,0,132.5,3,100.0,100.0,1,0
S091,Variables,0,1,26.6,1,50.0,50.0,0,1
S091,Functions,1,1,39.1,1,66.7,66.7,1,2
S091,Loops,2,0,78.5,2,75.0,100.0,2,1
S091,Data Structures,1,0,34.1,3,60.0,0.0,0,0
S091,Data Structures,2,0,63.2,3,50.0,0.0,0,0
S091,Variables,0,0,26.2,3,42.9,100.0,0,0
S091,OOP,0,1,27.8,1,37.5,37.5,0,1
S091,Variables,0,0,46.1,3,44.4,50.0,1,0
S091,OOP,0,1,23.0,1,40.0,100.0,0,2
S091,Data Structures,2,0,76.2,2,45.5,0.0,1,0
S091,Loops,0,1,20.4,1,41.7,50.0,0,1
S091,OOP,0,1,22.5,1,46.2,100.0,1,2
S091,Functions,2,0,62.1,3,50.0,100.0,2,0
S091,Loops,0,1,23.3,1,46.7,66.7,0,2
S091,Functions,2,0,78.1,2,50.0,50.0,1,0
S091,Variables,0,0,25.2,3,47.1,33.3,0,0
S091,Loops,0,0,46.6,2,44.4,75.0,0,0
S091,OOP,0,0,20.5,3,42.1,100.0,0,0
S091,Data Structures,0,0,27.3,2,40.0,0.0,0,0
S091,OOP,0,1,27.4,1,38.1,75.0,0,2
S091,Functions,2,0,43.3,3,40.9,33.3,1,0
S091,Loops,0,1,30.9,1,39.1,60.0,0,1
S091,Variables,1,0,94.9,3,41.7,25.0,1,0
S091,Variables,0,1,17.1,1,40.0,20.0,0,1
S091,Data Structures,1,0,61.2,2,42.3,0.0,1,0
S091,Data Structures,0,0,22.2,2,40.7,0.0,0,0
S091,OOP,0,1,25.4,1,39.3,80.0,0,2
S091,Variables,2,0,65.5,3,41.4,33.3,1,0
S091,Loops,0,1,28.9,1,40.0,66.7,0,1
S091,Functions,1,1,28.3,3,41.9,25.0,1,1
S091,Functions,1,0,45.9,2,43.8,40.0,2,0
S091,OOP,0,1,21.2,1,42.4,83.3,0,2
S091,Functions,2,0,87.9,3,44.1,33.3,1,0
S091,OOP,0,1,16.7,1,42.9,85.7,0,2
S091,Functions,2,0,72.0,2,44.4,28.6,1,0
S091,Functions,0,1,25.6,1,43.2,25.0,0,1
S091,Data Structures,1,0,68.6,2,44.7,0.0,1,0
S091,Functions,0,1,24.3,1,43.6,33.3,0,1
S092,Data Structures,1,0,67.7,2,60.0,60.0,0,0
S092,OOP,0,0,44.6,2,0.0,0.0,0,0
S092,Loops,0,1,28.3,1,0.0,0.0,0,1
S092,Variables,1,0,67.0,2,33.3,33.3,1,0
S092,OOP,0,0,33.8,2,25.0,0.0,0,0
S092,Loops,0,0,47.1,2,20.0,100.0,0,0
S092,Data Structures,0,0,45.9,2,16.7,0.0,0,0
S092,Variables,0,0,31.7,2,14.3,0.0,0,0
S092,OOP,0,0,42.7,3,12.5,0.0,0,0
S092,Variables,2,0,117.5,2,11.1,0.0,0,0
S092,Variables,0,0,40.4,3,10.0,0.0,0,0
S092,Data Structures,0,1,30.9,1,9.1,0.0,0,1
S092,Loops,1,0,81.6,3,16.7,50.0,1,0
S092,Functions,2,0,141.4,2,15.4,15.4,0,0
S092,Functions,0,0,34.1,3,14.3,0.0,0,0
S092,OOP,0,0,41.9,2,13.3,0.0,0,0
S092,Data Structures,0,0,69.4,3,12.5,33.3,0,0
S092,Variables,0,0,44.1,3,11.8,0.0,0,0
S092,Functions,0,0,48.9,2,11.1,0.0,0,0
S092,OOP,1,0,97.2,3,10.5,0.0,0,0
S092,Data Structures,0,0,22.6,3,10.0,25.0,0,0
S092,Functions,0,1,42.3,1,9.5,0.0,0,1
S092,Variables,1,0,66.4,3,13.6,0.0,1,0
S092,Functions,0,0,38.3,3,13.0,25.0,0,0
S092,Variables,0,0,34.0,3,12.5,0.0,0,0
S092,Variables,0,1,29.4,1,12.0,0.0,0,1
S092,OOP,1,0,109.3,3,15.4,0.0,1,0
S092,Functions,0,0,31.1,3,14.8,20.0,0,0
S092,OOP,0,0,35.9,2,14.3,0.0,0,0
S092,Functions,0,0,48.4,2,13.8,16.7,0,0
S092,Functions,0,0,57.5,3,13.3,14.3,0,0
S092,Data Structures,0,0,46.0,3,12.9,20.0,0,0
S092,Functions,0,0,18.9,2,12.5,12.5,0,0
S092,Functions,2,0,73.5,2,12.1,11.1,0,0
S092,OOP,0,0,41.9,3,11.8,0.0,0,0
S092,Functions,2,0,152.1,3,11.4,10.0,0,0
S092,Data Structures,0,1,35.9,1,11.1,16.7,0,1
S092,Loops,1,0,77.0,2,13.5,33.3,1,0
S092,Functions,0,0,42.8,2,13.2,9.1,0,0
S092,Functions,0,0,36.7,3,12.8,8.3,0,0
S093,Loops,1,1,33.8,1,60.0,60.0,0,1
S093,Functions,1,0,42.4,3,100.0,100.0,1,1
S093,Loops,1,1,36.2,1,50.0,100.0,0,2
S093,Functions,2,0,55.0,3,66.7,0.0,1,0
S093,Functions,0,1,25.4,1,50.0,0.0,0,1
S093,Data Structures,1,0,49.6,2,60.0,60.0,1,0
S093,Variables,0,1,12.5,1,50.0,50.0,0,2
S093,Loops,2,0,93.8,2,57.1,100.0,1,0
S093,Variables,0,1,13.5,1,50.0,100.0,0,2
S093,Data Structures,2,0,120.8,2,55.6,0.0,1,0
S093,Loops,2,1,31.3,2,50.0,66.7,0,2
S093,Functions,2,0,72.7,3,54.5,33.3,1,0
S093,OOP,0,1,15.6,1,50.0,50.0,0,1
S093,Variables,1,1,36.6,1,53.8,100.0,1,2
S093,OOP,2,0,37.4,2,57.1,100.0,2,1
S093,Loops,2,0,60.1,2,53.3,75.0,0,0
S093,Variables,0,1,14.2,1,50.0,100.0,0,2
S093,Data Structures,2,0,75.9,2,52.9,0.0,1,0
S093,Variables,0,1,15.9,1,50.0,100.0,0,2
S093,OOP,2,0,66.3,2,52.6,50.0,1,0
S093,Variables,0,1,17.3,3,50.0,100.0,0,2
S093,Functions,1,1,35.5,1,52.4,25.0,1,1
S093,OOP,2,0,30.6,2,54.5,33.3,2,0
S093,Functions,1,1,35.6,1,52.2,40.0,0,1
S093,Data Structures,1,1,37.3,1,54.2,0.0,1,1
S093,Loops,1,1,52.5,2,56.0,60.0,2,1
S093,OOP,1,1,25.0,1,57.7,25.0,3,1
S093,Data Structures,1,1,24.8,1,59.3,25.0,4,1
S093,Data Structures,1,1,35.0,1,60.7,40.0,5,2
S093,Data Structures,2,0,113.5,2,62.1,50.0,6,0
S093,Variables,0,1,16.8,1,60.0,100.0,0,2
S093,Data Structures,2,0,60.0,2,61.3,42.9,1,0
S093,Data Structures,0,1,15.3,1,59.4,37.5,0,1
S093,OOP,1,0,33.5,3,60.6,40.0,1,0
S093,Functions,0,1,12.9,1,58.8,50.0,0,2
S093,Loops,2,0,58.8,3,60.0,66.7,1,0
S093,Loops,2,0,39.3,3,58.3,57.1,0,0
S093,Loops,0,1,13.7,1,56.8,50.0,0,2
S093,OOP,2,1,63.2,1,57.9,33.3,1,2
S093,Functions,2,0,53.8,2,59.0,57.1,2,0
S094,Loops,1,1,30.4,1,60.0,60.0,0,2
S094,Functions,2,0,73.3,2,100.0,100.0,1,1
S094,OOP,1,0,95.2,2,50.0,50.0,0,0
S094,Functions,0,1,18.9,1,33.3,0.0,0,1
S094,Data Structures,1,0,32.1,3,50.0,50.0,1,0
S094,Data Structures,1,0,32.6,2,40.0,0.0,0,0
S094,Data Structures,0,1,18.1,1,33.3,0.0,0,1
S094,OOP,0,1,19.6,1,42.9,0.0,1,1
S094,Functions,1,1,22.7,1,50.0,50.0,2,2
S094,Loops,2,0,59.2,2,55.6,100.0,3,1
S094,Variables,0,1,29.2,1,50.0,50.0,0,1
S094,Loops,1,0,33.4,1,54.5,50.0,1,0
S094,Data Structures,0,1,15.4,1,50.0,33.3,0,0
S094,Loops,0,1,22.7,1,53.8,33.3,1,1
S094,Loops,2,0,72.1,2,57.1,50.0,2,0
S094,Functions,0,1,13.2,1,53.3,66.7,0,2
S094,Data Structures,2,0,34.5,2,56.2,50.0,1,0
S094,Data Structures,0,1,16.8,3,52.9,40.0,0,1
S094,Functions,1,1,36.9,1,55.6,75.0,1,2
S094,Data Structures,2,0,110.7,2,57.9,50.0,2,0
S094,Variables,0,1,17.4,1,55.0,100.0,0,2
S094,Variables,2,0,102.5,3,57.1,100.0,1,0
S094,Variables,0,1,24.2,1,54.5,66.7,0,2
S094,Data Structures,2,0,100.7,3,56.5,42.9,1,0
S094,Loops,2,0,61.0,2,54.2,40.0,0,0
S094,Variables,0,0,34.0,2,52.0,75.0,0,0
S094,Loops,0,0,52.6,3,50.0,33.3,0,0
S094,OOP,0,1,22.8,1,48.1,50.0,0,1
S094,OOP,1,0,49.0,1,50.0,66.7,1,0
S094,Loops,0,1,27.9,1,48.3,28.6,0,1
S094,Functions,1,1,17.7,1,50.0,80.0,1,2
S094,Functions,2,0,66.2,2,51.6,83.3,2,0
S094,Functions,0,1,19.4,1,50.0,71.4,0,2
S094,Variables,2,0,67.9,2,51.5,60.0,1,0
S094,Data Structures,0,1,13.4,1,50.0,37.5,0,1
S094,Loops,1,0,60.7,1,51.4,37.5,1,0
S094,Loops,0,1,32.6,1,50.0,33.3,0,1
S094,OOP,1,1,35.0,1,51.4,50.0,1,2
S094,Functions,2,1,51.1,1,52.6,75.0,2,2
S094,Variables,2,0,114.0,2,53.8,50.0,3,0
S095,Data Structures,1,0,35.9,2,60.0,60.0,0,0
S095,Variables,2,0,51.6,2,0.0,0.0,0,0
S095,OOP,0,0,34.5,1,0.0,0.0,0,0
S095,Data Structures,2,0,54.4,3,0.0,0.0,0,0
S095,Data Structures,0,1,20.7,1,0.0,0.0,0,1
S095,Functions,1,0,48.3,2,20.0,20.0,1,0
S095,OOP,0,0,33.3,2,16.7,0.0,0,0
S095,Variables,0,0,24.9,3,14.3,0.0,0,0
S095,Loops,0,0,32.8,3,12.5,12.5,0,0
S095,Functions,0,1,14.2,1,11.1,0.0,0,1
S095,Functions,1,1,37.3,1,20.0,50.0,1,1
S095,OOP,1,0,48.9,3,27.3,0.0,2,0
S095,OOP,0,1,31.4,1,25.0,0.0,0,1
S095,Functions,1,0,35.3,2,30.8,66.7,1,0
S095,OOP,0,1,37.2,1,28.6,25.0,0,1
S095,Data Structures,1,1,30.1,1,33.3,33.3,1,1
S095,Functions,1,0,33.2,2,37.5,50.0,2,0
S095,OOP,0,0,42.1,2,35.3,40.0,0,0
S095,Variables,2,0,94.6,1,33.3,0.0,0,0
S095,OOP,0,0,27.1,2,31.6,33.3,0,0
S095,Variables,0,0,19.4,3,30.0,0.0,0,0
S095,Functions,2,0,52.0,3,28.6,40.0,0,0
S095,Functions,0,1,10.4,1,27.3,33.3,0,1
S095,OOP,1,0,72.9,2,30.4,28.6,1,0
S095,OOP,2,0,91.4,2,29.2,25.0,0,0
S095,Data Structures,0,1,16.6,1,28.0,50.0,0,1
S095,OOP,1,0,73.8,2,30.8,22.2,1,0
S095,OOP,2,0,78.8,3,29.6,20.0,0,0
S095,Data Structures,0,1,15.1,1,28.6,60.0,0,1
S095,OOP,1,0,34.0,2,31.0,18.2,1,0
S095,OOP,0,1,23.3,1,30.0,16.7,0,1
S095,Data Structures,0,1,23.5,1,32.3,66.7,1,1
S095,Loops,2,0,102.7,2,34.4,0.0,2,0
S095,Loops,2,0,87.0,3,33.3,0.0,0,0
S095,Loops,0,0,35.3,2,32.4,0.0,0,0
S095,Data Structures,1,0,40.7,3,31.4,71.4,0,0
S095,Data Structures,0,1,17.2,1,30.6,62.5,0,1
S095,Data Structures,1,1,38.2,1,32.4,66.7,1,2
S095,Variables,2,0,102.5,2,34.2,0.0,2,0
S095,Data Structures,0,1,23.0,1,33.3,70.0,0,2
S096,Functions,1,0,48.4,3,60.0,60.0,0,0
S096,OOP,0,1,14.6,1,0.0,0.0,0,1
S096,Loops,2,0,79.5,3,50.0,50.0,1,0
S096,Loops,0,1,23.8,1,33.3,0.0,0,1
S096,Variables,1,0,96.0,3,50.0,50.0,1,0
S096,Loops,0,0,30.3,1,40.0,50.0,0,0
S096,Data Structures,0,0,21.4,3,33.3,33.3,0,0
S096,Loops,0,1,24.5,1,28.6,33.3,0,2
S096,Data Structures,2,1,60.4,1,37.5,0.0,1,1
S096,Variables,1,1,40.3,1,44.4,0.0,2,1
S096,Variables,1,0,63.4,2,50.0,50.0,3,0
S096,Variables,0,1,20.1,1,45.5,33.3,0,1
S096,OOP,1,1,47.6,1,50.0,100.0,1,2
S096,Variables,1,0,70.0,3,53.8,50.0,2,0
S096,Data Structures,0,1,30.6,1,50.0,50.0,0,1
S096,Variables,1,0,50.5,3,53.3,40.0,1,0
S096,Variables,1,0,45.9,3,50.0,33.3,0,0
S096,OOP,0,1,15.0,1,47.1,100.0,0,2
S096,OOP,2,0,55.3,1,50.0,100.0,1,1
S096,OOP,1,1,23.0,3,47.4,75.0,0,2
S096,Variables,2,0,120.9,3,50.0,28.6,1,0
S096,OOP,1,1,19.4,1,47.6,80.0,0,2
S096,OOP,2,0,53.6,2,50.0,83.3,1,0
S096,Data Structures,1,1,29.1,1,47.8,66.7,0,2
S096,Functions,2,0,104.0,1,50.0,0.0,1,0
S096,Variables,0,1,17.6,1,48.0,25.0,0,1
S096,OOP,1,1,30.9,1,50.0,71.4,1,2
S096,OOP,2,0,74.1,3,51.9,75.0,2,0
S096,Functions,2,0,73.0,2,50.0,0.0,0,1
S096,OOP,1,1,22.4,1,48.3,66.7,0,2
S096,Variables,1,0,61.3,3,50.0,33.3,1,0
S096,Loops,0,1,25.0,1,48.4,50.0,0,1
S096,Loops,0,1,26.6,1,50.0,60.0,1,1
S096,Data Structures,1,1,35.1,1,51.5,75.0,2,2
S096,Data Structures,2,0,54.4,2,52.9,80.0,3,0
S096,Loops,0,1,22.8,1,51.4,66.7,0,2
S096,Variables,2,0,81.8,2,52.8,30.0,1,0
S096,Functions,0,0,24.0,1,51.4,0.0,0,0
S096,Loops,2,0,60.7,1,50.0,71.4,0,1
S096,Variables,1,0,48.4,3,48.7,27.3,0,0
S097,Data Structures,1,1,39.7,1,60.0,60.0,0,2
S097,OOP,0,1,20.8,1,100.0,100.0,1,2
S097,Loops,1,0,79.6,3,100.0,100.0,2,0
S097,Data Structures,0,1,28.8,1,66.7,100.0,0,2
S097,Functions,2,0,74.9,2,75.0,75.0,1,0
S097,Loops,0,0,27.4,3,60.0,0.0,0,0
S097,Functions,0,1,16.2,1,50.0,0.0,0,1
S097,Variables,2,0,89.9,3,57.1,57.1,1,0
S097,Data Structures,2,0,74.0,2,50.0,100.0,0,1
S097,Variables,1,0,46.4,2,44.4,0.0,0,0
S097,Loops,2,0,58.7,2,40.0,0.0,0,0
S097,Data Structures,0,1,11.1,1,36.4,66.7,0,2
S097,Loops,2,0,82.9,2,41.7,0.0,1,0
S097,Loops,0,1,26.3,1,38.5,0.0,0,1
S097,Functions,0,0,13.5,2,42.9,50.0,1,0
S097,Functions,0,1,15.6,1,40.0,33.3,0,1
S097,Data Structures,1,0,32.2,2,43.8,75.0,1,0
S097,OOP,0,1,11.8,1,41.2,100.0,0,2
S097,Functions,2,0,74.6,2,44.4,50.0,1,0
S097,Functions,0,1,28.1,1,42.1,40.0,0,1
S097,Variables,1,0,87.4,3,45.0,0.0,1,0
S097,Data Structures,0,1,23.8,1,42.9,60.0,0,1
S097,OOP,1,0,52.2,3,45.5,100.0,1,0
S097,Variables,0,1,29.6,1,43.5,0.0,0,1
S097,OOP,1,0,65.7,3,45.8,66.7,1,0
S097,Functions,1,1,26.5,1,44.0,50.0,0,2
S097,Loops,1,1,59.1,1,46.2,20.0,1,1
S097,Data Structures,1,1,28.2,1,48.1,66.7,2,2
S097,Functions,2,0,68.0,3,50.0,57.1,3,0
S097,Data Structures,0,1,24.9,1,48.3,71.4,0,2
S097,Variables,2,0,70.0,2,50.0,25.0,1,0
S097,OOP,0,1,19.3,3,48.4,50.0,0,1
S097,Loops,0,0,49.1,1,50.0,33.3,1,0
S097,Data Structures,0,0,14.4,1,48.5,75.0,0,1
S097,OOP,1,0,40.9,2,47.1,60.0,0,0
S097,Loops,2,0,67.5,3,45.7,28.6,0,0
S097,Variables,0,1,23.2,1,44.4,20.0,0,1
S097,Variables,1,0,89.2,2,45.9,33.3,1,0
S097,Variables,0,1,16.1,1,44.7,28.6,0,1
S097,Variables,1,0,30.5,2,46.2,37.5,1,0
S098,Data Structures,1,0,82.2,2,60.0,60.0,0,0
S098,Loops,0,1,23.6,1,0.0,0.0,0,1
S098,OOP,1,0,66.5,2,50.0,50.0,1,0
S098,Loops,0,0,46.3,2,33.3,100.0,0,0
S098,Functions,0,1,16.3,1,25.0,25.0,0,1
S098,Data Structures,1,0,99.1,2,40.0,0.0,1,0
S098,Functions,0,1,16.1,1,33.3,100.0,0,2
S098,Functions,2,0,46.9,1,42.9,100.0,1,1
S098,OOP,1,0,78.9,2,37.5,0.0,0,0
S098,Variables,0,0,35.8,3,33.3,33.3,0,0
S098,Data Structures,0,0,74.5,2,30.0,0.0,0,0
S098,Data Structures,0,0,38.7,2,27.3,0.0,0,0
S098,OOP,1,0,46.5,2,25.0,0.0,0,0
S098,Functions,0,1,22.8,1,23.1,66.7,0,1
S098,Variables,1,1,47.0,1,28.6,0.0,1,1
S098,Data Structures,0,0,50.5,3,33.3,0.0,2,0
S098,Variables,0,1,36.8,1,31.2,50.0,0,1
S098,Loops,1,0,34.3,3,35.3,50.0,1,0
S098,Data Structures,0,0,42.0,2,33.3,0.0,0,0
S098,Variables,0,1,16.1,1,31.6,66.7,0,2
S098,Data Structures,2,0,110.2,2,35.0,0.0,1,0
S098,Data Structures,0,0,35.1,2,33.3,0.0,0,0
S098,Functions,0,1,20.8,1,31.8,75.0,0,2
S098,Data Structures,2,0,98.6,3,34.8,0.0,1,1
S098,Data Structures,1,0,57.6,2,33.3,0.0,0,0
S098,Loops,0,1,15.0,1,32.0,33.3,0,1
S098,OOP,1,0,83.1,2,34.6,0.0,1,0
S098,Loops,0,1,24.6,1,33.3,50.0,0,1
S098,Functions,1,0,40.6,2,35.7,80.0,1,0
S098,Variables,2,0,73.0,3,34.5,75.0,0,0
S098,OOP,0,1,22.1,1,33.3,0.0,0,1
S098,Loops,1,1,39.2,1,35.5,60.0,1,2
S098,Loops,2,0,96.6,2,37.5,66.7,2,0
S098,Variables,0,0,26.8,3,36.4,60.0,0,0
S098,Variables,0,0,34.2,3,35.3,50.0,0,0
S098,Data Structures,0,0,26.8,3,34.3,0.0,0,0
S098,OOP,0,1,13.8,1,33.3,20.0,0,1
S098,Functions,0,1,21.2,1,35.1,66.7,1,2
S098,Data Structures,1,0,81.6,2,36.8,0.0,2,0
S098,Loops,0,0,46.0,2,35.9,57.1,0,0
S099,Variables,1,0,79.7,2,60.0,60.0,0,0
S099,Data Structures,0,1,13.0,1,0.0,0.0,0,1
S099,Data Structures,1,1,27.8,1,50.0,100.0,1,2
S099,Variables,2,0,132.0,3,66.7,0.0,2,0
S099,Loops,0,1,31.3,1,50.0,50.0,0,1
S099,Data Structures,1,0,38.1,2,60.0,100.0,1,1
S099,Loops,0,1,13.7,1,50.0,100.0,0,2
S099,OOP,2,0,112.9,3,57.1,57.1,1,0
S099,Functions,0,0,45.8,2,50.0,50.0,0,0
S099,Functions,0,1,17.7,1,44.4,0.0,0,1
S099,OOP,1,0,45.7,3,50.0,0.0,1,0
S099,Loops,0,1,20.8,1,45.5,100.0,0,2
S099,Loops,2,0,156.7,2,50.0,100.0,1,0
S099,Functions,0,1,13.3,1,46.2,50.0,0,1
S099,OOP,2,0,104.5,2,50.0,0.0,1,0
S099,Functions,0,1,16.8,1,46.7,66.7,0,2
S099,Loops,1,1,64.3,3,50.0,75.0,1,1
S099,Loops,1,1,44.2,1,52.9,80.0,2,2
S099,Data Structures,2,0,66.8,3,55.6,66.7,3,0
S099,Data Structures,0,1,23.2,1,52.6,50.0,0,1
S099,Data Structures,1,0,39.1,3,55.0,60.0,1,1
S099,Loops,2,0,44.4,2,52.4,83.3,0,0
S099,Functions,0,1,20.6,1,50.0,75.0,0,2
S099,OOP,2,0,93.1,2,52.2,0.0,1,0
S099,Functions,0,1,31.3,2,50.0,80.0,0,1
S099,Variables,0,0,34.3,2,52.0,0.0,1,0
S099,OOP,0,0,15.5,3,50.0,0.0,0,0
S099,Data Structures,0,1,38.8,1,48.1,50.0,0,1
S099,Variables,1,0,66.3,1,50.0,0.0,1,0
S099,Data Structures,0,1,25.9,1,48.3,57.1,0,1
S099,OOP,0,1,25.3,2,50.0,0.0,1,1
S099,Loops,0,0,26.4,3,51.6,71.4,2,0
S099,Data Structures,1,1,36.9,1,50.0,62.5,0,2
S099,Data Structures,2,0,67.6,3,51.5,66.7,1,0
S099,OOP,1,0,66.3,2,50.0,16.7,0,0
S099,Variables,0,0,47.8,3,48.6,0.0,0,0
S099,Functions,0,1,16.7,1,47.2,83.3,0,2
S099,OOP,2,0,180.0,2,48.6,14.3,1,0
S099,Functions,0,0,31.9,3,47.4,85.7,0,0
S099,Loops,0,1,20.3,1,46.2,62.5,0,2
S100,Loops,1,1,39.8,1,60.0,60.0,0,2
S100,Loops,2,0,61.3,1,100.0,100.0,1,1
S100,Data Structures,1,0,21.3,2,50.0,50.0,0,0
S100,Variables,1,0,62.9,2,33.3,33.3,0,0
S100,Functions,0,1,26.9,1,25.0,25.0,0,1
S100,Functions,1,1,20.0,1,40.0,100.0,1,2
S100,Functions,2,0,57.9,1,50.0,100.0,2,1
S100,Variables,2,0,81.5,2,42.9,0.0,0,0
S100,Functions,0,1,14.5,1,37.5,66.7,0,2
S100,Functions,2,0,71.3,2,44.4,75.0,1,0
S100,OOP,2,0,95.2,3,40.0,40.0,0,0
S100,Variables,0,0,25.3,2,36.4,0.0,0,0
S100,Variables,0,1,12.0,1,33.3,0.0,0,1
S100,OOP,1,0,34.4,2,38.5,0.0,1,0
S100,Functions,0,1,21.5,3,35.7,60.0,0,1
S100,Variables,0,1,23.6,1,40.0,25.0,1,1
S100,Loops,1,0,48.6,2,43.8,50.0,2,0
S100,Loops,0,1,20.6,1,41.2,33.3,0,1
S100,Functions,2,1,34.8,1,44.4,66.7,1,2
S100,Data Structures,2,0,108.8,3,47.4,0.0,2,0
S100,OOP,0,0,42.0,3,45.0,0.0,0,0
S100,Data Structures,2,0,76.4,2,42.9,0.0,0,0
S100,Loops,0,1,62.8,1,40.9,50.0,0,1
S100,OOP,1,0,54.7,3,43.5,0.0,1,0
S100,Functions,0,1,16.0,1,41.7,71.4,0,2
S100,Variables,1,0,31.2,1,44.0,40.0,1,0
S100,Loops,0,0,23.1,3,42.3,60.0,0,0
S100,Loops,1,0,34.6,2,40.7,50.0,0,0
S100,OOP,0,1,16.9,1,39.3,0.0,0,1
S100,Variables,1,1,25.2,1,41.4,33.3,1,1
S100,Variables,1,0,55.9,2,43.3,42.9,2,0
S100,Data Structures,0,1,12.9,1,41.9,0.0,0,1
S100,Functions,1,1,33.6,1,43.8,75.0,1,2
S100,Variables,2,0,74.6,2,45.5,37.5,2,0
S100,Functions,2,1,33.1,1,44.1,77.8,0,2
S100,Variables,2,0,76.0,3,45.7,33.3,1,0
S100,Variables,0,1,20.3,1,44.4,30.0,0,1
S100,Data Structures,1,0,40.9,3,45.9,25.0,1,0
S100,Loops,0,1,23.4,1,44.7,42.9,0,1
S100,Data Structures,1,0,45.5,1,46.2,20.0,1,0
S101,Functions,1,0,55.6,3,60.0,60.0,0,0
S101,Data Structures,0,1,16.1,1,0.0,0.0,0,0
S101,Variables,0,1,23.8,1,50.0,50.0,1,1
S101,Loops,0,0,20.1,1,66.7,66.7,2,1
S101,OOP,1,0,48.7,2,50.0,50.0,0,0
S101,Variables,0,1,20.5,1,40.0,100.0,0,2
S101,Loops,2,0,71.8,3,50.0,0.0,1,0
S101,Functions,0,1,34.2,1,42.9,0.0,0,1
S101,Variables,1,1,56.8,1,50.0,100.0,1,2
S101,Data Structures,2,0,73.5,2,55.6,100.0,2,1
S101,OOP,1,0,40.9,3,50.0,0.0,0,0
S101,Data Structures,0,1,22.4,1,45.5,50.0,0,1
S101,Data Structures,1,0,50.0,3,50.0,66.7,1,0
S101,Loops,0,0,41.6,3,46.2,0.0,0,0
S101,Variables,0,0,26.4,2,42.9,100.0,0,0
S101,Functions,2,0,88.3,3,40.0,50.0,0,0
S101,Data Structures,0,1,35.6,1,37.5,50.0,0,1
S101,Variables,1,0,36.6,2,41.2,75.0,1,0
S101,Data Structures,0,1,29.6,1,38.9,60.0,0,1
S101,OOP,1,0,70.8,2,42.1,0.0,1,0
S101,OOP,0,0,49.3,1,40.0,0.0,0,0
S101,OOP,0,1,22.2,1,38.1,0.0,0,1
S101,Data Structures,1,0,35.9,3,40.9,66.7,1,0
S101,Data Structures,0,1,32.5,1,39.1,57.1,0,1
S101,Loops,2,0,71.6,3,41.7,0.0,1,0
S101,Functions,0,0,50.9,2,40.0,33.3,0,0
S101,Variables,2,0,123.1,2,38.5,60.0,0,0
S101,Data Structures,0,1,20.2,2,37.0,62.5,0,1
S101,Functions,1,0,46.2,2,39.3,25.0,1,0
S101,Data Structures,0,0,28.1,2,37.9,66.7,0,0
S101,Loops,0,1,27.8,1,36.7,0.0,0,1
S101,Functions,2,0,83.5,2,38.7,20.0,1,0
S101,Data Structures,1,0,81.3,1,37.5,60.0,0,0
S101,OOP,2,0,98.9,3,36.4,20.0,0,0
S101,Variables,0,1,22.6,1,35.3,50.0,0,1
S101,Data Structures,1,1,45.9,1,37.1,54.5,1,1
S101,Data Structures,1,0,45.9,3,38.9,58.3,2,0
S101,Functions,0,1,21.2,1,37.8,16.7,0,1
S101,Variables,1,0,45.2,3,39.5,57.1,1,0
S101,Functions,0,0,44.4,1,38.5,28.6,0,0
S102,OOP,1,1,30.0,1,60.0,60.0,0,2
S102,Loops,2,0,100.7,2,100.0,100.0,1,1
S102,Functions,1,1,27.5,1,50.0,50.0,0,2
S102,Functions,0,1,19.6,1,66.7,100.0,1,2
S102,Loops,2,0,69.4,3,75.0,0.0,2,0
S102,OOP,0,1,20.4,1,60.0,100.0,0,2
S102,Data Structures,2,0,58.8,2,66.7,66.7,1,0
S102,Functions,1,1,30.6,1,57.1,100.0,0,2
S102,Variables,2,1,26.9,1,62.5,62.5,1,2
S102,Data Structures,2,1,40.5,1,66.7,0.0,2,1
S102,OOP,1,1,40.1,1,70.0,100.0,3,2
S102,Loops,2,0,66.5,2,72.7,0.0,4,0
S102,OOP,0,1,20.1,1,66.7,100.0,0,2
S102,Loops,2,0,135.6,2,69.2,0.0,1,0
S102,Loops,0,1,21.0,1,64.3,0.0,0,1
S102,Loops,0,1,26.4,1,66.7,20.0,1,1
S102,Functions,1,1,23.3,1,68.8,100.0,2,2
S102,Loops,1,1,36.5,1,70.6,33.3,3,1
S102,Functions,1,1,24.4,1,72.2,100.0,4,2
S102,Data Structures,2,0,37.4,1,73.7,50.0,5,1
S102,Loops,1,0,45.0,2,70.0,42.9,0,0
S102,Functions,0,1,20.8,1,66.7,100.0,0,2
S102,Functions,1,1,30.7,1,68.2,100.0,1,2
S102,Functions,2,1,35.4,1,69.6,100.0,2,2
S102,Loops,1,0,40.3,3,70.8,37.5,3,0
S102,Functions,0,1,13.4,1,68.0,100.0,0,2
S102,Variables,0,1,18.9,1,69.2,100.0,1,2
S102,Loops,1,0,42.5,2,70.4,33.3,2,0
S102,OOP,0,1,19.1,2,67.9,100.0,0,2
S102,Functions,0,1,21.2,1,69.0,100.0,1,2
S102,Variables,2,1,32.6,1,70.0,100.0,2,2
S102,Variables,2,1,30.0,1,71.0,100.0,3,2
S102,Data Structures,2,0,50.3,2,71.9,33.3,4,0
S102,Functions,1,1,35.7,1,69.7,100.0,0,2
S102,OOP,2,0,63.0,2,70.6,100.0,1,1
S102,Loops,1,1,46.5,1,68.6,30.0,0,1
S102,Functions,1,1,18.7,1,69.4,100.0,1,2
S102,Loops,2,0,43.2,3,70.3,36.4,2,0
S102,Variables,0,1,23.0,1,68.4,100.0,0,2
S102,OOP,2,0,59.6,2,69.2,83.3,1,0
S103,OOP,1,0,78.6,1,60.0,60.0,0,0
S103,OOP,2,0,109.7,2,0.0,0.0,0,0
S103,OOP,0,1,17.0,1,0.0,0.0,0,1
S103,Data Structures,0,1,12.7,1,33.3,33.3,1,1
S103,Loops,1,0,39.0,2,50.0,50.0,2,0
S103,Data Structures,0,1,16.7,1,40.0,100.0,0,2
S103,Variables,2,0,63.8,2,50.0,50.0,1,0
S103,Functions,0,1,21.8,1,42.9,42.9,0,1
S103,OOP,1,1,27.0,1,50.0,33.3,1,1
S103,Data Structures,0,1,15.2,1,55.6,100.0,2,2
S103,Loops,2,0,46.4,2,60.0,0.0,3,0
S103,Data Structures,0,1,23.9,1,54.5,100.0,0,2
S103,Functions,2,1,59.6,1,58.3,100.0,1,2
S103,Loops,1,1,34.8,1,61.5,0.0,2,1
S103,Loops,1,0,31.9,2,64.3,33.3,3,0
S103,OOP,0,1,14.2,1,60.0,50.0,0,2
S103,Functions,2,0,65.2,3,62.5,100.0,1,1
S103,Variables,1,0,37.1,2,58.8,0.0,0,0
S103,Functions,0,1,16.4,1,55.6,66.7,0,2
S103,Loops,0,1,19.0,1,57.9,25.0,1,1
S103,Loops,1,1,32.9,2,60.0,40.0,2,1
S103,Variables,1,1,33.4,1,61.9,0.0,3,1
S103,Functions,2,1,37.7,1,63.6,75.0,4,2
S103,OOP,2,0,39.0,3,65.2,60.0,5,0
S103,Variables,1,1,23.1,1,62.5,33.3,0,2
S103,Functions,2,0,37.5,3,64.0,80.0,1,0
S103,OOP,0,1,12.8,1,61.5,50.0,0,2
S103,OOP,2,0,69.8,3,63.0,57.1,1,0
S103,Loops,0,1,22.8,1,60.7,50.0,0,1
S103,Variables,1,1,31.2,1,62.1,50.0,1,2
S103,OOP,2,0,76.9,3,63.3,50.0,2,0
S103,Data Structures,0,1,13.7,1,61.3,100.0,0,2
S103,OOP,2,0,77.5,3,62.5,44.4,1,0
S103,Data Structures,0,1,31.9,1,60.6,100.0,0,2
S103,OOP,1,0,41.7,3,61.8,40.0,1,0
S103,Data Structures,0,1,18.7,1,60.0,100.0,0,2
S103,Variables,1,0,44.2,3,61.1,60.0,1,0
S103,Functions,0,1,8.1,2,59.5,66.7,0,2
S103,OOP,2,0,62.3,2,60.5,36.4,1,0
S103,Variables,1,1,31.5,1,59.0,50.0,0,2
S104,Loops,1,1,17.2,1,60.0,60.0,0,2
S104,Data Structures,2,1,34.5,1,100.0,100.0,1,2
S104,Variables,2,1,28.8,1,100.0,100.0,2,2
S104,Functions,1,1,20.1,1,100.0,100.0,3,2
S104,Data Structures,0,1,10.0,1,100.0,100.0,4,2
S104,Data Structures,2,0,28.2,3,100.0,100.0,5,1
S104,Loops,1,1,10.9,1,83.3,100.0,0,2
S104,Functions,2,1,22.9,1,85.7,100.0,1,2
S104,Loops,2,1,36.0,1,87.5,100.0,2,2
S104,Variables,2,1,37.4,1,88.9,100.0,3,2
S104,Variables,2,1,42.7,1,90.0,100.0,4,2
S104,Data Structures,2,1,48.6,3,90.9,66.7,5,2
S104,Functions,2,1,79.3,1,91.7,100.0,6,2
S104,Loops,2,1,19.4,1,92.3,100.0,7,2
S104,Functions,1,1,25.6,2,92.9,100.0,8,2
S104,Data Structures,2,0,38.9,2,93.3,75.0,9,1
S104,Data Structures,1,1,14.2,1,87.5,60.0,0,2
S104,Variables,0,1,6.6,1,88.2,100.0,1,2
S104,Functions,2,1,41.7,1,88.9,100.0,2,2
S104,OOP,2,1,26.1,1,89.5,89.5,3,2
S104,Data Structures,1,1,26.4,1,90.0,66.7,4,2
S104,Loops,1,1,12.7,1,90.5,100.0,5,2
S104,Data Structures,2,1,15.9,2,90.9,71.4,6,2
S104,OOP,2,1,40.4,1,91.3,100.0,7,2
S104,OOP,2,1,49.5,3,91.7,100.0,8,2
S104,Loops,2,1,31.0,1,92.0,100.0,9,2
S104,Functions,0,1,10.4,1,92.3,100.0,10,2
S104,OOP,0,1,11.5,1,92.6,100.0,11,2
S104,Data Structures,2,0,84.3,3,92.9,75.0,12,0
S104,Loops,0,1,10.2,1,89.7,100.0,0,2
S104,Data Structures,2,0,60.3,2,90.0,66.7,1,0
S104,Loops,0,1,11.1,1,87.1,100.0,0,2
S104,Functions,2,1,36.3,1,87.5,100.0,1,2
S104,Loops,2,0,31.0,3,87.9,100.0,2,1
S104,OOP,1,1,24.9,1,85.3,100.0,0,2
S104,OOP,2,0,31.6,3,85.7,100.0,1,1
S104,OOP,1,0,27.3,3,83.3,83.3,0,1
S104,OOP,1,1,23.8,1,81.1,71.4,0,2
S104,Data Structures,2,0,47.3,3,81.6,60.0,1,0
S104,Loops,0,1,11.1,1,79.5,88.9,0,2
S105,Variables,1,1,14.5,1,60.0,60.0,0,2
S105,Functions,2,0,48.2,3,100.0,100.0,1,1
S105,Functions,1,1,25.0,2,50.0,0.0,0,1
S105,OOP,1,1,29.3,1,66.7,66.7,1,2
S105,Variables,1,1,18.9,1,75.0,100.0,2,2
S105,Functions,2,0,27.9,3,80.0,50.0,3,0
S105,OOP,2,0,99.1,3,66.7,100.0,0,0
S105,Functions,2,0,66.7,2,57.1,33.3,0,0
S105,Functions,0,1,16.5,1,50.0,25.0,0,1
S105,Variables,1,1,12.2,1,55.6,100.0,1,2
S105,OOP,2,0,59.2,2,60.0,50.0,2,0
S105,OOP,0,1,12.7,2,54.5,33.3,0,1
S105,Data Structures,1,1,19.4,1,58.3,58.3,1,2
S105,Data Structures,2,0,58.6,3,61.5,100.0,2,1
S105,Functions,1,1,31.1,1,57.1,40.0,0,2
S105,Loops,2,0,49.5,3,60.0,60.0,1,0
S105,Variables,2,1,21.2,1,56.2,100.0,0,2
S105,Data Structures,2,1,40.7,1,58.8,50.0,1,2
S105,OOP,2,0,63.5,2,61.1,50.0,2,0
S105,Data Structures,0,1,11.1,1,57.9,66.7,0,2
S105,Loops,2,1,29.5,1,60.0,0.0,1,1
S105,Data Structures,1,1,17.5,1,61.9,75.0,2,2
S105,Data Structures,2,1,21.5,1,63.6,80.0,3,2
S105,Data Structures,2,1,34.8,1,65.2,83.3,4,2
S105,Data Structures,2,1,29.3,1,66.7,85.7,5,2
S105,Loops,2,0,33.9,2,68.0,50.0,6,0
S105,Data Structures,0,1,9.4,1,65.4,87.5,0,2
S105,Functions,2,1,69.9,1,66.7,50.0,1,2
S105,Data Structures,1,1,17.8,1,67.9,88.9,2,2
S105,Variables,2,0,28.8,3,69.0,100.0,3,1
S105,Variables,1,1,14.2,1,66.7,80.0,0,2
S105,Variables,2,1,23.2,1,67.7,83.3,1,2
S105,Data Structures,2,1,25.7,1,68.8,90.0,2,2
S105,Variables,2,1,11.8,1,69.7,85.7,3,2
S105,OOP,2,1,29.4,1,70.6,40.0,4,2
S105,Data Structures,2,0,67.6,2,71.4,90.9,5,1
S105,Loops,1,1,17.8,2,69.4,33.3,0,1
S105,OOP,1,1,50.0,2,70.3,50.0,1,1
S105,Variables,1,1,15.5,1,71.1,87.5,2,2
S105,OOP,2,0,45.0,2,71.8,57.1,3,0
S106,Loops,1,0,34.8,2,60.0,60.0,0,0
S106,Functions,0,1,38.9,1,0.0,0.0,0,1
S106,Functions,1,0,43.1,2,50.0,100.0,1,1
S106,Variables,1,0,85.6,2,33.3,33.3,0,0
S106,Variables,0,0,37.1,2,25.0,0.0,0,0
S106,Data Structures,0,0,31.6,2,20.0,20.0,0,0
S106,Loops,0,0,29.8,2,16.7,0.0,0,0
S106,Variables,0,0,39.4,2,14.3,0.0,0,0
S106,OOP,2,0,145.2,3,12.5,12.5,0,0
S106,Data Structures,0,0,31.3,3,11.1,0.0,0,0
S106,Loops,0,0,39.1,2,10.0,0.0,0,0
S106,Data Structures,0,1,21.6,1,9.1,0.0,0,1
S106,OOP,1,0,52.6,3,16.7,0.0,1,0
S106,Loops,0,0,31.2,2,15.4,0.0,0,0
S106,Functions,0,1,16.0,1,14.3,50.0,0,1
S106,Variables,1,0,49.6,2,20.0,0.0,1,0
S106,Loops,0,0,28.8,3,18.8,0.0,0,0
S106,Functions,1,1,46.6,1,17.6,66.7,0,1
S106,Data Structures,2,0,106.1,3,22.2,33.3,1,1
S106,Data Structures,1,0,83.9,3,21.1,25.0,0,0
S106,Data Structures,0,0,32.1,2,20.0,20.0,0,1
S106,Data Structures,2,0,49.6,2,19.0,16.7,0,0
S106,OOP,0,0,34.1,2,18.2,0.0,0,0
S106,Functions,2,0,60.9,2,17.4,75.0,0,0
S106,Functions,2,0,113.6,2,16.7,60.0,0,0
S106,Functions,0,0,40.5,3,16.0,50.0,0,0
S106,Data Structures,0,1,23.4,1,15.4,14.3,0,1
S106,Functions,1,0,24.3,3,18.5,42.9,1,0
S106,OOP,0,0,28.7,3,17.9,0.0,0,0
S106,Data Structures,0,0,29.4,1,17.2,25.0,0,0
S106,Data Structures,0,0,28.9,3,16.7,22.2,0,0
S106,Functions,2,0,60.4,3,16.1,37.5,0,0
S106,Loops,1,0,70.6,3,15.6,0.0,0,0
S106,Loops,0,0,53.0,2,15.2,0.0,0,0
S106,Variables,0,0,37.6,2,14.7,0.0,0,0
S106,OOP,0,0,22.3,2,14.3,0.0,0,0
S106,Functions,0,0,21.4,2,13.9,33.3,0,0
S106,Data Structures,0,1,13.8,1,13.5,20.0,0,1
S106,Variables,2,0,85.4,2,15.8,0.0,1,0
S106,Data Structures,0,1,33.6,1,15.4,27.3,0,1
S107,Loops,1,0,79.0,2,60.0,60.0,0,0
S107,Functions,0,1,21.0,1,0.0,0.0,0,1
S107,Variables,1,1,34.9,1,50.0,50.0,1,2
S107,Functions,2,0,137.5,2,66.7,100.0,2,0
S107,Data Structures,0,1,15.5,1,50.0,50.0,0,1
S107,OOP,0,1,18.6,1,60.0,60.0,1,2
S107,Functions,2,0,58.9,2,66.7,50.0,2,0
S107,Functions,0,1,14.9,1,57.1,33.3,0,1
S107,Data Structures,1,1,26.0,1,62.5,100.0,1,2
S107,Variables,2,0,56.3,2,66.7,100.0,2,1
S107,Variables,1,0,47.6,2,60.0,50.0,0,0
S107,Loops,0,1,26.8,1,54.5,0.0,0,1
S107,Functions,2,0,38.6,3,58.3,50.0,1,0
S107,Variables,0,0,33.5,1,53.8,33.3,0,0
S107,Data Structures,0,0,49.7,2,50.0,100.0,0,0
S107,Variables,0,0,22.8,3,46.7,25.0,0,0
S107,Functions,0,1,17.3,1,43.8,40.0,0,1
S107,OOP,2,0,74.7,3,47.1,100.0,1,0
S107,Variables,0,1,27.7,1,44.4,20.0,0,1
S107,OOP,1,0,42.1,3,47.4,50.0,1,0
S107,Data Structures,1,0,35.2,3,45.0,66.7,0,0
S107,Variables,2,0,68.7,3,42.9,33.3,0,0
S107,Functions,0,1,17.2,1,40.9,50.0,0,1
S107,Data Structures,1,0,30.4,2,43.5,50.0,1,0
S107,Loops,0,1,21.2,1,41.7,50.0,0,1
S107,Loops,0,0,20.7,2,44.0,66.7,1,0
S107,Functions,0,1,28.6,1,42.3,57.1,0,1
S107,Data Structures,1,0,44.7,2,44.4,40.0,1,0
S107,Data Structures,0,1,15.9,1,42.9,33.3,0,1
S107,Loops,1,1,36.9,1,44.8,50.0,1,2
S107,OOP,2,0,67.9,2,46.7,33.3,2,0
S107,Functions,0,1,16.8,1,45.2,62.5,0,2
S107,Loops,2,0,77.3,3,46.9,60.0,1,0
S107,Loops,0,1,16.6,1,45.5,50.0,0,1
S107,Data Structures,1,1,34.4,1,47.1,42.9,1,1
S107,Loops,1,1,30.8,1,48.6,57.1,2,2
S107,Functions,2,0,101.6,2,50.0,66.7,3,0
S107,OOP,0,1,15.2,1,48.6,25.0,0,1
S107,Data Structures,1,0,49.0,2,50.0,50.0,1,1
S107,Variables,1,1,22.1,1,48.7,28.6,0,1
S108,Loops,1,1,37.2,1,60.0,60.0,0,2
S108,OOP,2,0,99.6,3,100.0,100.0,1,1
S108,Variables,2,0,79.0,2,50.0,50.0,0,0
S108,OOP,0,1,22.6,1,33.3,0.0,0,1
S108,Variables,1,0,45.9,3,50.0,0.0,1,0
S108,Data Structures,0,0,23.9,2,40.0,40.0,0,0
S108,Functions,0,1,37.8,1,33.3,33.3,0,1
S108,Variables,1,0,66.7,3,42.9,0.0,1,0
S108,Data Structures,0,1,24.3,1,37.5,0.0,0,1
S108,Data Structures,0,0,36.0,3,44.4,50.0,1,0
S108,Variables,0,1,19.3,1,40.0,0.0,0,1
S108,Functions,1,0,59.0,2,45.5,100.0,1,1
S108,Variables,1,0,56.3,2,41.7,25.0,0,0
S108,Variables,0,1,25.6,1,38.5,20.0,0,1
S108,OOP,1,0,47.1,2,42.9,50.0,1,0
S108,Data Structures,0,0,20.0,3,40.0,33.3,0,0
S108,Functions,0,0,54.7,3,37.5,50.0,0,0
S108,OOP,1,1,59.1,1,35.3,33.3,0,1
S108,Variables,1,0,41.0,2,38.9,33.3,1,0
S108,Data Structures,0,1,33.1,1,36.8,25.0,0,1
S108,Functions,1,1,30.6,1,40.0,33.3,1,1
S108,Variables,1,0,51.7,3,42.9,28.6,2,0
S108,Loops,0,1,20.1,3,40.9,100.0,0,2
S108,Variables,2,0,114.1,2,43.5,25.0,1,0
S108,Data Structures,1,0,40.0,1,41.7,40.0,0,0
S108,OOP,0,1,27.0,1,40.0,50.0,0,1
S108,Data Structures,1,0,87.5,1,42.3,33.3,1,0
S108,Variables,0,1,25.4,1,40.7,22.2,0,1
S108,Variables,1,0,68.5,3,42.9,30.0,1,0
S108,OOP,1,0,33.3,3,41.4,60.0,0,1
S108,Data Structures,1,0,31.4,1,40.0,28.6,0,0
S108,OOP,2,1,49.9,1,38.7,50.0,0,2
S108,Functions,2,0,150.2,2,40.6,50.0,1,0
S108,Functions,1,0,49.0,2,39.4,40.0,0,0
S108,Loops,0,1,24.3,1,38.2,100.0,0,2
S108,Loops,2,0,96.0,2,40.0,100.0,1,0
S108,OOP,0,0,32.0,2,38.9,57.1,0,0
S108,Loops,0,1,16.9,1,37.8,75.0,0,1
S108,Variables,1,0,51.9,3,39.5,27.3,1,0
S108,Loops,0,1,22.8,2,38.5,80.0,0,1
S109,Loops,1,1,40.1,1,60.0,60.0,0,2
S109,Loops,0,1,11.8,1,100.0,100.0,1,2
S109,Data Structures,2,1,40.5,1,100.0,100.0,2,2
S109,Data Structures,2,0,36.0,2,100.0,100.0,3,1
S109,Variables,1,1,60.1,1,75.0,75.0,0,2
S109,Functions,2,1,36.4,1,80.0,80.0,1,2
S109,Variables,2,0,53.3,2,83.3,100.0,2,1
S109,Data Structures,1,1,39.2,1,71.4,50.0,0,2
S109,Variables,2,0,44.2,3,75.0,50.0,1,0
S109,Loops,0,1,20.6,1,66.7,100.0,0,2
S109,OOP,1,1,23.7,1,70.0,70.0,1,2
S109,OOP,2,0,90.9,3,72.7,100.0,2,0
S109,Data Structures,0,1,10.6,1,66.7,66.7,0,2
S109,Functions,1,0,33.8,3,69.2,100.0,1,1
S109,Loops,1,1,39.9,1,64.3,100.0,0,2
S109,Data Structures,2,1,28.4,1,66.7,75.0,1,2
S109,Loops,2,0,85.9,3,68.8,100.0,2,0
S109,OOP,1,1,25.4,1,64.7,50.0,0,2
S109,Variables,1,1,17.7,3,66.7,33.3,1,1
S109,Functions,1,1,27.3,1,68.4,50.0,2,2
S109,Functions,2,1,55.4,1,70.0,66.7,3,2
S109,Data Structures,0,1,12.9,1,71.4,80.0,4,2
S109,Data Structures,2,1,30.6,1,72.7,83.3,5,2
S109,OOP,2,1,40.9,1,73.9,66.7,6,2
S109,Variables,2,0,50.8,3,75.0,50.0,7,0
S109,Loops,0,1,15.8,1,72.0,80.0,0,2
S109,Variables,2,0,75.0,3,73.1,40.0,1,0
S109,OOP,1,1,20.5,1,70.4,75.0,0,2
S109,Data Structures,2,0,71.0,3,71.4,85.7,1,0
S109,Loops,0,0,37.0,2,69.0,83.3,0,0
S109,Data Structures,0,1,10.9,1,66.7,75.0,0,2
S109,Functions,0,1,24.6,1,67.7,75.0,1,2
S109,Variables,2,1,32.1,1,68.8,33.3,2,2
S109,Variables,0,1,8.3,1,69.7,42.9,3,2
S109,Data Structures,0,1,18.5,1,70.6,77.8,4,2
S109,Functions,2,1,25.1,1,71.4,80.0,5,2
S109,Data Structures,2,1,53.0,1,72.2,80.0,6,2
S109,Variables,2,1,47.8,1,73.0,50.0,7,2
S109,OOP,2,1,39.1,1,73.7,80.0,8,2
S109,OOP,2,0,44.4,3,74.4,83.3,9,1
S110,Data Structures,1,1,28.2,1,60.0,60.0,0,2
S110,OOP,2,0,59.3,3,100.0,100.0,1,1
S110,Data Structures,1,0,36.1,3,50.0,100.0,0,0
S110,Variables,1,1,19.2,1,33.3,33.3,0,1
S110,Variables,1,1,32.5,1,50.0,100.0,1,2
S110,Data Structures,1,0,30.7,2,60.0,50.0,2,0
S110,Data Structures,0,1,14.0,1,50.0,33.3,0,1
S110,Data Structures,1,0,49.1,2,57.1,50.0,1,0
S110,OOP,0,1,12.4,3,50.0,0.0,0,1
S110,Functions,2,0,64.6,2,55.6,55.6,1,1
S110,Loops,1,1,30.0,1,50.0,50.0,0,2
S110,Functions,2,0,64.0,3,54.5,0.0,1,0
S110,Data Structures,0,1,15.1,1,50.0,40.0,0,1
S110,Data Structures,1,1,16.7,1,53.8,50.0,1,2
S110,Loops,0,1,20.6,1,57.1,100.0,2,2
S110,Variables,2,0,49.8,2,60.0,100.0,3,1
S110,OOP,1,1,30.7,1,56.2,50.0,0,2
S110,Data Structures,2,0,48.1,2,58.8,57.1,1,0
S110,Variables,0,1,13.4,1,55.6,66.7,0,2
S110,Functions,2,0,121.9,3,57.9,0.0,1,0
S110,OOP,0,1,10.9,1,55.0,66.7,0,2
S110,Loops,2,0,56.7,2,57.1,100.0,1,1
S110,Variables,1,1,15.3,1,54.5,75.0,0,2
S110,Variables,1,1,20.8,1,56.5,80.0,1,2
S110,Functions,2,0,61.8,3,58.3,0.0,2,0
S110,Loops,0,1,20.5,1,56.0,66.7,0,2
S110,Data Structures,2,0,74.5,2,57.7,50.0,1,0
S110,Data Structures,0,1,21.7,2,55.6,44.4,0,1
S110,Variables,1,1,21.6,1,57.1,83.3,1,2
S110,Variables,2,1,47.1,1,58.6,85.7,2,2
S110,Variables,2,1,36.2,1,60.0,87.5,3,1
S110,Variables,1,1,26.2,1,61.3,88.9,4,2
S110,Data Structures,2,0,56.4,3,62.5,50.0,5,0
S110,OOP,0,1,14.6,1,60.6,75.0,0,2
S110,Loops,1,1,32.1,1,61.8,75.0,1,2
S110,Variables,2,0,33.8,3,62.9,90.0,2,1
S110,Variables,1,1,30.2,1,61.1,81.8,0,2
S110,OOP,2,1,20.4,1,62.2,80.0,1,2
S110,Functions,2,0,87.8,1,63.2,0.0,2,0
S110,Functions,1,0,36.4,2,61.5,0.0,0,0
S111,Loops,1,1,39.3,1,60.0,60.0,0,2
S111,Variables,1,0,35.3,2,100.0,100.0,1,1
S111,Variables,1,1,38.6,1,50.0,0.0,0,1
S111,Functions,1,0,35.4,1,66.7,66.7,1,1
S111,Variables,2,0,75.5,3,50.0,50.0,0,0
S111,Functions,0,1,19.3,1,40.0,0.0,0,1
S111,Data Structures,1,0,65.5,2,50.0,50.0,1,0
S111,Functions,0,1,30.2,1,42.9,50.0,0,1
S111,Variables,1,0,33.8,1,50.0,33.3,1,0
S111,OOP,0,0,30.9,3,44.4,44.4,0,0
S111,Functions,0,1,28.9,1,40.0,66.7,0,1
S111,Loops,1,0,56.1,2,45.5,100.0,1,0
S111,OOP,0,1,22.1,1,41.7,0.0,0,1
S111,OOP,1,0,32.4,3,46.2,50.0,1,0
S111,OOP,0,1,14.9,1,42.9,33.3,0,0
S111,Variables,0,1,22.8,1,46.7,25.0,1,0
S111,OOP,2,0,54.4,2,50.0,50.0,2,0
S111,OOP,0,1,18.9,1,47.1,40.0,0,1
S111,OOP,1,0,59.4,3,50.0,50.0,1,0
S111,Data Structures,0,0,50.9,3,47.4,0.0,0,0
S111,OOP,0,1,16.0,1,45.0,42.9,0,1
S111,OOP,1,1,38.5,1,47.6,50.0,1,2
S111,Loops,2,0,76.4,3,50.0,50.0,2,0
S111,Variables,0,1,25.2,1,47.8,40.0,0,1
S111,Variables,1,0,32.1,3,50.0,50.0,1,0
S111,Loops,1,1,39.1,1,48.0,33.3,0,1
S111,Functions,1,0,88.7,3,50.0,75.0,1,0
S111,Data Structures,0,1,18.8,1,48.1,0.0,0,1
S111,Loops,1,1,30.2,1,50.0,50.0,1,2
S111,Variables,2,0,87.9,2,51.7,42.9,2,0
S111,Functions,1,0,57.7,3,50.0,60.0,0,0
S111,OOP,0,1,17.2,1,48.4,55.6,0,2
S111,Variables,2,0,68.4,1,50.0,37.5,1,0
S111,Data Structures,0,1,19.0,1,48.5,33.3,0,1
S111,Loops,1,1,27.8,2,50.0,60.0,1,1
S111,Variables,2,0,93.3,2,51.4,33.3,2,0
S111,Variables,0,1,8.8,1,50.0,30.0,0,1
S111,Loops,1,1,29.9,1,51.4,66.7,1,2
S111,OOP,2,0,63.0,2,52.6,60.0,2,0
S111,Variables,0,0,31.4,3,51.3,36.4,0,0
S112,Data Structures,1,0,38.3,3,60.0,60.0,0,0
S112,Data Structures,1,1,30.9,1,0.0,0.0,0,1
S112,Variables,0,1,33.5,1,50.0,50.0,1,1
S112,Functions,1,0,82.3,2,66.7,66.7,2,0
S112,Data Structures,0,1,22.6,1,50.0,50.0,0,1
S112,Variables,1,0,92.3,3,60.0,100.0,1,0
S112,Functions,0,1,27.4,1,50.0,0.0,0,1
S112,Loops,1,0,38.9,3,57.1,57.1,1,0
S112,OOP,0,1,16.6,1,50.0,50.0,0,1
S112,Data Structures,2,0,81.4,2,55.6,66.7,1,0
S112,Data Structures,0,0,14.1,2,50.0,50.0,0,0
S112,Functions,0,0,35.7,3,45.5,50.0,0,0
S112,Functions,0,1,21.4,1,41.7,33.3,0,1
S112,Functions,1,0,91.2,3,46.2,50.0,1,0
S112,OOP,0,1,18.5,1,42.9,100.0,0,2
S112,Loops,2,0,109.8,3,46.7,0.0,1,0
S112,Data Structures,1,1,30.0,1,43.8,40.0,0,1
S112,Functions,1,0,51.6,3,47.1,40.0,1,0
S112,OOP,0,1,18.0,1,44.4,100.0,0,2
S112,Functions,2,0,92.0,2,47.4,33.3,1,0
S112,Functions,0,0,54.3,2,45.0,28.6,0,0
S112,Variables,0,0,38.9,3,42.9,50.0,0,0
S112,Loops,0,0,33.6,2,40.9,0.0,0,0
S112,Loops,0,1,23.2,1,39.1,0.0,0,1
S112,Data Structures,1,0,52.5,2,41.7,50.0,1,0
S112,Loops,0,0,20.0,2,40.0,25.0,0,0
S112,Variables,0,1,21.5,1,38.5,33.3,0,1
S112,Loops,1,0,46.8,2,40.7,20.0,1,0
S112,Variables,0,0,35.4,3,39.3,50.0,0,0
S112,Variables,0,1,16.9,1,37.9,40.0,0,1
S112,Variables,1,0,82.5,3,40.0,50.0,1,0
S112,OOP,0,1,14.5,1,38.7,100.0,0,2
S112,Variables,2,0,89.2,3,40.6,42.9,1,0
S112,Data Structures,0,1,16.6,1,39.4,42.9,0,1
S112,Functions,1,0,96.0,3,41.2,25.0,1,0
S112,Data Structures,0,1,20.1,2,40.0,50.0,0,1
S112,Functions,1,0,59.0,2,41.7,22.2,1,0
S112,Functions,0,0,36.3,3,40.5,20.0,0,0
S112,Functions,0,1,43.5,1,39.5,18.2,0,1
S112,Variables,1,0,56.3,2,41.0,37.5,1,0
S113,Functions,1,0,46.3,2,60.0,60.0,0,0
S113,OOP,0,1,37.1,1,0.0,0.0,0,1
S113,Data Structures,0,1,21.1,1,50.0,50.0,1,1
S113,Variables,1,0,22.3,2,66.7,66.7,2,0
S113,Loops,0,1,16.8,1,50.0,50.0,0,1
S113,OOP,1,0,43.8,3,60.0,100.0,1,0
S113,Variables,0,1,17.2,1,50.0,0.0,0,1
S113,OOP,2,0,86.3,3,57.1,50.0,1,0
S113,Functions,1,0,42.7,2,50.0,0.0,0,0
S113,Functions,0,0,35.9,3,44.4,0.0,0,0
S113,Loops,0,0,30.4,2,40.0,100.0,0,0
S113,Loops,1,0,76.8,2,36.4,50.0,0,0
S113,Variables,0,1,27.1,1,33.3,50.0,0,1
S113,Data Structures,1,1,24.6,1,38.5,100.0,1,2
S113,OOP,1,0,49.8,3,42.9,33.3,2,0
S113,Loops,0,1,17.1,1,40.0,33.3,0,1
S113,OOP,1,0,31.9,2,43.8,25.0,1,0
S113,Variables,2,0,61.2,2,41.2,66.7,0,1
S113,Loops,1,0,53.9,3,38.9,50.0,0,0
S113,Functions,0,0,50.8,3,36.8,0.0,0,0
S113,Data Structures,0,0,24.3,3,35.0,100.0,0,0
S113,Loops,0,1,18.6,1,33.3,40.0,0,1
S113,Loops,0,1,16.5,1,36.4,50.0,1,1
S113,OOP,1,0,67.0,3,39.1,20.0,2,0
S113,Data Structures,1,0,64.0,3,37.5,66.7,0,0
S113,Functions,2,0,56.5,2,36.0,0.0,0,0
S113,Loops,0,1,16.2,1,34.6,57.1,0,1
S113,Loops,1,0,32.7,2,37.0,62.5,1,0
S113,OOP,0,0,42.7,2,35.7,16.7,0,0
S113,Functions,0,1,17.5,1,34.5,0.0,0,1
S113,Variables,1,0,50.9,3,36.7,50.0,1,0
S113,Loops,0,1,28.5,1,35.5,55.6,0,1
S113,Loops,1,0,44.9,3,37.5,60.0,1,0
S113,Variables,2,0,85.8,2,36.4,40.0,0,0
S113,Loops,0,1,15.7,1,35.3,54.5,0,1
S113,Data Structures,1,0,62.6,2,37.1,50.0,1,0
S113,Loops,0,0,23.7,2,36.1,58.3,0,0
S113,Loops,0,1,26.3,1,35.1,53.8,0,1
S113,Loops,1,0,48.9,2,36.8,57.1,1,0
S113,Data Structures,1,0,45.7,3,35.9,40.0,0,0
S114,Data Structures,1,0,41.2,1,60.0,60.0,0,0
S114,Loops,0,1,24.9,1,0.0,0.0,0,1
S114,Functions,1,0,58.0,3,50.0,50.0,1,0
S114,Data Structures,0,0,36.3,3,33.3,0.0,0,0
S114,OOP,0,1,19.7,1,25.0,25.0,0,1
S114,Functions,2,0,91.9,3,40.0,0.0,1,0
S114,Data Structures,0,0,38.6,3,33.3,0.0,0,0
S114,Loops,0,1,29.2,1,28.6,100.0,0,2
S114,Loops,2,0,57.0,2,37.5,100.0,1,1
S114,OOP,2,0,129.5,3,33.3,100.0,0,0
S114,Loops,0,1,23.1,1,30.0,66.7,0,1
S114,Functions,1,0,70.6,3,36.4,0.0,1,0
S114,Loops,2,0,113.2,3,33.3,75.0,0,0
S114,OOP,0,1,20.4,1,30.8,50.0,0,1
S114,Functions,2,0,119.7,3,35.7,0.0,1,0
S114,OOP,1,0,56.9,3,33.3,66.7,0,0
S114,Variables,0,0,40.8,3,31.2,31.2,0,0
S114,Data Structures,0,1,38.9,1,29.4,0.0,0,1
S114,Variables,1,0,82.2,2,33.3,0.0,1,0
S114,Variables,0,1,19.6,1,31.6,0.0,0,1
S114,Data Structures,1,1,29.3,1,35.0,25.0,1,1
S114,Functions,1,0,75.2,3,38.1,0.0,2,0
S114,Functions,0,0,30.5,3,36.4,0.0,0,0
S114,Variables,1,0,68.4,3,34.8,33.3,0,0
S114,Variables,1,0,52.2,2,33.3,25.0,0,0
S114,OOP,0,1,19.0,1,32.0,50.0,0,1
S114,OOP,1,1,27.8,1,34.6,60.0,1,2
S114,Data Structures,1,0,67.8,1,37.0,40.0,2,0
S114,OOP,0,0,31.6,3,35.7,66.7,0,0
S114,Data Structures,0,1,15.3,1,34.5,33.3,0,1
S114,OOP,0,1,29.0,1,36.7,57.1,1,1
S114,Functions,1,0,47.7,2,38.7,0.0,2,0
S114,Data Structures,0,1,35.4,1,37.5,42.9,0,1
S114,Variables,1,0,44.1,3,39.4,20.0,1,0
S114,Data Structures,0,0,26.6,3,38.2,50.0,0,0
S114,Functions,0,1,24.1,1,37.1,0.0,0,2
S114,OOP,2,0,136.5,3,38.9,62.5,1,0
S114,Data Structures,0,0,31.4,2,37.8,44.4,0,0
S114,Functions,0,1,13.8,1,36.8,12.5,0,1
S114,Data Structures,1,0,52.7,2,38.5,40.0,1,0
S115,Loops,1,1,28.0,1,60.0,60.0,0,2
S115,Data Structures,2,0,72.9,2,100.0,100.0,1,1
S115,Variables,1,1,21.2,1,50.0,50.0,0,2
S115,Functions,2,0,43.3,2,66.7,66.7,1,0
S115,Variables,0,1,18.5,1,50.0,100.0,0,2
S115,Loops,2,1,38.5,1,60.0,100.0,1,2
S115,Variables,2,1,46.1,1,66.7,100.0,2,2
S115,OOP,2,0,109.1,3,71.4,71.4,3,0
S115,Functions,0,1,13.1,1,62.5,0.0,0,1
S115,Data Structures,1,1,22.6,1,66.7,0.0,1,1
S115,Loops,1,1,19.0,1,70.0,100.0,2,2
S115,Data Structures,2,0,86.6,2,72.7,50.0,3,0
S115,OOP,0,1,21.3,1,66.7,0.0,0,1
S115,OOP,1,1,38.3,1,69.2,50.0,1,2
S115,Variables,2,1,56.3,1,71.4,100.0,2,2
S115,Data Structures,2,1,63.4,1,73.3,33.3,3,2
S115,Data Structures,2,1,45.3,1,75.0,50.0,4,2
S115,Loops,2,1,29.1,1,76.5,100.0,5,2
S115,Functions,2,1,22.2,1,77.8,50.0,6,2
S115,Data Structures,2,0,45.3,3,78.9,60.0,7,0
S115,Variables,0,1,13.5,1,75.0,100.0,0,2
S115,Loops,2,0,36.8,3,76.2,100.0,1,1
S115,OOP,1,1,34.1,1,72.7,66.7,0,2
S115,OOP,2,0,62.5,3,73.9,75.0,1,0
S115,Data Structures,0,1,12.1,1,70.8,50.0,0,2
S115,Data Structures,2,1,44.8,1,72.0,57.1,1,2
S115,Loops,2,1,46.9,1,73.1,80.0,2,2
S115,Variables,2,0,29.7,2,74.1,100.0,3,1
S115,Variables,1,0,38.1,3,71.4,83.3,0,0
S115,OOP,0,1,13.5,1,69.0,60.0,0,2
S115,Loops,2,1,27.2,1,70.0,83.3,1,2
S115,Variables,2,1,33.9,2,71.0,71.4,2,2
S115,Data Structures,2,1,43.6,1,71.9,62.5,3,2
S115,OOP,2,0,85.2,3,72.7,66.7,4,0
S115,Loops,0,1,20.0,1,70.6,85.7,0,2
S115,OOP,2,0,80.6,2,71.4,57.1,1,0
S115,Functions,2,1,46.9,1,69.4,66.7,0,2
S115,Data Structures,2,0,66.0,2,70.3,66.7,1,0
S115,Functions,0,1,13.0,1,68.4,75.0,0,2
S115,Functions,2,1,32.7,1,69.2,80.0,1,2
S116,Loops,1,1,10.4,1,60.0,60.0,0,2
S116,OOP,2,1,40.2,1,100.0,100.0,1,2
S116,Functions,2,1,30.3,1,100.0,100.0,2,2
S116,OOP,2,1,21.7,1,100.0,100.0,3,2
S116,Data Structures,2,1,28.8,1,100.0,100.0,4,2
S116,Functions,2,1,34.0,1,100.0,100.0,5,2
S116,Variables,1,1,17.6,1,100.0,100.0,6,2
S116,Data Structures,2,0,53.1,2,100.0,100.0,7,1
S116,Loops,1,1,26.7,1,87.5,100.0,0,2
S116,Data Structures,2,1,37.3,1,88.9,50.0,1,2
S116,OOP,2,0,28.0,2,90.0,100.0,2,1
S116,Variables,1,1,21.6,1,81.8,100.0,0,2
S116,OOP,2,1,14.2,1,83.3,66.7,1,2
S116,Variables,2,1,33.5,1,84.6,100.0,2,2
S116,Functions,2,0,49.0,3,85.7,100.0,3,1
S116,OOP,1,1,11.8,1,80.0,75.0,0,2
S116,Data Structures,2,1,30.9,1,81.2,66.7,1,2
S116,OOP,2,1,16.9,1,82.4,80.0,2,2
S116,Data Structures,0,1,9.9,1,83.3,75.0,3,2
S116,Variables,2,1,30.6,1,84.2,100.0,4,2
S116,OOP,2,0,45.1,2,85.0,83.3,5,1
S116,Data Structures,1,1,15.2,2,81.0,80.0,0,2
S116,Data Structures,2,1,25.8,1,81.8,83.3,1,2
S116,Loops,2,1,20.2,1,82.6,100.0,2,2
S116,Variables,2,1,23.8,1,83.3,100.0,3,2
S116,Functions,1,1,20.4,1,84.0,66.7,4,2
S116,Functions,2,1,34.6,1,84.6,75.0,5,2
S116,Variables,2,1,21.4,1,85.2,100.0,6,2
S116,Data Structures,2,1,46.0,1,85.7,85.7,7,2
S116,OOP,2,1,20.2,1,86.2,71.4,8,2
S116,Functions,2,0,69.1,2,86.7,80.0,9,1
S116,Data Structures,1,1,20.8,1,83.9,87.5,0,2
S116,Variables,2,0,37.9,2,84.4,100.0,1,1
S116,Functions,0,1,12.6,1,81.8,66.7,0,2
S116,Variables,2,1,38.0,1,82.4,85.7,1,2
S116,Variables,1,1,14.0,1,82.9,87.5,2,2
S116,Functions,0,1,21.0,1,83.3,71.4,3,2
S116,OOP,2,1,31.8,1,83.8,75.0,4,2
S116,Data Structures,0,1,11.4,1,84.2,88.9,5,2
S116,Loops,2,0,35.4,2,84.6,100.0,6,1
S117,Data Structures,1,1,27.9,1,60.0,60.0,0,2
S117,Variables,1,1,15.0,1,100.0,100.0,1,2
S117,Data Structures,2,0,56.4,2,100.0,100.0,2,1
S117,OOP,1,1,16.1,1,66.7,66.7,0,2
S117,Loops,2,0,75.7,2,75.0,75.0,1,0
S117,OOP,0,1,8.3,1,60.0,100.0,0,2
S117,Loops,2,0,99.0,2,66.7,0.0,1,0
S117,OOP,0,1,16.0,2,57.1,100.0,0,2
S117,Functions,2,0,51.3,2,62.5,62.5,1,0
S117,Variables,0,1,11.2,1,55.6,100.0,0,1
S117,Data Structures,1,0,41.8,2,60.0,50.0,1,0
S117,Data Structures,0,0,34.1,3,54.5,33.3,0,0
S117,Loops,0,1,15.7,1,50.0,0.0,0,1
S117,Functions,1,0,45.2,2,53.8,0.0,1,0
S117,Functions,0,1,14.6,1,50.0,0.0,0,1
S117,Loops,2,0,63.7,2,53.3,33.3,1,0
S117,Variables,0,1,12.4,1,50.0,100.0,0,2
S117,Loops,2,0,46.0,2,52.9,25.0,1,0
S117,Loops,0,1,13.1,1,50.0,20.0,0,1
S117,Data Structures,2,0,50.1,3,52.6,25.0,1,0
S117,Data Structures,0,1,12.5,1,50.0,20.0,0,1
S117,Functions,1,1,53.4,1,52.4,33.3,1,1
S117,Functions,1,0,57.5,2,54.5,50.0,2,0
S117,Loops,0,1,8.3,1,52.2,33.3,0,1
S117,Functions,0,1,20.5,1,54.2,40.0,1,2
S117,Loops,2,0,31.7,3,56.0,42.9,2,0
S117,Functions,0,0,47.1,2,53.8,50.0,0,0
S117,OOP,0,1,10.7,1,51.9,100.0,0,2
S117,Loops,1,1,27.2,1,53.6,37.5,1,2
S117,Variables,2,0,57.1,2,55.2,100.0,2,1
S117,Variables,1,1,20.4,1,53.3,75.0,0,2
S117,Functions,1,0,49.0,2,54.8,42.9,1,0
S117,Functions,0,0,14.1,3,53.1,37.5,0,0
S117,Variables,1,1,13.3,1,51.5,80.0,0,2
S117,Loops,2,0,38.6,2,52.9,44.4,1,0
S117,OOP,0,1,13.9,1,51.4,100.0,0,2
S117,Loops,2,0,43.2,2,52.8,40.0,1,0
S117,Functions,0,1,17.5,1,51.4,33.3,0,1
S117,Loops,1,1,21.4,1,52.6,36.4,1,2
S117,OOP,2,1,37.1,1,53.8,100.0,2,2
S118,Data Structures,1,1,37.1,1,60.0,60.0,0,2
S118,Functions,0,1,19.7,1,100.0,100.0,1,2
S118,Loops,2,0,85.3,2,100.0,100.0,2,1
S118,Variables,1,0,43.3,3,66.7,66.7,0,0
S118,Functions,0,1,24.3,1,50.0,100.0,0,2
S118,Data Structures,2,0,55.4,1,60.0,100.0,1,1
S118,Data Structures,1,1,22.4,1,50.0,50.0,0,2
S118,Data Structures,2,0,58.9,3,57.1,66.7,1,0
S118,Functions,0,1,15.1,1,50.0,100.0,0,2
S118,OOP,2,0,51.7,2,55.6,55.6,1,1
S118,Data Structures,1,0,56.1,3,50.0,50.0,0,0
S118,Functions,1,1,41.6,1,45.5,100.0,0,2
S118,Variables,2,0,67.5,3,50.0,0.0,1,0
S118,Variables,1,1,45.4,1,46.2,0.0,0,1
S118,Data Structures,0,1,17.1,1,50.0,40.0,1,1
S118,Loops,0,1,22.0,1,53.3,0.0,2,1
S118,Functions,1,1,38.1,1,56.2,100.0,3,2
S118,Functions,2,0,66.1,2,58.8,100.0,4,1
S118,Loops,1,1,31.5,1,55.6,50.0,0,2
S118,Variables,2,0,54.3,2,57.9,33.3,1,1
S118,Data Structures,0,1,19.5,1,55.0,50.0,0,1
S118,Loops,1,1,36.4,1,57.1,66.7,1,2
S118,Loops,2,0,52.7,3,59.1,75.0,2,0
S118,Data Structures,0,1,21.1,1,56.5,57.1,0,2
S118,Loops,2,0,68.7,2,58.3,60.0,1,0
S118,Functions,0,1,17.7,1,56.0,83.3,0,2
S118,Variables,2,0,53.0,3,57.7,25.0,1,0
S118,Data Structures,0,1,19.5,1,55.6,62.5,0,2
S118,Data Structures,2,0,67.0,2,57.1,66.7,1,0
S118,Loops,0,1,13.4,1,55.2,50.0,0,2
S118,OOP,2,0,65.6,2,56.7,0.0,1,0
S118,Loops,0,1,14.6,1,54.8,57.1,0,2
S118,OOP,0,1,15.5,1,56.2,0.0,1,1
S118,Functions,0,1,17.8,1,57.6,85.7,2,2
S118,Loops,2,0,59.5,3,58.8,62.5,3,0
S118,Functions,0,1,23.7,1,57.1,87.5,0,2
S118,Loops,2,0,87.6,3,58.3,55.6,1,0
S118,OOP,0,1,13.2,1,56.8,33.3,0,1
S118,Functions,1,0,38.1,2,57.9,88.9,1,1
S118,Variables,0,1,12.7,1,56.4,20.0,0,1
S119,Loops,1,1,21.5,1,60.0,60.0,0,2
S119,Variables,1,1,39.0,1,100.0,100.0,1,2
S119,OOP,2,0,71.2,2,100.0,100.0,2,1
S119,Variables,1,1,20.4,1,66.7,100.0,0,2
S119,Data Structures,2,1,23.9,1,75.0,75.0,1,2
S119,Data Structures,2,1,30.6,1,80.0,100.0,2,2
S119,Variables,2,1,47.6,1,83.3,100.0,3,2
S119,Variables,2,0,49.6,2,85.7,100.0,4,1
S119,Loops,1,1,32.5,2,75.0,100.0,0,2
S119,Data Structures,0,1,16.0,1,77.8,100.0,1,2
S119,OOP,2,1,43.5,1,80.0,0.0,2,1
S119,Variables,1,1,42.4,1,81.8,75.0,3,2
S119,Variables,2,0,51.7,3,83.3,80.0,4,0
S119,Loops,0,1,10.3,1,76.9,100.0,0,2
S119,Functions,2,0,87.1,3,78.6,78.6,1,0
S119,Loops,0,1,16.4,1,73.3,100.0,0,2
S119,Loops,1,1,21.4,1,75.0,100.0,1,2
S119,Data Structures,2,1,35.2,1,76.5,100.0,2,2
S119,Variables,2,1,52.8,1,77.8,66.7,3,2
S119,Functions,2,0,60.4,2,78.9,0.0,4,0
S119,OOP,0,1,21.9,1,75.0,50.0,0,2
S119,Loops,2,0,95.9,2,76.2,100.0,1,1
S119,Functions,1,0,69.6,3,72.7,0.0,0,0
S119,OOP,0,1,10.1,1,69.6,66.7,0,2
S119,Loops,2,1,41.1,1,70.8,83.3,1,2
S119,Data Structures,2,1,30.1,1,72.0,100.0,2,2
S119,Functions,2,0,103.7,2,73.1,0.0,3,0
S119,Variables,0,1,12.3,3,70.4,71.4,0,2
S119,OOP,2,1,25.8,1,71.4,75.0,1,2
S119,Functions,2,0,57.6,2,72.4,0.0,2,0
S119,Functions,0,1,22.5,1,70.0,0.0,0,1
S119,Loops,1,1,30.0,1,71.0,85.7,1,2
S119,OOP,2,0,64.5,2,71.9,80.0,2,0
S119,OOP,0,1,12.3,1,69.7,66.7,0,2
S119,OOP,2,0,43.1,3,70.6,71.4,1,0
S119,Data Structures,0,1,13.2,1,68.6,100.0,0,2
S119,Functions,2,0,41.0,3,69.4,16.7,1,0
S119,Functions,0,1,29.2,1,67.6,14.3,0,1
S119,Functions,1,0,90.8,3,68.4,25.0,1,0
S119,Data Structures,0,1,8.0,1,66.7,100.0,0,2
S120,Data Structures,1,0,77.4,3,60.0,60.0,0,0
S120,Loops,1,0,52.4,2,0.0,0.0,0,0
S120,OOP,0,0,54.3,3,0.0,0.0,0,0
S120,Data Structures,2,0,84.0,3,0.0,0.0,0,0
S120,Variables,0,0,30.3,2,0.0,0.0,0,0
S120,Functions,0,0,38.4,2,0.0,0.0,0,0
S120,Functions,0,0,31.3,3,0.0,0.0,0,0
S120,Variables,0,0,54.2,2,0.0,0.0,0,0
S120,Data Structures,1,0,53.2,3,0.0,0.0,0,0
S120,Data Structures,0,0,34.4,1,0.0,0.0,0,0
S120,Loops,0,0,38.1,2,0.0,0.0,0,0
S120,Data Structures,0,0,50.5,2,0.0,0.0,0,0
S120,Data Structures,0,0,53.1,3,0.0,0.0,0,0
S120,OOP,2,0,73.8,3,0.0,0.0,0,0
S120,Functions,0,0,42.9,1,0.0,0.0,0,0
S120,Variables,0,0,47.0,1,0.0,0.0,0,0
S120,OOP,0,0,36.3,3,0.0,0.0,0,0
S120,Functions,1,0,82.5,3,0.0,0.0,0,0
S120,OOP,0,0,22.0,3,0.0,0.0,0,0
S120,Variables,0,0,40.1,3,0.0,0.0,0,0
S120,Loops,2,0,113.0,2,0.0,0.0,0,0
S120,Loops,0,1,25.9,2,0.0,0.0,0,0
S120,Functions,0,0,35.7,2,4.5,0.0,1,0
S120,Variables,1,0,76.6,3,4.3,0.0,0,0
S120,Loops,0,1,24.0,1,4.2,25.0,0,1
S120,Variables,1,0,72.0,3,8.0,0.0,1,0
S120,Functions,0,0,55.3,2,7.7,0.0,0,0
S120,Variables,0,0,45.0,3,7.4,0.0,0,1
S120,OOP,1,0,53.2,3,7.1,0.0,0,0
S120,Functions,0,0,37.1,2,6.9,0.0,0,0
S120,Variables,0,0,33.8,2,6.7,0.0,0,0
S120,Variables,0,0,36.8,2,6.5,0.0,0,0
S120,Variables,0,1,18.0,1,6.2,0.0,0,0
S120,Data Structures,2,0,77.0,3,9.1,0.0,1,0
S120,Functions,0,0,32.9,2,8.8,0.0,0,0
S120,Variables,0,1,34.4,1,8.6,10.0,0,1
S120,Functions,1,0,81.1,2,11.1,0.0,1,0
S120,OOP,1,0,46.5,1,10.8,0.0,0,0
S120,Functions,0,1,21.4,1,10.5,0.0,0,1
S120,Functions,1,0,51.1,3,12.8,10.0,1,0
S121,Functions,1,0,74.6,2,60.0,60.0,0,0
S121,Variables,2,0,59.0,2,0.0,0.0,0,0
S121,Loops,0,1,35.0,1,0.0,0.0,0,1
S121,Variables,1,1,45.9,1,33.3,0.0,1,1
S121,OOP,1,1,29.8,1,50.0,50.0,2,2
S121,Data Structures,1,1,36.4,1,60.0,60.0,3,2
S121,Loops,2,0,77.6,3,66.7,100.0,4,0
S121,OOP,0,1,19.4,1,57.1,100.0,0,2
S121,Functions,2,0,124.1,2,62.5,0.0,1,0
S121,Functions,0,0,83.1,3,55.6,0.0,0,0
S121,Loops,0,1,29.8,1,50.0,50.0,0,1
S121,Data Structures,1,1,53.5,1,54.5,100.0,1,2
S121,OOP,2,1,42.3,1,58.3,100.0,2,2
S121,Variables,2,1,61.9,1,61.5,50.0,3,2
S121,Functions,2,0,127.7,2,64.3,0.0,4,0
S121,Variables,1,0,62.8,3,60.0,66.7,0,0
S121,Variables,0,1,14.2,1,56.2,50.0,0,2
S121,Data Structures,2,0,114.8,3,58.8,100.0,1,0
S121,Functions,0,1,19.2,1,55.6,0.0,0,1
S121,OOP,1,0,69.9,2,57.9,100.0,1,0
S121,OOP,0,0,25.7,2,55.0,75.0,0,0
S121,Functions,2,0,59.3,3,52.4,20.0,0,0
S121,Functions,0,1,35.4,1,50.0,16.7,0,1
S121,Variables,1,0,57.4,2,52.2,60.0,1,0
S121,Variables,0,1,14.5,1,50.0,50.0,0,2
S121,Data Structures,2,0,57.1,3,52.0,66.7,1,0
S121,Functions,0,1,26.8,1,50.0,28.6,0,1
S121,Data Structures,1,0,49.1,3,51.9,50.0,1,0
S121,OOP,0,1,27.1,1,50.0,60.0,0,1
S121,OOP,1,0,48.4,3,51.7,66.7,1,0
S121,Variables,0,1,14.5,1,50.0,57.1,0,2
S121,Data Structures,0,1,18.4,1,51.6,40.0,1,1
S121,Loops,1,0,46.6,3,53.1,66.7,2,0
S121,Functions,0,1,21.1,1,51.5,37.5,0,1
S121,Loops,1,0,59.8,2,52.9,50.0,1,0
S121,Variables,0,0,26.1,2,51.4,62.5,0,0
S121,Functions,0,1,28.6,1,50.0,44.4,0,1
S121,Data Structures,1,0,75.9,2,51.4,50.0,1,0
S121,Loops,2,0,63.9,3,50.0,40.0,0,0
S121,Functions,0,1,18.4,1,48.7,50.0,0,1
S122,Variables,1,1,38.8,1,60.0,60.0,0,2
S122,OOP,1,0,43.3,2,100.0,100.0,1,1
S122,Variables,1,1,27.9,1,50.0,100.0,0,2
S122,Loops,2,1,37.2,1,66.7,66.7,1,2
S122,Functions,2,0,56.2,3,75.0,75.0,2,0
S122,OOP,0,1,17.2,1,60.0,0.0,0,1
S122,OOP,1,0,33.7,2,66.7,50.0,1,0
S122,OOP,0,1,19.2,1,57.1,33.3,0,1
S122,Data Structures,1,1,53.6,1,62.5,62.5,1,2
S122,Data Structures,2,0,28.6,2,66.7,100.0,2,1
S122,Data Structures,1,1,32.0,1,60.0,50.0,0,2
S122,Functions,1,1,30.5,1,63.6,0.0,1,1
S122,Loops,1,1,19.9,1,66.7,100.0,2,2
S122,Variables,2,1,50.0,1,69.2,100.0,3,2
S122,Data Structures,2,0,77.1,2,71.4,66.7,4,0
S122,Data Structures,0,1,12.7,1,66.7,50.0,0,1
S122,Variables,1,0,46.3,3,68.8,100.0,1,1
S122,Loops,1,1,31.6,1,64.7,100.0,0,2
S122,Variables,2,0,105.5,2,66.7,75.0,1,0
S122,Loops,0,1,15.7,1,63.2,100.0,0,2
S122,OOP,2,0,54.6,3,65.0,50.0,1,0
S122,OOP,0,1,17.6,1,61.9,40.0,0,1
S122,OOP,1,1,43.2,1,63.6,50.0,1,2
S122,OOP,2,0,43.0,3,65.2,57.1,2,0
S122,Loops,1,1,26.2,1,62.5,100.0,0,2
S122,Loops,1,1,34.6,1,64.0,100.0,1,2
S122,Loops,2,1,31.9,1,65.4,100.0,2,2
S122,OOP,2,1,46.6,1,66.7,50.0,3,2
S122,OOP,2,0,64.8,2,67.9,55.6,4,0
S122,Loops,1,1,24.3,1,65.5,100.0,0,2
S122,Variables,0,1,14.2,1,66.7,60.0,1,2
S122,Functions,2,1,57.1,1,67.7,50.0,2,2
S122,Data Structures,1,1,32.5,1,68.8,60.0,3,2
S122,OOP,2,0,77.0,3,69.7,50.0,4,0
S122,OOP,2,0,71.9,3,67.6,45.5,0,0
S122,OOP,0,1,19.6,1,65.7,41.7,0,1
S122,Loops,1,1,23.9,1,66.7,100.0,1,2
S122,Loops,2,0,52.7,2,67.6,100.0,2,0
S122,Data Structures,0,1,16.9,1,65.8,66.7,0,2
S122,Variables,2,0,95.1,1,66.7,66.7,1,0
S123,Variables,1,1,19.6,1,60.0,60.0,0,2
S123,OOP,2,1,36.5,1,100.0,100.0,1,2
S123,Variables,2,1,20.4,1,100.0,100.0,2,2
S123,Functions,2,1,27.1,1,100.0,100.0,3,2
S123,Loops,2,0,33.9,2,100.0,100.0,4,1
S123,Loops,1,1,17.8,1,80.0,0.0,0,1
S123,OOP,1,1,16.4,1,83.3,100.0,1,2
S123,Functions,2,1,36.0,1,85.7,100.0,2,2
S123,Variables,2,1,25.0,1,87.5,100.0,3,2
S123,OOP,1,1,14.2,1,88.9,100.0,4,2
S123,Loops,2,1,23.5,1,90.0,50.0,5,2
S123,Variables,2,1,29.1,1,90.9,100.0,6,2
S123,Variables,2,1,17.5,1,91.7,100.0,7,2
S123,Data Structures,2,1,36.3,1,92.3,92.3,8,2
S123,Functions,0,1,16.5,2,92.9,100.0,9,2
S123,Functions,2,0,57.1,3,93.3,100.0,10,1
S123,Data Structures,1,1,26.2,1,87.5,100.0,0,2
S123,OOP,2,0,39.9,1,88.2,100.0,1,1
S123,OOP,1,1,28.9,2,83.3,75.0,0,2
S123,Variables,2,0,41.2,3,84.2,100.0,1,1
S123,Functions,1,1,16.8,1,80.0,75.0,0,2
S123,Data Structures,2,1,31.0,1,81.0,100.0,1,2
S123,Data Structures,2,1,32.4,1,81.8,100.0,2,2
S123,Functions,2,0,28.5,3,82.6,80.0,3,1
S123,Functions,1,1,29.0,1,79.2,66.7,0,2
S123,Functions,2,1,32.9,1,80.0,71.4,1,2
S123,Loops,2,1,41.6,1,80.8,66.7,2,2
S123,Data Structures,2,0,34.3,2,81.5,100.0,3,1
S123,Variables,1,1,21.1,1,78.6,83.3,0,2
S123,Loops,0,1,12.4,1,79.3,75.0,1,2
S123,Data Structures,2,1,32.6,1,80.0,80.0,2,2
S123,Loops,2,1,44.4,1,80.6,80.0,3,2
S123,OOP,2,1,25.3,1,81.2,80.0,4,2
S123,Data Structures,2,1,38.6,1,81.8,83.3,5,2
S123,OOP,2,1,31.0,1,82.4,83.3,6,2
S123,Variables,2,1,24.1,3,82.9,85.7,7,2
S123,OOP,2,1,21.4,1,83.3,85.7,8,2
S123,Data Structures,2,0,37.1,3,83.8,85.7,9,1
S123,Data Structures,1,1,18.4,1,81.6,75.0,0,2
S123,Variables,2,1,25.8,1,82.1,87.5,1,2
S124,Functions,1,0,60.0,1,60.0,60.0,0,0
S124,Loops,0,0,35.5,3,0.0,0.0,0,0
S124,Data Structures,0,0,24.5,3,0.0,0.0,0,0
S124,OOP,0,0,45.9,3,0.0,0.0,0,0
S124,Variables,0,1,27.1,1,0.0,0.0,0,1
S124,OOP,1,0,58.7,3,20.0,0.0,1,0
S124,Loops,0,0,37.8,3,16.7,0.0,0,0
S124,Functions,2,0,77.4,3,14.3,0.0,0,0
S124,OOP,0,0,33.2,3,12.5,0.0,0,0
S124,Functions,0,1,21.0,1,11.1,0.0,0,1
S124,Data Structures,1,0,57.1,2,20.0,0.0,1,0
S124,Functions,0,0,35.7,2,18.2,33.3,0,0
S124,Loops,0,0,21.1,2,16.7,0.0,0,1
S124,OOP,0,0,40.5,2,15.4,0.0,0,0
S124,Data Structures,0,0,30.9,2,14.3,0.0,0,0
S124,Loops,0,1,23.7,1,13.3,0.0,0,1
S124,OOP,1,0,55.4,2,18.8,0.0,1,0
S124,OOP,0,0,50.0,3,17.6,0.0,0,0
S124,Loops,0,0,38.1,3,16.7,25.0,0,0
S124,OOP,0,0,32.0,3,15.8,0.0,0,0
S124,Data Structures,0,0,23.0,3,15.0,0.0,0,1
S124,Functions,1,0,55.5,2,14.3,25.0,0,0
S124,Data Structures,0,0,22.2,2,13.6,0.0,0,0
S124,Variables,0,1,29.9,1,13.0,100.0,0,2
S124,Functions,2,0,67.5,3,16.7,20.0,1,0
S124,Functions,0,0,39.3,2,16.0,16.7,0,0
S124,Data Structures,1,0,52.4,2,15.4,0.0,0,0
S124,OOP,0,0,55.7,2,14.8,0.0,0,0
S124,Functions,2,0,74.5,3,14.3,14.3,0,0
S124,Loops,0,0,31.6,2,13.8,20.0,0,1
S124,Data Structures,1,0,72.5,2,13.3,0.0,0,0
S124,Functions,1,1,35.1,1,12.9,12.5,0,1
S124,Data Structures,1,0,76.5,2,15.6,0.0,1,0
S124,Functions,0,1,17.0,1,15.2,22.2,0,1
S124,Loops,1,0,42.7,2,17.6,16.7,1,0
S124,Data Structures,0,1,29.4,1,17.1,0.0,0,1
S124,Loops,1,0,77.4,3,19.4,14.3,1,0
S124,OOP,0,0,23.9,2,18.9,0.0,0,0
S124,Functions,0,0,41.6,3,18.4,30.0,0,0
S124,Variables,0,0,45.3,3,17.9,100.0,0,0
S125,Data Structures,1,0,68.3,3,60.0,60.0,0,0
S125,Loops,0,1,17.3,1,0.0,0.0,0,1
S125,Variables,1,0,41.3,2,50.0,50.0,1,0
S125,Loops,0,1,14.9,1,33.3,100.0,0,2
S125,Loops,2,0,115.5,2,50.0,100.0,1,0
S125,Loops,0,1,15.6,1,40.0,66.7,0,2
S125,Loops,2,0,62.8,3,50.0,75.0,1,0
S125,Variables,2,0,87.6,3,42.9,0.0,0,0
S125,Functions,0,1,15.0,1,37.5,37.5,0,1
S125,Data Structures,2,0,115.2,2,44.4,0.0,1,0
S125,Data Structures,1,0,56.9,2,40.0,0.0,0,0
S125,Data Structures,0,1,13.7,1,36.4,0.0,0,1
S125,Functions,0,1,17.0,1,41.7,100.0,1,2
S125,Loops,2,0,75.3,1,46.2,60.0,2,0
S125,Variables,0,1,37.2,1,42.9,0.0,0,1
S125,OOP,2,1,56.2,1,46.7,46.7,1,2
S125,Data Structures,2,0,75.1,2,50.0,25.0,2,0
S125,Functions,0,1,16.2,1,47.1,100.0,0,2
S125,OOP,1,1,52.3,1,50.0,100.0,1,2
S125,Variables,2,0,91.0,2,52.6,33.3,2,0
S125,Functions,0,1,14.3,1,50.0,100.0,0,2
S125,Loops,2,0,41.6,3,52.4,50.0,1,0
S125,Functions,0,1,12.8,1,50.0,100.0,0,2
S125,OOP,2,0,61.2,1,52.2,100.0,1,1
S125,Variables,1,1,32.8,2,50.0,25.0,0,1
S125,OOP,1,1,47.2,1,52.0,66.7,1,2
S125,Data Structures,2,0,72.6,2,53.8,20.0,2,0
S125,Data Structures,0,0,21.3,2,51.9,16.7,0,0
S125,OOP,0,1,18.1,1,50.0,75.0,0,2
S125,OOP,2,1,62.6,1,51.7,80.0,1,2
S125,Functions,1,1,23.3,1,53.3,100.0,2,2
S125,Variables,2,0,61.1,2,54.8,40.0,3,0
S125,Data Structures,0,1,24.4,1,53.1,14.3,0,1
S125,Functions,1,1,21.6,1,54.5,100.0,1,2
S125,Loops,2,0,86.9,3,55.9,42.9,2,0
S125,Functions,0,1,12.2,1,54.3,100.0,0,2
S125,Loops,2,0,99.0,2,55.6,37.5,1,0
S125,Variables,0,1,31.8,1,54.1,33.3,0,1
S125,OOP,1,1,32.6,1,55.3,83.3,1,2
S125,Variables,2,0,59.2,3,56.4,42.9,2,0
S126,OOP,1,1,26.0,1,60.0,60.0,0,2
S126,Loops,2,0,55.3,1,100.0,100.0,1,1
S126,Functions,1,1,30.6,2,50.0,50.0,0,1
S126,Functions,1,0,22.0,3,66.7,100.0,1,1
S126,OOP,1,1,28.9,1,50.0,100.0,0,2
S126,OOP,2,0,60.0,3,60.0,100.0,1,1
S126,OOP,1,0,21.9,3,50.0,66.7,0,1
S126,Functions,0,1,12.6,2,42.9,50.0,0,1
S126,Data Structures,1,1,37.5,1,50.0,50.0,1,2
S126,Variables,1,1,48.9,1,55.6,55.6,2,2
S126,Variables,2,0,42.6,2,60.0,100.0,3,1
S126,Loops,1,1,22.5,1,54.5,0.0,0,1
S126,Loops,0,1,12.2,1,58.3,50.0,1,2
S126,OOP,2,0,58.6,2,61.5,50.0,2,1
S126,Loops,2,0,56.3,2,57.1,66.7,0,0
S126,Loops,0,1,17.5,1,53.3,50.0,0,1
S126,Data Structures,1,1,30.5,1,56.2,100.0,1,2
S126,Variables,0,1,12.3,1,58.8,50.0,2,2
S126,OOP,2,0,40.7,2,61.1,40.0,3,0
S126,Functions,0,1,11.2,1,57.9,66.7,0,2
S126,Data Structures,2,0,56.6,3,60.0,100.0,1,1
S126,Data Structures,1,0,36.2,2,57.1,66.7,0,0
S126,Loops,2,0,45.4,2,54.5,60.0,0,0
S126,Functions,0,1,15.6,1,52.2,75.0,0,2
S126,Variables,2,0,49.3,2,54.2,66.7,1,0
S126,Variables,0,1,23.8,1,52.0,50.0,0,1
S126,Loops,1,1,29.6,1,53.8,50.0,1,2
S126,Loops,2,0,42.6,2,55.6,57.1,2,0
S126,Functions,1,1,21.2,1,53.6,80.0,0,2
S126,Variables,2,0,74.1,2,55.2,60.0,1,0
S126,OOP,0,1,15.4,1,53.3,33.3,0,1
S126,Variables,1,0,31.8,2,54.8,50.0,1,0
S126,Functions,0,1,8.8,1,53.1,83.3,0,2
S126,Functions,2,0,65.5,3,54.5,85.7,1,0
S126,Variables,0,1,19.6,1,52.9,42.9,0,1
S126,Variables,1,0,29.4,3,54.3,50.0,1,0
S126,Loops,0,1,17.6,1,52.8,50.0,0,1
S126,Variables,1,1,26.0,3,54.1,44.4,1,1
S126,Loops,1,1,20.0,2,55.3,55.6,2,2
S126,Variables,2,1,55.2,1,56.4,50.0,3,2
S127,Loops,1,1,31.2,1,60.0,60.0,0,2
S127,Loops,2,1,44.5,1,100.0,100.0,1,2
S127,Functions,2,1,27.0,1,100.0,100.0,2,2
S127,Data Structures,2,0,61.7,2,100.0,100.0,3,1
S127,OOP,1,1,17.6,1,75.0,75.0,0,2
S127,OOP,2,1,29.2,1,80.0,100.0,1,2
S127,OOP,2,0,36.8,3,83.3,100.0,2,1
S127,Functions,1,0,36.0,2,71.4,100.0,0,1
S127,OOP,0,1,15.1,1,62.5,66.7,0,2
S127,Data Structures,2,0,33.6,3,66.7,0.0,1,0
S127,Functions,0,1,7.8,2,60.0,50.0,0,1
S127,OOP,1,1,18.0,1,63.6,75.0,1,2
S127,Loops,2,1,65.0,1,66.7,100.0,2,2
S127,Loops,2,0,44.2,3,69.2,100.0,3,1
S127,Loops,1,1,36.2,1,64.3,75.0,0,2
S127,OOP,1,1,20.8,1,66.7,80.0,1,2
S127,Functions,1,1,20.6,3,68.8,66.7,2,2
S127,Loops,2,0,66.5,2,70.6,80.0,3,0
S127,OOP,0,1,9.1,1,66.7,83.3,0,2
S127,Variables,2,1,20.1,1,68.4,68.4,1,2
S127,OOP,2,0,36.3,3,70.0,85.7,2,1
S127,Loops,1,1,13.4,1,66.7,66.7,0,2
S127,OOP,2,1,29.9,1,68.2,75.0,1,2
S127,Loops,2,1,35.0,1,69.6,71.4,2,2
S127,Data Structures,2,0,27.1,3,70.8,0.0,3,0
S127,Loops,0,1,9.4,1,68.0,75.0,0,2
S127,Data Structures,2,1,31.0,1,69.2,0.0,1,1
S127,Loops,1,1,16.2,1,70.4,77.8,2,2
S127,Data Structures,1,1,44.3,1,71.4,25.0,3,1
S127,Loops,1,1,21.8,1,72.4,80.0,4,2
S127,Functions,2,1,24.7,1,73.3,75.0,5,2
S127,Data Structures,2,1,41.2,3,74.2,40.0,6,1
S127,Functions,1,1,20.7,1,75.0,80.0,7,2
S127,Variables,2,0,25.7,2,75.8,100.0,8,0
S127,Variables,0,1,8.7,1,73.5,50.0,0,2
S127,Functions,2,1,24.1,1,74.3,83.3,1,2
S127,OOP,2,0,54.1,3,75.0,77.8,2,1
S127,Variables,1,1,16.8,2,73.0,66.7,0,2
S127,OOP,2,1,57.0,1,73.7,70.0,1,2
S127,OOP,2,1,39.5,1,74.4,72.7,2,2
S128,Variables,1,1,36.6,1,60.0,60.0,0,2
S128,Loops,2,0,103.3,2,100.0,100.0,1,1
S128,Variables,1,1,19.1,1,50.0,100.0,0,2
S128,Loops,2,0,57.1,2,66.7,0.0,1,0
S128,Functions,0,0,21.6,3,50.0,50.0,0,0
S128,Loops,0,0,18.2,3,40.0,0.0,0,0
S128,OOP,2,0,71.9,2,33.3,33.3,0,0
S128,OOP,0,0,30.1,3,28.6,0.0,0,0
S128,Variables,0,1,11.8,1,25.0,100.0,0,2
S128,Variables,2,1,44.5,1,33.3,100.0,1,2
S128,OOP,2,0,60.0,2,40.0,0.0,2,0
S128,Data Structures,0,0,39.1,2,36.4,36.4,0,0
S128,Loops,0,1,16.7,1,33.3,0.0,0,1
S128,Variables,1,1,19.7,1,38.5,100.0,1,2
S128,OOP,2,0,144.6,3,42.9,0.0,2,0
S128,Data Structures,2,0,62.9,2,40.0,0.0,0,0
S128,Functions,0,0,24.9,2,37.5,0.0,0,0
S128,Data Structures,2,0,94.4,3,35.3,0.0,0,0
S128,Functions,2,0,87.8,2,33.3,0.0,0,0
S128,Data Structures,0,0,38.9,3,31.6,0.0,0,0
S128,Variables,0,1,16.7,1,30.0,100.0,0,2
S128,OOP,2,0,115.3,1,33.3,0.0,1,0
S128,Data Structures,0,0,23.0,2,31.8,0.0,0,0
S128,Functions,0,1,43.3,1,30.4,0.0,0,1
S128,Variables,1,1,26.1,1,33.3,100.0,1,2
S128,Variables,2,0,56.1,2,36.0,100.0,2,1
S128,OOP,1,0,55.7,3,34.6,0.0,0,0
S128,Functions,0,1,23.9,1,33.3,25.0,0,1
S128,Loops,1,0,49.1,1,35.7,25.0,1,0
S128,Functions,0,1,17.0,1,34.5,40.0,0,1
S128,Data Structures,1,0,85.9,2,36.7,0.0,1,0
S128,Functions,0,1,18.5,1,35.5,50.0,0,1
S128,OOP,1,0,62.4,2,37.5,0.0,1,0
S128,Variables,2,1,41.4,1,36.4,87.5,0,2
S128,Data Structures,2,0,84.7,2,38.2,0.0,1,0
S128,Data Structures,2,0,85.4,2,37.1,0.0,0,0
S128,Functions,0,1,31.0,1,36.1,57.1,0,1
S128,Functions,1,0,46.3,3,37.8,62.5,1,0
S128,Loops,2,1,88.9,1,36.8,20.0,0,1
S128,Variables,1,1,38.2,1,38.5,88.9,1,2
S129,Data Structures,1,1,35.8,1,60.0,60.0,0,2
S129,Variables,2,0,161.2,2,100.0,100.0,1,1
S129,OOP,1,0,68.9,2,50.0,50.0,0,0
S129,Variables,0,0,30.3,3,33.3,0.0,0,0
S129,Loops,0,0,27.2,3,25.0,25.0,0,0
S129,OOP,0,1,25.3,1,20.0,0.0,0,1
S129,Loops,2,0,116.9,2,33.3,0.0,1,0
S129,Data Structures,0,1,19.7,1,28.6,100.0,0,2
S129,OOP,2,0,78.0,2,37.5,50.0,1,0
S129,Loops,1,0,45.8,2,33.3,0.0,0,0
S129,Loops,0,0,30.2,3,30.0,0.0,0,0
S129,OOP,0,1,20.2,1,27.3,33.3,0,1
S129,Variables,1,0,61.3,2,33.3,0.0,1,0
S129,Functions,2,0,73.7,2,30.8,30.8,0,0
S129,OOP,0,1,27.9,1,28.6,50.0,0,1
S129,Loops,1,0,68.3,3,33.3,0.0,1,1
S129,Data Structures,1,1,55.1,1,31.2,100.0,0,2
S129,Loops,2,0,78.3,2,35.3,0.0,1,0
S129,Functions,1,0,51.3,1,33.3,0.0,0,0
S129,OOP,0,1,19.2,2,31.6,60.0,0,1
S129,OOP,1,0,44.2,1,35.0,66.7,1,0
S129,Variables,0,0,43.3,1,33.3,0.0,0,0
S129,Loops,0,0,62.1,3,31.8,0.0,0,0
S129,Functions,0,0,29.5,3,30.4,0.0,0,0
S129,Functions,0,0,52.3,3,29.2,0.0,0,0
S129,Loops,0,1,18.3,1,28.0,0.0,0,1
S129,Data Structures,1,0,45.2,3,30.8,100.0,1,0
S129,Loops,0,0,31.0,3,29.6,12.5,0,0
S129,Data Structures,0,1,20.2,1,28.6,75.0,0,2
S129,Data Structures,2,0,106.5,3,31.0,80.0,1,0
S129,Data Structures,0,0,28.1,3,30.0,66.7,0,0
S129,Data Structures,0,0,41.2,3,29.0,57.1,0,0
S129,Variables,0,0,49.0,2,28.1,0.0,0,0
S129,Variables,0,1,35.0,1,27.3,0.0,0,1
S129,Data Structures,1,0,45.9,3,29.4,50.0,1,0
S129,Loops,0,0,38.6,3,28.6,11.1,0,0
S129,Data Structures,0,1,13.5,1,27.8,44.4,0,1
S129,Data Structures,0,1,21.9,1,29.7,50.0,1,1
S129,OOP,1,0,51.2,2,31.6,57.1,2,0
S129,Variables,0,0,28.0,2,30.8,16.7,0,0
S130,Functions,1,0,71.9,3,60.0,60.0,0,1
S130,Functions,1,0,37.8,3,0.0,0.0,0,0
S130,Data Structures,2,0,128.4,2,0.0,0.0,0,0
S130,Variables,0,0,52.9,2,0.0,0.0,0,0
S130,Data Structures,0,1,21.7,1,0.0,0.0,0,1
S130,Variables,2,0,129.4,3,20.0,0.0,1,0
S130,Functions,1,0,46.8,3,16.7,0.0,0,0
S130,Variables,0,0,67.8,3,14.3,0.0,0,0
S130,OOP,2,0,74.0,3,12.5,12.5,0,0
S130,OOP,0,1,24.4,1,11.1,0.0,0,1
S130,Functions,1,0,35.4,3,20.0,0.0,1,0
S130,Variables,0,0,32.8,3,18.2,0.0,0,0
S130,Variables,0,0,38.5,2,16.7,0.0,0,0
S130,Loops,2,0,40.9,3,15.4,15.4,0,0
S130,Variables,0,0,25.9,3,14.3,0.0,0,0
S130,OOP,0,0,22.2,2,13.3,50.0,0,0
S130,Data Structures,0,1,28.5,1,12.5,50.0,0,1
S130,Loops,1,0,41.6,2,17.6,0.0,1,0
S130,Functions,0,1,13.0,1,16.7,0.0,0,1
S130,OOP,1,1,19.4,1,21.1,33.3,1,1
S130,Functions,1,0,57.4,2,25.0,20.0,2,0
S130,Variables,0,0,32.3,2,23.8,0.0,0,1
S130,Variables,1,0,63.3,3,22.7,0.0,0,0
S130,Variables,0,1,26.2,1,21.7,0.0,0,1
S130,OOP,1,0,58.8,3,25.0,50.0,1,0
S130,Data Structures,1,0,46.7,2,24.0,66.7,0,0
S130,OOP,1,0,52.5,2,23.1,40.0,0,0
S130,OOP,1,0,40.5,2,22.2,33.3,0,0
S130,Loops,0,1,17.6,1,21.4,0.0,0,1
S130,OOP,1,1,44.5,1,24.1,28.6,1,1
S130,Variables,1,0,80.4,2,26.7,11.1,2,0
S130,OOP,0,1,18.7,1,25.8,37.5,0,1
S130,Variables,1,0,49.7,2,28.1,10.0,1,0
S130,Functions,0,1,24.7,2,27.3,16.7,0,1
S130,Variables,1,0,46.4,3,29.4,9.1,1,0
S130,OOP,0,1,13.8,1,28.6,44.4,0,1
S130,Functions,1,1,35.6,1,30.6,28.6,1,1
S130,Functions,1,0,39.7,1,32.4,37.5,2,0
S130,Data Structures,0,1,26.0,1,31.6,50.0,0,1
S130,Functions,1,1,36.5,2,33.3,33.3,1,1
S131,Variables,1,0,40.5,2,60.0,60.0,0,0
S131,OOP,0,0,45.2,1,0.0,0.0,0,0
S131,OOP,0,1,21.6,1,0.0,0.0,0,1
S131,Functions,1,0,51.8,3,33.3,33.3,1,0
S131,Variables,0,1,15.0,1,25.0,0.0,0,1
S131,Functions,1,0,34.9,3,40.0,0.0,1,0
S131,OOP,0,1,31.5,1,33.3,50.0,0,1
S131,OOP,1,0,63.9,3,42.9,66.7,1,0
S131,Loops,2,0,101.3,3,37.5,37.5,0,0
S131,Functions,0,1,35.1,1,33.3,0.0,0,1
S131,Variables,2,0,103.5,3,40.0,50.0,1,0
S131,Data Structures,0,0,23.5,3,36.4,36.4,0,0
S131,Variables,0,0,36.8,3,33.3,33.3,0,0
S131,OOP,0,0,37.0,3,30.8,50.0,0,0
S131,Functions,0,0,34.4,3,28.6,33.3,0,0
S131,Data Structures,0,0,24.6,2,26.7,0.0,0,0
S131,Variables,0,0,30.6,2,25.0,25.0,0,0
S131,Data Structures,0,0,40.5,2,23.5,0.0,0,0
S131,Loops,1,0,57.9,2,22.2,0.0,0,0
S131,OOP,0,1,28.3,1,21.1,40.0,0,1
S131,Variables,1,0,73.9,3,25.0,20.0,1,0
S131,Functions,0,0,18.5,2,23.8,25.0,0,0
S131,OOP,0,0,40.3,3,22.7,50.0,0,0
S131,Variables,0,1,25.6,1,21.7,16.7,0,1
S131,Variables,1,0,59.1,3,25.0,28.6,1,0
S131,Loops,0,0,35.7,2,24.0,0.0,0,0
S131,Data Structures,0,0,56.8,1,23.1,0.0,0,0
S131,OOP,0,1,18.9,1,22.2,42.9,0,1
S131,Variables,1,1,36.0,1,25.0,25.0,1,1
S131,Loops,1,0,39.4,3,27.6,0.0,2,0
S131,Data Structures,0,0,37.2,2,26.7,0.0,0,0
S131,Data Structures,1,0,34.7,2,25.8,0.0,0,0
S131,OOP,0,0,37.9,2,25.0,50.0,0,0
S131,Variables,0,1,17.6,1,24.2,33.3,0,1
S131,Data Structures,1,0,68.9,2,26.5,0.0,1,0
S131,Loops,2,0,61.9,2,25.7,0.0,0,0
S131,Variables,0,0,34.5,2,25.0,40.0,0,0
S131,Variables,0,1,22.5,1,24.3,36.4,0,1
S131,Loops,1,0,58.7,3,26.3,0.0,1,0
S131,Data Structures,0,0,41.7,2,25.6,0.0,0,0
S132,Variables,1,1,33.2,1,60.0,60.0,0,2
S132,Variables,2,0,45.8,2,100.0,100.0,1,1
S132,Functions,1,0,31.5,3,50.0,50.0,0,0
S132,Variables,0,1,15.8,1,33.3,50.0,0,1
S132,Data Structures,1,0,43.1,2,50.0,50.0,1,0
S132,OOP,0,1,19.5,1,40.0,40.0,0,1
S132,Variables,1,1,19.9,2,50.0,66.7,1,2
S132,Functions,1,1,30.2,1,57.1,0.0,2,1
S132,Data Structures,1,1,28.5,1,62.5,0.0,3,1
S132,Loops,1,1,19.9,1,66.7,66.7,4,2
S132,Variables,2,1,45.3,1,70.0,75.0,5,2
S132,OOP,2,0,100.4,2,72.7,100.0,6,1
S132,Functions,1,1,29.9,1,66.7,50.0,0,2
S132,Variables,2,1,86.3,1,69.2,80.0,1,2
S132,Functions,2,0,30.8,3,71.4,66.7,2,0
S132,OOP,0,1,31.0,1,66.7,50.0,0,1
S132,Functions,1,1,35.8,1,68.8,50.0,1,2
S132,Functions,2,1,47.6,1,70.6,60.0,2,2
S132,Functions,2,0,51.9,3,72.2,66.7,3,0
S132,Data Structures,0,1,14.5,3,68.4,50.0,0,1
S132,Variables,0,1,17.2,1,70.0,83.3,1,2
S132,Functions,2,0,65.6,1,71.4,57.1,2,0
S132,Loops,0,1,11.1,1,68.2,100.0,0,2
S132,Data Structures,2,0,56.3,2,69.6,66.7,1,0
S132,Functions,0,1,15.8,1,66.7,50.0,0,2
S132,Variables,0,1,10.9,1,68.0,85.7,1,2
S132,Loops,0,1,10.8,1,69.2,100.0,2,2
S132,Loops,2,1,14.7,3,70.4,100.0,3,2
S132,Data Structures,0,1,13.3,1,71.4,50.0,4,2
S132,Loops,2,1,56.8,1,72.4,100.0,5,2
S132,OOP,2,0,86.8,3,73.3,66.7,6,0
S132,Loops,0,1,14.7,1,71.0,100.0,0,2
S132,Variables,2,0,60.0,3,71.9,87.5,1,0
S132,Loops,0,1,17.0,3,69.7,100.0,0,2
S132,Data Structures,2,0,70.0,2,70.6,60.0,1,0
S132,Variables,0,1,13.9,1,68.6,77.8,0,2
S132,Variables,2,0,63.6,2,69.4,80.0,1,0
S132,OOP,2,0,80.5,3,67.6,50.0,0,0
S132,Variables,2,1,67.8,1,65.8,72.7,0,2
S132,Variables,1,1,20.7,1,66.7,75.0,1,2
S133,Data Structures,1,0,43.8,2,60.0,60.0,0,0
S133,Data Structures,0,1,33.4,1,0.0,0.0,0,1
S133,OOP,1,0,84.5,2,50.0,50.0,1,0
S133,Functions,0,1,22.7,1,33.3,33.3,0,1
S133,Functions,1,1,34.5,1,50.0,100.0,1,2
S133,OOP,2,0,122.1,2,60.0,0.0,2,0
S133,Variables,0,1,17.1,1,50.0,50.0,0,1
S133,Functions,1,0,28.6,2,57.1,100.0,1,1
S133,OOP,1,0,52.5,2,50.0,0.0,0,0
S133,OOP,0,1,26.6,1,44.4,0.0,0,1
S133,OOP,1,0,56.3,2,50.0,25.0,1,0
S133,Data Structures,0,1,29.6,1,45.5,50.0,0,1
S133,OOP,1,0,37.9,3,50.0,20.0,1,0
S133,Loops,0,1,12.2,1,46.2,46.2,0,1
S133,Data Structures,1,0,52.4,3,50.0,66.7,1,0
S133,Variables,0,0,55.4,2,46.7,100.0,0,0
S133,Variables,1,0,104.6,3,43.8,50.0,0,0
S133,OOP,0,0,24.8,3,41.2,16.7,0,0
S133,Data Structures,0,1,17.7,1,38.9,50.0,0,1
S133,Data Structures,1,0,62.7,3,42.1,60.0,1,0
S133,Functions,0,1,33.7,1,40.0,66.7,0,1
S133,Variables,1,0,60.7,2,42.9,33.3,1,0
S133,Variables,0,0,34.6,2,40.9,25.0,0,0
S133,Data Structures,0,1,36.5,1,39.1,50.0,0,1
S133,Functions,1,1,36.2,1,41.7,75.0,1,2
S133,Data Structures,2,0,60.8,3,44.0,57.1,2,0
S133,Loops,2,0,51.1,2,42.3,100.0,0,1
S133,Variables,1,0,65.3,2,40.7,20.0,0,0
S133,OOP,0,1,30.6,1,39.3,14.3,0,1
S133,Data Structures,1,1,37.3,1,41.4,50.0,1,2
S133,Loops,2,0,90.8,1,43.3,50.0,2,0
S133,OOP,0,0,28.2,3,41.9,25.0,0,0
S133,Data Structures,0,1,24.9,1,40.6,55.6,0,1
S133,Loops,1,0,28.3,2,42.4,33.3,1,0
S133,Functions,0,1,22.1,2,41.2,80.0,0,1
S133,OOP,1,0,41.0,3,42.9,22.2,1,0
S133,Variables,0,0,28.7,2,41.7,16.7,0,0
S133,OOP,1,1,27.4,1,40.5,20.0,0,1
S133,Loops,1,1,16.9,1,42.1,25.0,1,1
S133,OOP,1,0,61.9,3,43.6,27.3,2,0
S134,Functions,1,1,35.4,1,60.0,60.0,0,2
S134,Variables,2,1,41.0,1,100.0,100.0,1,2
S134,Loops,2,1,36.3,1,100.0,100.0,2,2
S134,OOP,2,1,36.2,1,100.0,100.0,3,2
S134,Data Structures,2,1,34.3,1,100.0,100.0,4,2
S134,Loops,2,1,33.4,1,100.0,100.0,5,2
S134,Data Structures,2,1,24.6,3,100.0,100.0,6,2
S134,Data Structures,2,1,24.1,1,100.0,100.0,7,2
S134,Loops,2,0,33.5,3,100.0,100.0,8,2
S134,Loops,2,1,47.6,1,88.9,66.7,0,2
S134,OOP,2,1,44.6,1,90.0,100.0,1,2
S134,Data Structures,2,1,19.1,1,90.9,100.0,2,2
S134,Variables,2,0,52.8,3,91.7,100.0,3,1
S134,Loops,1,1,29.1,1,84.6,75.0,0,1
S134,Loops,1,1,24.1,1,85.7,80.0,1,1
S134,Loops,1,1,18.5,1,86.7,83.3,2,2
S134,Loops,2,1,24.5,1,87.5,85.7,3,2
S134,Loops,2,1,43.1,1,88.2,87.5,4,2
S134,Functions,2,0,66.3,2,88.9,100.0,5,1
S134,OOP,1,1,23.8,1,84.2,100.0,0,2
S134,OOP,2,0,76.1,3,85.0,100.0,1,1
S134,Data Structures,1,0,17.1,3,81.0,100.0,0,1
S134,OOP,1,1,23.4,1,77.3,75.0,0,2
S134,OOP,2,0,51.4,2,78.3,80.0,1,1
S134,OOP,1,1,59.2,1,75.0,66.7,0,2
S134,Loops,2,1,28.6,1,76.0,88.9,1,2
S134,Loops,2,1,26.8,1,76.9,90.0,2,2
S134,Loops,2,1,33.9,1,77.8,90.9,3,2
S134,Loops,0,1,10.9,1,78.6,91.7,4,2
S134,Data Structures,2,1,34.3,1,79.3,80.0,5,2
S134,Functions,2,1,51.9,2,80.0,50.0,6,2
S134,Data Structures,1,1,14.9,1,80.6,83.3,7,2
S134,Functions,2,1,45.3,1,81.2,66.7,8,2
S134,Data Structures,2,0,38.5,3,81.8,85.7,9,1
S134,Variables,1,1,12.6,1,79.4,50.0,0,2
S134,OOP,1,0,35.9,2,80.0,71.4,1,0
S134,Variables,0,1,8.9,1,77.8,66.7,0,1
S134,Data Structures,1,1,25.1,1,78.4,75.0,1,2
S134,Loops,2,1,43.3,1,78.9,92.3,2,2
S134,Loops,2,1,21.7,1,79.5,92.9,3,2
S135,Data Structures,1,1,15.4,1,60.0,60.0,0,2
S135,OOP,2,1,26.3,1,100.0,100.0,1,2
S135,Loops,0,1,15.9,1,100.0,100.0,2,2
S135,OOP,2,1,36.9,1,100.0,100.0,3,2
S135,Data Structures,2,1,24.5,1,100.0,100.0,4,2
S135,Data Structures,2,0,28.7,3,100.0,100.0,5,1
S135,Loops,1,1,25.0,1,83.3,100.0,0,2
S135,Loops,2,0,63.1,3,85.7,100.0,1,1
S135,Variables,1,1,44.5,1,75.0,75.0,0,2
S135,Variables,2,0,39.6,3,77.8,100.0,1,1
S135,Data Structures,1,1,10.1,1,70.0,66.7,0,2
S135,Loops,2,1,39.1,1,72.7,66.7,1,2
S135,Loops,1,1,22.4,1,75.0,75.0,2,2
S135,Data Structures,2,1,25.5,1,76.9,75.0,3,2
S135,OOP,0,1,15.3,1,78.6,100.0,4,2
S135,OOP,2,1,42.5,1,80.0,100.0,5,2
S135,Loops,2,1,46.9,1,81.2,80.0,6,2
S135,Functions,2,0,115.7,3,82.4,82.4,7,0
S135,Functions,1,1,25.0,1,77.8,0.0,0,1
S135,OOP,1,1,18.6,1,78.9,100.0,1,2
S135,Data Structures,2,1,30.1,1,80.0,80.0,2,2
S135,Data Structures,0,1,6.6,1,81.0,83.3,3,2
S135,Functions,0,1,21.8,1,81.8,50.0,4,2
S135,Loops,2,0,63.0,2,82.6,83.3,5,1
S135,OOP,1,1,22.3,1,79.2,100.0,0,2
S135,Functions,0,1,12.3,1,80.0,66.7,1,2
S135,Data Structures,1,1,16.6,1,80.8,85.7,2,2
S135,Data Structures,2,1,24.1,1,81.5,87.5,3,2
S135,Functions,2,1,30.3,1,82.1,75.0,4,2
S135,Variables,2,0,60.3,2,82.8,50.0,5,0
S135,Loops,0,1,15.2,1,80.0,71.4,0,2
S135,Loops,0,1,12.0,1,80.6,75.0,1,2
S135,Functions,1,1,17.8,1,81.2,80.0,2,2
S135,Functions,2,1,39.7,1,81.8,83.3,3,2
S135,OOP,2,1,29.2,1,82.4,100.0,4,2
S135,Functions,0,1,17.4,1,82.9,85.7,5,2
S135,Data Structures,2,0,22.8,2,83.3,88.9,6,1
S135,Functions,1,0,28.8,2,81.1,87.5,0,2
S135,Functions,2,1,51.3,1,78.9,77.8,0,2
S135,OOP,2,0,34.2,3,79.5,100.0,1,1
S136,OOP,1,1,35.2,1,60.0,60.0,0,2
S136,Loops,2,1,34.9,1,100.0,100.0,1,2
S136,Data Structures,2,0,101.6,2,100.0,100.0,2,1
S136,Loops,2,1,62.0,1,66.7,100.0,0,2
S136,Functions,2,0,75.9,2,75.0,75.0,1,0
S136,OOP,0,1,11.0,1,60.0,100.0,0,2
S136,Data Structures,2,1,52.1,1,66.7,0.0,1,1
S136,Data Structures,0,1,19.0,1,71.4,50.0,2,2
S136,Data Structures,1,0,45.0,3,75.0,66.7,3,0
S136,Loops,0,1,11.6,1,66.7,100.0,0,2
S136,Loops,2,1,50.3,1,70.0,100.0,1,2
S136,Data Structures,2,0,84.8,3,72.7,50.0,2,0
S136,Variables,0,1,14.8,1,66.7,66.7,0,2
S136,Functions,2,0,64.1,1,69.2,0.0,1,0
S136,Variables,0,1,14.7,1,64.3,100.0,0,2
S136,OOP,2,0,67.4,2,66.7,100.0,1,1
S136,Variables,1,0,27.7,3,62.5,100.0,0,1
S136,OOP,1,1,32.5,1,58.8,66.7,0,2
S136,Data Structures,2,0,75.8,2,61.1,40.0,1,0
S136,OOP,0,1,9.1,1,57.9,75.0,0,2
S136,Functions,2,0,64.4,3,60.0,0.0,1,0
S136,Variables,0,0,23.9,3,57.1,66.7,0,0
S136,Variables,0,1,16.7,1,54.5,50.0,0,1
S136,Variables,1,1,34.7,1,56.5,60.0,1,2
S136,Loops,2,0,44.8,3,58.3,100.0,2,1
S136,OOP,1,1,27.1,1,56.0,80.0,0,2
S136,Functions,2,0,60.1,2,57.7,0.0,1,0
S136,Variables,0,0,43.7,2,55.6,66.7,0,0
S136,Loops,0,1,14.0,1,53.6,80.0,0,2
S136,Data Structures,2,0,60.9,2,55.2,33.3,1,0
S136,Loops,1,1,27.5,1,53.3,83.3,0,2
S136,Variables,2,0,80.2,2,54.8,57.1,1,0
S136,Variables,0,0,39.3,2,53.1,50.0,0,0
S136,Variables,0,1,21.0,1,51.5,44.4,0,1
S136,Loops,1,1,38.7,1,52.9,85.7,1,2
S136,Functions,2,0,126.4,2,54.3,0.0,2,0
S136,Data Structures,1,0,45.5,2,52.8,28.6,0,0
S136,OOP,0,1,10.9,1,51.4,83.3,0,2
S136,Functions,2,0,92.3,2,52.6,0.0,1,0
S136,Variables,0,1,18.1,1,51.3,50.0,0,1
S137,Functions,1,0,59.8,3,60.0,60.0,0,0
S137,Variables,0,0,42.3,3,0.0,0.0,0,0
S137,Loops,0,1,21.2,1,0.0,0.0,0,1
S137,Variables,2,1,93.2,1,33.3,0.0,1,1
S137,Data Structures,1,0,23.0,3,50.0,50.0,2,0
S137,OOP,0,1,14.7,1,40.0,40.0,0,0
S137,Variables,0,1,28.5,1,50.0,50.0,1,1
S137,Data Structures,1,0,34.9,2,57.1,0.0,2,0
S137,Functions,0,1,27.6,1,50.0,0.0,0,1
S137,OOP,1,1,35.9,1,55.6,100.0,1,2
S137,Data Structures,2,0,48.7,3,60.0,0.0,2,0
S137,Functions,2,0,61.1,3,54.5,50.0,0,0
S137,Loops,0,1,14.2,1,50.0,100.0,0,2
S137,Functions,2,0,44.8,1,53.8,33.3,1,0
S137,Variables,0,1,28.8,1,50.0,66.7,0,1
S137,Functions,1,0,46.1,3,53.3,25.0,1,0
S137,Functions,0,1,17.8,3,50.0,20.0,0,1
S137,Data Structures,2,0,66.6,3,52.9,0.0,1,0
S137,Functions,0,1,24.2,1,50.0,33.3,0,1
S137,Loops,1,1,27.2,1,52.6,100.0,1,2
S137,Data Structures,2,0,73.5,2,55.0,0.0,2,0
S137,OOP,0,1,18.6,1,52.4,100.0,0,2
S137,Functions,0,1,30.4,1,54.5,42.9,1,1
S137,OOP,2,0,82.2,3,56.5,100.0,2,0
S137,OOP,0,1,13.3,1,54.2,75.0,0,2
S137,Data Structures,2,0,70.3,3,56.0,0.0,1,0
S137,Loops,0,1,17.1,1,53.8,100.0,0,2
S137,Loops,0,1,19.5,1,55.6,100.0,1,2
S137,Data Structures,2,0,52.0,3,57.1,0.0,2,0
S137,OOP,2,0,70.1,2,55.2,80.0,0,0
S137,Data Structures,0,1,18.9,1,53.3,0.0,0,1
S137,Variables,1,0,35.9,1,54.8,75.0,1,1
S137,Loops,1,1,26.3,1,53.1,100.0,0,2
S137,Loops,2,1,42.8,1,54.5,100.0,1,2
S137,Variables,2,0,65.8,2,55.9,60.0,2,0
S137,Loops,0,1,16.0,1,54.3,100.0,0,2
S137,Functions,2,0,104.2,2,55.6,50.0,1,0
S137,Loops,0,1,14.4,1,54.1,100.0,0,2
S137,Functions,2,0,55.4,3,55.3,44.4,1,0
S137,Variables,0,1,18.8,1,53.8,50.0,0,1
S138,Data Structures,1,0,38.7,2,60.0,60.0,0,0
S138,OOP,0,1,27.9,1,0.0,0.0,0,1
S138,Variables,1,1,32.3,1,50.0,50.0,1,2
S138,OOP,2,0,58.7,1,66.7,100.0,2,1
S138,Variables,1,1,21.1,1,50.0,100.0,0,2
S138,OOP,0,1,21.8,1,60.0,50.0,1,0
S138,OOP,0,1,38.6,1,66.7,66.7,2,1
S138,Functions,2,0,98.5,2,71.4,71.4,3,0
S138,Functions,0,1,13.3,1,62.5,0.0,0,1
S138,Variables,1,0,44.7,2,66.7,100.0,1,1
S138,Data Structures,1,0,63.4,2,60.0,0.0,0,0
S138,OOP,0,1,22.2,1,54.5,75.0,0,2
S138,Functions,2,0,60.2,2,58.3,50.0,1,0
S138,Functions,0,0,18.1,2,53.8,33.3,0,0
S138,Variables,0,1,8.7,1,50.0,66.7,0,2
S138,Loops,2,0,71.1,3,53.3,53.3,1,0
S138,Functions,0,1,15.6,3,50.0,25.0,0,1
S138,Variables,1,0,53.7,3,52.9,75.0,1,0
S138,OOP,0,1,23.2,1,50.0,80.0,0,2
S138,OOP,2,0,41.5,2,52.6,83.3,1,0
S138,OOP,0,1,13.7,1,50.0,71.4,0,2
S138,Functions,2,0,88.4,2,52.4,40.0,1,0
S138,Loops,0,1,24.6,1,50.0,0.0,0,1
S138,Loops,2,0,158.0,2,52.2,50.0,1,0
S138,OOP,0,1,20.5,1,50.0,75.0,0,2
S138,Data Structures,2,0,65.5,3,52.0,0.0,1,0
S138,Loops,0,1,13.7,1,50.0,33.3,0,1
S138,OOP,1,1,37.9,1,51.9,77.8,1,2
S138,Functions,2,0,147.4,3,53.6,33.3,2,0
S138,Variables,2,0,77.7,2,51.7,60.0,0,0
S138,Functions,0,1,11.6,1,50.0,28.6,0,1
S138,Variables,1,0,50.4,2,51.6,50.0,1,0
S138,Data Structures,0,1,27.1,1,50.0,0.0,0,1
S138,Functions,1,1,31.9,1,51.5,37.5,1,1
S138,Variables,1,1,44.5,1,52.9,42.9,2,1
S138,Variables,1,0,39.6,3,54.3,50.0,3,0
S138,Data Structures,0,1,17.1,1,52.8,25.0,0,1
S138,Variables,1,1,40.6,1,54.1,44.4,1,1
S138,Loops,1,0,49.9,1,55.3,50.0,2,0
S138,Loops,0,1,28.2,1,53.8,40.0,0,1
S139,Functions,1,0,72.0,2,60.0,60.0,0,0
S139,Variables,0,0,28.7,2,0.0,0.0,0,0
S139,OOP,0,0,43.3,2,0.0,0.0,0,0
S139,Functions,0,0,75.4,2,0.0,0.0,0,0
S139,Functions,0,0,23.1,3,0.0,0.0,0,0
S139,Data Structures,0,0,28.3,2,0.0,0.0,0,0
S139,Loops,0,0,26.9,3,0.0,0.0,0,0
S139,OOP,1,0,64.7,3,0.0,0.0,0,0
S139,Variables,0,1,42.8,1,0.0,0.0,0,1
S139,Functions,1,0,60.6,3,11.1,0.0,1,0
S139,Data Structures,0,0,27.0,2,10.0,0.0,0,0
S139,Functions,0,0,20.7,3,9.1,0.0,0,0
S139,Variables,0,0,25.2,3,8.3,50.0,0,0
S139,Data Structures,0,0,40.6,2,7.7,0.0,0,0
S139,Data Structures,0,1,19.6,1,7.1,0.0,0,1
S139,Data Structures,1,0,56.5,3,13.3,25.0,1,0
S139,OOP,0,0,63.0,2,12.5,0.0,0,0
S139,Variables,0,0,21.5,3,11.8,33.3,0,0
S139,OOP,0,0,24.3,2,11.1,0.0,0,0
S139,Data Structures,0,0,49.4,3,10.5,20.0,0,0
S139,Data Structures,0,0,27.2,2,10.0,16.7,0,0
S139,OOP,0,0,29.2,2,9.5,0.0,0,0
S139,OOP,1,0,52.9,3,9.1,0.0,0,0
S139,Variables,0,0,40.5,2,8.7,25.0,0,0
S139,Variables,1,0,38.2,1,8.3,20.0,0,0
S139,Variables,0,0,20.7,3,8.0,16.7,0,1
S139,Functions,1,0,53.1,3,7.7,0.0,0,0
S139,Functions,0,1,24.7,1,7.4,0.0,0,1
S139,Functions,1,0,50.5,3,10.7,14.3,1,0
S139,OOP,0,0,37.5,3,10.3,0.0,0,0
S139,Loops,0,0,38.3,2,10.0,0.0,0,0
S139,Variables,0,0,32.2,3,9.7,14.3,0,0
S139,OOP,0,1,21.7,1,9.4,0.0,0,1
S139,Data Structures,1,0,178.3,2,12.1,14.3,1,0
S139,Data Structures,0,0,42.5,3,11.8,12.5,0,1
S139,Variables,1,0,86.0,2,11.4,12.5,0,0
S139,Variables,0,1,43.9,1,11.1,11.1,0,1
S139,OOP,1,0,70.0,2,13.5,12.5,1,0
S139,Loops,0,0,27.8,2,13.2,0.0,0,0
S139,Variables,0,0,50.5,2,12.8,20.0,0,0
S140,Variables,1,0,34.1,2,60.0,60.0,0,0
S140,Data Structures,0,0,43.6,3,0.0,0.0,0,0
S140,Variables,0,0,43.2,2,0.0,0.0,0,0
S140,Loops,0,0,58.5,2,0.0,0.0,0,0
S140,Functions,1,0,47.4,3,0.0,0.0,0,0
S140,Data Structures,0,0,24.2,2,0.0,0.0,0,0
S140,OOP,0,0,26.5,3,0.0,0.0,0,0
S140,Variables,2,0,49.7,3,0.0,0.0,0,0
S140,Functions,1,0,56.9,3,0.0,0.0,0,0
S140,OOP,2,0,108.9,3,0.0,0.0,0,0
S140,Variables,0,1,29.8,1,0.0,0.0,0,1
S140,Loops,1,0,79.1,3,9.1,0.0,1,0
S140,Functions,0,0,31.3,3,8.3,0.0,0,0
S140,Functions,1,0,64.3,3,7.7,0.0,0,0
S140,Data Structures,0,1,28.9,1,7.1,0.0,0,1
S140,Data Structures,1,1,32.8,1,13.3,33.3,1,1
S140,Loops,1,0,48.8,3,18.8,0.0,2,0
S140,Variables,0,1,42.0,1,17.6,25.0,0,1
S140,OOP,1,0,65.8,3,22.2,0.0,1,0
S140,OOP,0,1,14.0,1,21.1,0.0,0,1
S140,Functions,1,0,85.7,2,25.0,0.0,1,0
S140,OOP,0,1,14.2,1,23.8,25.0,0,2
S140,Functions,1,1,35.9,1,27.3,0.0,1,1
S140,Variables,0,0,19.7,2,30.4,40.0,2,0
S140,Functions,0,0,30.4,2,29.2,16.7,0,0
S140,Data Structures,0,1,36.1,1,28.0,50.0,0,1
S140,Loops,1,0,51.3,2,30.8,0.0,1,0
S140,OOP,0,0,27.4,3,29.6,40.0,0,0
S140,Data Structures,2,0,94.2,1,28.6,60.0,0,0
S140,Functions,0,0,37.1,3,27.6,14.3,0,0
S140,Data Structures,0,0,34.9,2,26.7,50.0,0,0
S140,Data Structures,2,0,79.2,3,25.8,42.9,0,0
S140,Loops,1,0,76.2,2,25.0,0.0,0,0
S140,OOP,0,1,16.2,1,24.2,33.3,0,1
S140,Loops,2,0,99.4,2,26.5,0.0,1,0
S140,Loops,0,0,40.7,2,25.7,0.0,0,0
S140,Loops,0,1,28.1,1,25.0,0.0,0,1
S140,Variables,1,0,53.4,3,27.0,33.3,1,0
S140,Data Structures,0,1,28.1,1,26.3,37.5,0,1
S140,Loops,1,0,55.0,3,28.2,12.5,1,0
S141,OOP,1,0,66.5,3,60.0,60.0,0,0
S141,OOP,0,0,38.3,3,0.0,0.0,0,0
S141,Loops,1,0,27.1,2,0.0,0.0,0,0
S141,Functions,0,1,30.3,1,0.0,0.0,0,1
S141,OOP,1,0,50.2,2,25.0,0.0,1,0
S141,Data Structures,0,1,19.2,1,20.0,20.0,0,1
S141,Functions,1,0,54.3,3,33.3,100.0,1,0
S141,Loops,0,0,25.0,3,28.6,0.0,0,0
S141,Functions,0,1,17.9,1,25.0,50.0,0,1
S141,OOP,0,1,19.3,1,33.3,0.0,1,1
S141,Loops,1,0,49.0,3,40.0,0.0,2,0
S141,Variables,0,1,13.2,1,36.4,36.4,0,1
S141,OOP,1,0,70.7,2,41.7,25.0,1,0
S141,Loops,0,1,31.5,1,38.5,0.0,0,1
S141,Data Structures,1,1,31.8,1,42.9,100.0,1,2
S141,Loops,2,0,65.3,2,46.7,25.0,2,1
S141,Data Structures,1,0,33.9,2,43.8,100.0,0,0
S141,Loops,0,0,35.5,2,41.2,20.0,0,0
S141,OOP,0,1,33.3,2,38.9,20.0,0,1
S141,Data Structures,1,0,86.8,2,42.1,66.7,1,0
S141,Loops,0,0,28.6,3,40.0,16.7,0,0
S141,Variables,0,1,17.4,1,38.1,100.0,0,2
S141,Variables,2,1,33.9,1,40.9,100.0,1,2
S141,Data Structures,2,0,83.3,2,43.5,50.0,2,0
S141,Loops,0,1,23.6,1,41.7,14.3,0,1
S141,OOP,1,0,45.2,2,44.0,33.3,1,0
S141,Loops,0,0,41.5,2,42.3,25.0,0,0
S141,Functions,0,0,16.1,3,40.7,66.7,0,0
S141,Variables,0,1,20.4,3,39.3,100.0,0,2
S141,Loops,0,1,21.2,1,41.4,22.2,1,1
S141,OOP,1,1,49.3,1,43.3,28.6,2,1
S141,Loops,1,0,54.6,3,45.2,30.0,3,0
S141,Functions,0,0,37.8,2,43.8,50.0,0,0
S141,Data Structures,0,1,16.8,1,42.4,40.0,0,1
S141,Loops,0,1,20.5,1,44.1,27.3,1,1
S141,Data Structures,1,0,51.5,1,45.7,50.0,2,0
S141,Data Structures,0,1,17.6,1,44.4,42.9,0,1
S141,OOP,1,0,74.1,2,45.9,37.5,1,0
S141,Variables,0,1,13.9,1,44.7,100.0,0,2
S141,Functions,2,0,118.5,3,46.2,40.0,1,0
S142,Loops,1,1,28.3,1,60.0,60.0,0,2
S142,Functions,2,1,46.1,1,100.0,100.0,1,2
S142,Functions,2,1,36.9,1,100.0,100.0,2,2
S142,OOP,2,1,38.4,1,100.0,100.0,3,2
S142,Variables,2,0,34.3,3,100.0,100.0,4,1
S142,OOP,1,1,28.2,1,80.0,100.0,0,2
S142,Variables,1,0,20.4,1,83.3,0.0,1,0
S142,Variables,0,1,17.4,1,71.4,0.0,0,1
S142,Variables,1,1,39.3,1,75.0,33.3,1,2
S142,Data Structures,0,1,15.9,1,77.8,77.8,2,2
S142,Data Structures,2,1,31.5,1,80.0,100.0,3,2
S142,Functions,2,1,34.9,1,81.8,100.0,4,2
S142,OOP,2,1,27.3,1,83.3,100.0,5,2
S142,OOP,2,1,22.9,1,84.6,100.0,6,2
S142,Functions,0,1,17.8,1,85.7,100.0,7,2
S142,OOP,2,1,31.5,1,86.7,100.0,8,2
S142,Functions,2,1,31.3,1,87.5,100.0,9,2
S142,Functions,2,1,38.3,1,88.2,100.0,10,2
S142,OOP,2,0,29.1,3,88.9,100.0,11,1
S142,OOP,1,1,12.4,1,84.2,83.3,0,2
S142,Loops,2,1,29.0,1,85.0,100.0,1,2
S142,OOP,2,0,37.4,2,85.7,85.7,2,1
S142,Data Structures,1,1,24.9,1,81.8,100.0,0,2
S142,Data Structures,2,1,31.8,1,82.6,100.0,1,2
S142,Functions,2,1,57.5,1,83.3,100.0,2,2
S142,Variables,2,0,39.0,2,84.0,50.0,3,0
S142,OOP,0,1,13.3,1,80.8,75.0,0,2
S142,Loops,2,1,27.0,1,81.5,100.0,1,2
S142,Variables,2,0,97.5,2,82.1,40.0,2,0
S142,Loops,0,1,11.6,1,79.3,100.0,0,2
S142,Variables,2,0,56.9,2,80.0,33.3,1,0
S142,OOP,0,1,9.9,1,77.4,77.8,0,2
S142,Data Structures,2,1,40.3,1,78.1,100.0,1,2
S142,Data Structures,2,1,30.8,1,78.8,100.0,2,2
S142,Loops,2,1,28.8,1,79.4,100.0,3,2
S142,Functions,2,1,23.1,1,80.0,100.0,4,2
S142,Functions,2,1,34.5,1,80.6,100.0,5,2
S142,OOP,2,1,26.5,1,81.1,80.0,6,2
S142,Functions,2,1,37.5,2,81.6,100.0,7,2
S142,Loops,2,1,17.4,1,82.1,100.0,8,2
S143,Variables,1,1,50.3,1,60.0,60.0,0,2
S143,Loops,2,0,50.3,2,100.0,100.0,1,1
S143,Loops,1,1,19.8,1,50.0,0.0,0,1
S143,Variables,1,1,21.6,1,66.7,100.0,1,2
S143,Loops,2,1,52.6,1,75.0,50.0,2,2
S143,Functions,2,0,39.4,2,80.0,80.0,3,1
S143,Functions,2,0,93.2,3,66.7,0.0,0,0
S143,Loops,0,1,11.6,1,57.1,66.7,0,2
S143,Variables,2,1,45.0,1,62.5,100.0,1,2
S143,OOP,2,1,33.9,1,66.7,66.7,2,2
S143,OOP,2,0,51.2,3,70.0,100.0,3,1
S143,Data Structures,0,1,21.3,1,63.6,63.6,0,2
S143,Loops,0,1,14.8,1,66.7,75.0,1,2
S143,Loops,2,1,35.2,2,69.2,80.0,2,2
S143,Loops,2,1,51.0,1,71.4,83.3,3,2
S143,Loops,2,1,48.8,1,73.3,85.7,4,2
S143,Data Structures,1,0,31.9,2,75.0,100.0,5,1
S143,Functions,0,1,15.6,1,70.6,0.0,0,1
S143,Functions,1,1,31.2,3,72.2,33.3,1,1
S143,Data Structures,1,1,36.6,2,73.7,50.0,2,1
S143,Loops,1,1,17.8,1,75.0,87.5,3,2
S143,OOP,2,0,67.7,2,76.2,50.0,4,0
S143,Functions,2,0,62.4,3,72.7,50.0,0,0
S143,Variables,0,1,14.4,1,69.6,100.0,0,2
S143,OOP,2,1,43.9,1,70.8,33.3,1,2
S143,Loops,2,0,56.1,2,72.0,88.9,2,1
S143,Loops,1,1,22.0,1,69.2,80.0,0,2
S143,Functions,2,0,67.1,3,70.4,40.0,1,0
S143,Variables,0,1,13.9,1,67.9,100.0,0,2
S143,Functions,0,1,18.5,1,69.0,33.3,1,1
S143,Variables,1,1,15.4,1,70.0,100.0,2,2
S143,Variables,2,1,24.3,1,71.0,100.0,3,2
S143,Loops,2,1,50.5,1,71.9,81.8,4,2
S143,Variables,2,1,48.1,3,72.7,100.0,5,2
S143,OOP,2,0,67.5,2,73.5,50.0,6,0
S143,Data Structures,0,1,24.8,1,71.4,66.7,0,2
S143,Variables,2,0,40.3,2,72.2,100.0,1,1
S143,Loops,1,1,18.0,1,70.3,83.3,0,2
S143,OOP,2,1,42.8,1,71.1,40.0,1,1
S143,OOP,1,1,52.2,1,71.8,50.0,2,2
S144,Functions,1,0,52.2,3,60.0,60.0,0,0
S144,Variables,0,1,29.3,1,0.0,0.0,0,1
S144,Loops,1,1,34.3,1,50.0,50.0,1,2
S144,OOP,2,0,103.5,3,66.7,66.7,2,1
S144,Data Structures,1,0,48.8,3,50.0,50.0,0,0
S144,Functions,0,1,14.0,1,40.0,0.0,0,2
S144,Data Structures,2,0,68.0,2,50.0,0.0,1,0
S144,Data Structures,0,0,24.3,3,42.9,0.0,0,0
S144,Data Structures,0,1,33.8,1,37.5,0.0,0,1
S144,Data Structures,1,0,49.3,3,44.4,25.0,1,0
S144,Loops,0,0,33.5,3,40.0,100.0,0,0
S144,Functions,0,1,18.0,1,36.4,50.0,0,1
S144,Functions,0,1,37.5,1,41.7,66.7,1,1
S144,Loops,0,1,22.7,1,46.2,50.0,2,1
S144,Data Structures,1,0,46.0,1,50.0,20.0,3,0
S144,OOP,0,1,28.0,1,46.7,0.0,0,1
S144,Functions,1,0,34.9,2,50.0,75.0,1,0
S144,Functions,0,1,33.7,1,47.1,60.0,0,1
S144,Data Structures,1,0,69.4,2,50.0,16.7,1,0
S144,Functions,0,1,46.8,3,47.4,66.7,0,1
S144,Loops,1,0,75.6,2,50.0,66.7,1,0
S144,Data Structures,0,0,27.7,3,47.6,14.3,0,0
S144,OOP,0,0,27.9,1,45.5,50.0,0,0
S144,OOP,0,0,35.9,3,43.5,33.3,0,0
S144,Functions,0,0,19.2,3,41.7,71.4,0,0
S144,Data Structures,0,1,23.8,1,40.0,12.5,0,1
S144,Functions,1,0,58.3,3,42.3,62.5,1,1
S144,Data Structures,1,0,72.4,2,40.7,22.2,0,0
S144,Data Structures,1,0,82.3,3,39.3,20.0,0,0
S144,OOP,0,0,34.4,2,37.9,25.0,0,0
S144,Functions,0,1,24.2,1,36.7,55.6,0,1
S144,OOP,1,0,50.1,3,38.7,20.0,1,0
S144,Data Structures,0,1,42.9,1,37.5,18.2,0,1
S144,Functions,1,1,78.1,1,39.4,60.0,1,1
S144,Variables,1,1,35.3,1,41.2,100.0,2,2
S144,Variables,0,1,14.4,1,42.9,100.0,3,2
S144,Loops,1,0,40.5,3,44.4,50.0,4,0
S144,Variables,0,1,9.9,2,43.2,100.0,0,2
S144,Data Structures,2,0,61.0,3,44.7,25.0,1,0
S144,Variables,0,1,12.3,1,43.6,100.0,0,2
S145,OOP,1,0,32.3,2,60.0,60.0,0,0
S145,OOP,1,0,30.9,3,0.0,0.0,0,0
S145,Loops,0,1,11.6,1,0.0,0.0,0,1
S145,Loops,1,1,19.9,1,33.3,100.0,1,2
S145,Variables,2,1,72.9,1,50.0,50.0,2,2
S145,OOP,2,0,54.1,2,60.0,0.0,3,0
S145,Data Structures,0,1,9.8,1,50.0,50.0,0,2
S145,Loops,2,1,34.2,1,57.1,100.0,1,1
S145,Functions,1,1,63.2,1,62.5,62.5,2,2
S145,Variables,2,0,73.1,3,66.7,100.0,3,1
S145,OOP,1,1,29.9,1,60.0,0.0,0,1
S145,OOP,1,1,20.6,1,63.6,25.0,1,1
S145,OOP,1,1,42.8,1,66.7,40.0,2,1
S145,OOP,1,0,33.1,2,69.2,50.0,3,0
S145,OOP,0,1,18.7,1,64.3,42.9,0,1
S145,Data Structures,2,1,55.7,1,66.7,100.0,1,2
S145,Variables,2,0,72.4,2,68.8,50.0,2,0
S145,Data Structures,0,1,15.7,1,64.7,100.0,0,2
S145,Data Structures,2,1,27.9,1,66.7,100.0,1,2
S145,Functions,2,0,56.4,2,68.4,100.0,2,1
S145,Loops,2,1,38.7,1,65.0,100.0,0,2
S145,Functions,2,1,39.4,1,66.7,50.0,1,2
S145,Variables,2,0,88.9,2,68.2,33.3,2,0
S145,Functions,0,1,11.5,1,65.2,66.7,0,2
S145,Functions,2,0,51.7,3,66.7,75.0,1,0
S145,Functions,0,1,12.8,1,64.0,60.0,0,2
S145,Loops,2,1,46.1,1,65.4,100.0,1,2
S145,Data Structures,1,1,18.1,1,66.7,100.0,2,2
S145,Functions,2,0,53.8,3,67.9,66.7,3,0
S145,Variables,2,0,49.5,2,65.5,25.0,0,0
S145,OOP,0,1,17.6,1,63.3,50.0,0,2
S145,Variables,2,0,41.2,2,64.5,20.0,1,0
S145,Functions,1,0,29.8,2,62.5,57.1,0,0
S145,OOP,0,1,14.0,1,60.6,55.6,0,2
S145,Variables,0,1,20.9,1,61.8,16.7,1,1
S145,Loops,1,1,14.3,1,62.9,100.0,2,2
S145,Loops,2,0,26.8,3,63.9,100.0,3,1
S145,Loops,1,1,35.7,3,62.2,85.7,0,2
S145,Loops,0,1,11.6,1,63.2,87.5,1,2
S145,OOP,2,1,44.3,1,64.1,60.0,2,2
S146,OOP,1,0,53.5,2,60.0,60.0,0,0
S146,OOP,0,1,29.9,1,0.0,0.0,0,1
S146,Functions,2,0,79.5,3,50.0,50.0,1,0
S146,Data Structures,0,1,16.8,1,33.3,33.3,0,1
S146,Loops,1,1,31.5,1,50.0,50.0,1,2
S146,OOP,2,0,113.1,2,60.0,50.0,2,0
S146,Loops,0,1,15.0,1,50.0,100.0,0,2
S146,Functions,2,0,60.5,2,57.1,0.0,1,0
S146,Loops,0,1,14.6,1,50.0,100.0,0,2
S146,Functions,2,0,59.1,3,55.6,0.0,1,0
S146,Variables,2,0,53.7,3,50.0,50.0,0,0
S146,Loops,0,1,12.0,1,45.5,100.0,0,2
S146,Data Structures,2,1,35.4,1,50.0,100.0,1,2
S146,Functions,2,1,76.0,1,53.8,0.0,2,1
S146,Variables,1,0,34.8,2,57.1,0.0,3,0
S146,Variables,0,1,21.0,1,53.3,0.0,0,1
S146,OOP,1,0,57.1,2,56.2,33.3,1,0
S146,Functions,0,1,27.5,1,52.9,25.0,0,1
S146,Functions,1,0,35.2,3,55.6,40.0,1,0
S146,Data Structures,0,1,24.8,3,52.6,100.0,0,2
S146,Loops,2,0,62.8,3,55.0,100.0,1,0
S146,Loops,0,1,18.3,1,52.4,80.0,0,2
S146,Loops,2,0,109.6,2,54.5,83.3,1,0
S146,Functions,0,1,13.5,1,52.2,33.3,0,1
S146,OOP,1,0,87.6,2,54.2,25.0,1,0
S146,Variables,0,1,19.0,1,52.0,33.3,0,1
S146,Data Structures,0,1,14.6,1,53.8,100.0,1,2
S146,OOP,2,0,69.1,1,55.6,20.0,2,0
S146,Functions,0,1,14.2,1,53.6,42.9,0,1
S146,Variables,1,1,24.6,1,55.2,50.0,1,2
S146,Variables,2,0,65.1,3,56.7,60.0,2,0
S146,Data Structures,2,0,72.2,3,54.8,100.0,0,0
S146,Data Structures,0,1,18.0,1,53.1,80.0,0,2
S146,Variables,2,1,40.9,1,54.5,50.0,1,2
S146,Functions,0,1,22.8,1,55.9,50.0,2,0
S146,Functions,0,1,16.4,1,57.1,55.6,3,2
S146,Data Structures,2,0,109.1,2,58.3,83.3,4,1
S146,Loops,1,1,25.7,1,56.8,71.4,0,2
S146,Variables,0,1,17.5,1,57.9,57.1,1,1
S146,Variables,1,1,40.6,1,59.0,62.5,2,2
S147,Variables,1,0,52.0,2,60.0,60.0,0,0
S147,Functions,0,1,21.0,1,0.0,0.0,0,0
S147,OOP,0,0,44.3,3,50.0,50.0,1,0
S147,OOP,0,0,38.8,3,33.3,0.0,0,0
S147,OOP,0,0,36.9,3,25.0,0.0,0,0
S147,OOP,1,1,40.2,1,20.0,0.0,0,1
S147,Loops,1,0,49.8,2,33.3,33.3,1,0
S147,Data Structures,0,1,18.7,1,28.6,28.6,0,1
S147,Data Structures,1,0,33.3,3,37.5,100.0,1,1
S147,OOP,0,0,23.8,3,33.3,25.0,0,0
S147,Variables,0,1,37.8,1,30.0,0.0,0,1
S147,Loops,1,1,37.9,1,36.4,0.0,1,1
S147,OOP,1,0,55.1,2,41.7,20.0,2,0
S147,Functions,0,1,24.0,1,38.5,100.0,0,2
S147,OOP,2,0,78.3,2,42.9,16.7,1,0
S147,OOP,0,0,28.6,2,40.0,14.3,0,0
S147,Variables,0,1,17.9,1,37.5,50.0,0,1
S147,Data Structures,1,1,36.9,1,41.2,50.0,1,2
S147,Variables,2,0,65.0,3,44.4,66.7,2,0
S147,Variables,0,0,20.0,2,42.1,50.0,0,0
S147,Loops,0,0,32.9,2,40.0,50.0,0,0
S147,Functions,0,0,39.4,2,38.1,100.0,0,0
S147,Variables,1,0,42.4,3,36.4,40.0,0,0
S147,OOP,0,1,20.6,1,34.8,12.5,0,1
S147,Loops,2,0,133.9,2,37.5,33.3,1,1
S147,Variables,1,1,46.4,1,36.0,33.3,0,1
S147,Loops,2,0,76.0,3,38.5,25.0,1,0
S147,Variables,0,1,10.1,1,37.0,42.9,0,1
S147,Variables,1,1,24.1,1,39.3,50.0,1,2
S147,Data Structures,1,1,21.0,1,41.4,66.7,2,2
S147,Variables,1,0,36.7,2,43.3,55.6,3,0
S147,OOP,0,1,23.1,1,41.9,22.2,0,1
S147,Data Structures,1,0,47.2,3,43.8,75.0,1,0
S147,Data Structures,0,1,25.4,1,42.4,60.0,0,1
S147,Loops,1,0,96.9,1,44.1,20.0,1,0
S147,Functions,0,1,30.5,3,42.9,66.7,0,2
S147,Loops,2,0,58.8,3,44.4,16.7,1,0
S147,Loops,0,0,62.8,3,43.2,14.3,0,0
S147,Loops,0,0,29.9,2,42.1,12.5,0,0
S147,Data Structures,0,1,22.2,1,41.0,66.7,0,2
S148,OOP,1,1,34.2,1,60.0,60.0,0,2
S148,Data Structures,2,1,54.8,1,100.0,100.0,1,2
S148,Functions,2,1,44.9,1,100.0,100.0,2,2
S148,Functions,2,0,47.6,2,100.0,100.0,3,2
S148,Loops,2,1,30.8,1,75.0,75.0,0,2
S148,Data Structures,2,0,57.6,3,80.0,100.0,1,1
S148,Variables,2,1,32.0,1,66.7,66.7,0,2
S148,Functions,1,1,34.6,1,71.4,50.0,1,2
S148,OOP,2,0,45.4,3,75.0,100.0,2,1
S148,Loops,1,1,25.8,1,66.7,100.0,0,2
S148,OOP,2,0,48.1,3,70.0,50.0,1,0
S148,OOP,0,1,14.1,1,63.6,33.3,0,1
S148,Variables,1,1,22.1,1,66.7,100.0,1,2
S148,Variables,2,1,21.0,1,69.2,100.0,2,2
S148,OOP,2,1,27.7,1,71.4,50.0,3,2
S148,OOP,2,0,81.1,3,73.3,60.0,4,1
S148,OOP,1,1,30.4,1,68.8,50.0,0,2
S148,Functions,2,0,53.5,2,70.6,66.7,1,0
S148,OOP,0,1,17.7,1,66.7,57.1,0,2
S148,Loops,2,1,48.9,1,68.4,100.0,1,2
S148,Data Structures,0,1,11.8,1,70.0,50.0,2,2
S148,Functions,2,1,46.9,1,71.4,50.0,3,2
S148,Data Structures,0,1,9.5,1,72.7,66.7,4,2
S148,Loops,2,0,74.8,2,73.9,100.0,5,1
S148,Variables,1,1,40.1,1,70.8,100.0,0,2
S148,Loops,2,0,70.2,3,72.0,75.0,1,0
S148,Loops,0,0,20.1,1,69.2,60.0,0,1
S148,OOP,1,1,25.1,1,66.7,62.5,0,2
S148,Functions,2,1,72.3,1,67.9,60.0,1,2
S148,Variables,2,0,49.1,3,69.0,100.0,2,1
S148,Loops,1,1,57.5,1,66.7,50.0,0,1
S148,Data Structures,1,1,27.2,1,67.7,75.0,1,2
S148,OOP,2,0,83.6,3,68.8,66.7,2,0
S148,Variables,0,1,15.5,3,66.7,80.0,0,2
S148,OOP,2,1,46.3,1,67.6,60.0,1,2
S148,Functions,1,1,23.6,1,68.6,66.7,2,2
S148,Variables,2,0,56.9,2,69.4,83.3,3,1
S148,Data Structures,1,0,35.3,3,67.6,80.0,0,0
S148,OOP,0,1,18.0,1,65.8,63.6,0,2
S148,Loops,0,1,17.5,1,66.7,57.1,1,2
S149,Functions,1,1,15.1,1,60.0,60.0,0,2
S149,Data Structures,2,1,30.6,1,100.0,100.0,1,2
S149,Loops,0,1,8.9,1,100.0,100.0,2,2
S149,Functions,0,1,6.8,1,100.0,100.0,3,2
S149,Variables,2,1,51.5,1,100.0,100.0,4,2
S149,Functions,2,1,25.1,1,100.0,100.0,5,2
S149,OOP,2,0,91.1,3,100.0,100.0,6,1
S149,Loops,2,1,32.0,1,85.7,100.0,0,2
S149,Data Structures,2,1,30.9,1,87.5,100.0,1,2
S149,Data Structures,1,1,15.2,1,88.9,100.0,2,2
S149,Functions,0,1,13.3,1,90.0,100.0,3,2
S149,OOP,2,0,38.7,3,90.9,0.0,4,0
S149,Data Structures,0,1,16.7,1,83.3,100.0,0,2
S149,Data Structures,2,1,43.4,1,84.6,100.0,1,2
S149,Data Structures,2,1,26.3,1,85.7,100.0,2,2
S149,Variables,1,1,16.9,1,86.7,100.0,3,2
S149,OOP,2,0,81.8,3,87.5,0.0,4,0
S149,Variables,0,1,12.7,1,82.4,100.0,0,2
S149,OOP,2,1,42.7,1,83.3,0.0,1,1
S149,Variables,2,0,36.5,3,84.2,100.0,2,1
S149,Loops,2,0,35.2,3,80.0,100.0,0,1
S149,Variables,1,1,13.6,1,76.2,75.0,0,2
S149,OOP,1,1,21.3,1,77.3,25.0,1,2
S149,OOP,2,1,35.4,1,78.3,40.0,2,2
S149,Loops,2,1,24.5,1,79.2,66.7,3,2
S149,Functions,2,1,27.1,1,80.0,100.0,4,2
S149,Data Structures,2,1,22.6,1,80.8,100.0,5,2
S149,Functions,1,1,12.7,1,81.5,100.0,6,2
S149,Functions,2,1,29.2,1,82.1,100.0,7,2
S149,Variables,2,0,52.0,2,82.8,80.0,8,1
S149,Functions,1,1,20.7,1,80.0,100.0,0,2
S149,OOP,1,1,12.1,1,80.6,50.0,1,2
S149,Data Structures,2,1,32.5,1,81.2,100.0,2,2
S149,Variables,2,1,32.6,1,81.8,66.7,3,2
S149,OOP,2,1,33.4,1,82.4,57.1,4,2
S149,Functions,2,1,24.0,1,82.9,100.0,5,2
S149,Loops,2,1,20.3,1,83.3,75.0,6,2
S149,Data Structures,2,1,33.1,1,83.8,100.0,7,2
S149,OOP,2,0,64.3,2,84.2,62.5,8,0
S149,Data Structures,0,1,9.5,1,82.1,100.0,0,2
S150,Loops,1,0,53.9,2,60.0,60.0,0,0
S150,Variables,0,1,21.1,1,0.0,0.0,0,1
S150,OOP,1,0,51.3,3,50.0,50.0,1,0
S150,Data Structures,0,1,20.8,1,33.3,33.3,0,1
S150,Functions,1,1,56.9,1,50.0,50.0,1,1
S150,Loops,1,0,37.3,3,60.0,0.0,2,0
S150,Data Structures,0,1,28.9,1,50.0,100.0,0,2
S150,Data Structures,2,0,66.4,2,57.1,100.0,1,1
S150,OOP,1,0,43.4,2,50.0,0.0,0,0
S150,Data Structures,0,0,17.4,3,44.4,66.7,0,0
S150,Loops,0,1,20.1,1,40.0,0.0,0,1
S150,Variables,1,0,52.5,2,45.5,100.0,1,0
S150,Functions,0,0,24.5,3,41.7,100.0,0,0
S150,Functions,0,0,29.9,3,38.5,50.0,0,0
S150,Functions,0,0,26.4,2,35.7,33.3,0,0
S150,OOP,1,0,63.1,3,33.3,0.0,0,0
S150,Functions,0,1,25.2,1,31.2,25.0,0,1
S150,Data Structures,1,0,35.5,3,35.3,50.0,1,0
S150,Loops,0,1,18.6,1,33.3,33.3,0,1
S150,Data Structures,1,0,46.4,3,36.8,40.0,1,0
S150,Loops,0,1,29.3,1,35.0,50.0,0,1
S150,Functions,1,0,89.0,2,38.1,40.0,1,0
S150,Data Structures,0,0,20.9,3,36.4,33.3,0,0
S150,OOP,1,0,85.1,3,34.8,0.0,0,0
S150,Variables,0,0,31.3,2,33.3,50.0,0,0
S150,Loops,0,1,17.6,1,32.0,60.0,0,1
S150,Variables,1,0,45.3,2,34.6,33.3,1,0
S150,OOP,0,0,28.4,3,33.3,0.0,0,0
S150,Data Structures,0,1,20.3,1,32.1,28.6,0,1
S150,Functions,1,0,48.0,2,34.5,33.3,1,0
S150,OOP,0,1,21.7,1,33.3,0.0,0,1
S150,Data Structures,1,0,47.3,2,35.5,37.5,1,0
S150,Functions,1,0,64.2,1,34.4,28.6,0,0
S150,OOP,0,0,14.1,3,33.3,16.7,0,0
S150,Loops,0,1,18.1,1,32.4,66.7,0,2
S150,Data Structures,2,0,130.8,2,34.3,33.3,1,0
S150,OOP,0,0,71.9,2,33.3,14.3,0,0
S150,Data Structures,0,1,31.2,1,32.4,30.0,0,1
S150,Variables,1,1,22.9,1,34.2,25.0,1,1
S150,Loops,1,0,26.8,1,35.9,71.4,2,1
S151,Variables,1,1,47.1,1,60.0,60.0,0,2
S151,Loops,1,1,21.3,1,100.0,100.0,1,2
S151,Data Structures,2,1,46.9,2,100.0,100.0,2,2
S151,Functions,2,0,61.0,2,100.0,100.0,3,1
S151,Data Structures,1,1,19.5,1,75.0,100.0,0,2
S151,Data Structures,2,1,42.5,1,80.0,100.0,1,2
S151,Functions,2,1,68.2,1,83.3,0.0,2,0
S151,Data Structures,0,1,12.3,1,85.7,100.0,3,2
S151,Variables,2,0,59.5,1,87.5,100.0,4,1
S151,Variables,1,1,35.6,1,77.8,50.0,0,2
S151,Variables,2,0,41.0,2,80.0,66.7,1,0
S151,Variables,0,1,24.3,1,72.7,50.0,0,1
S151,OOP,1,1,21.3,1,75.0,75.0,1,2
S151,Functions,2,1,33.8,1,76.9,50.0,2,2
S151,Functions,2,1,28.0,1,78.6,66.7,3,2
S151,Loops,2,1,30.0,1,80.0,100.0,4,2
S151,Functions,1,1,24.7,1,81.2,75.0,5,2
S151,Variables,2,0,79.9,3,82.4,60.0,6,0
S151,Functions,0,1,25.8,1,77.8,80.0,0,2
S151,Loops,1,1,16.8,1,78.9,100.0,1,2
S151,Functions,1,1,21.3,1,80.0,83.3,2,2
S151,Loops,2,0,77.2,2,81.0,100.0,3,1
S151,Functions,1,1,33.3,1,77.3,85.7,0,2
S151,Data Structures,2,0,38.1,3,78.3,100.0,1,1
S151,Loops,1,1,19.2,2,75.0,75.0,0,2
S151,Data Structures,2,1,27.9,1,76.0,80.0,1,2
S151,Functions,2,0,44.6,2,76.9,87.5,2,2
S151,Variables,1,1,31.4,1,74.1,50.0,0,2
S151,OOP,0,1,24.3,1,75.0,100.0,1,2
S151,Variables,2,1,42.3,1,75.9,57.1,2,2
S151,Functions,2,1,34.9,1,76.7,77.8,3,2
S151,Loops,2,1,33.3,1,77.4,80.0,4,2
S151,Loops,2,0,66.6,3,78.1,83.3,5,0
S151,Functions,1,1,30.4,1,75.8,80.0,0,2
S151,Functions,2,0,45.6,2,76.5,81.8,1,1
S151,Functions,2,0,54.8,2,74.3,75.0,0,0
S151,Variables,0,1,16.0,1,72.2,62.5,0,2
S151,Functions,1,1,23.4,1,73.0,69.2,1,2
S151,Functions,2,0,51.9,1,73.7,71.4,2,1
S151,Data Structures,1,1,16.5,1,71.8,83.3,0,2
S152,Variables,1,0,36.1,3,60.0,60.0,0,0
S152,Variables,0,1,30.0,1,0.0,0.0,0,1
S152,OOP,1,1,26.9,1,50.0,50.0,1,2
S152,OOP,2,1,48.1,1,66.7,100.0,2,2
S152,Data Structures,2,0,74.6,2,75.0,75.0,3,0
S152,Functions,1,1,17.0,2,60.0,60.0,0,2
S152,Functions,0,1,14.4,1,66.7,100.0,1,2
S152,Data Structures,2,0,40.7,3,71.4,0.0,2,0
S152,OOP,2,1,38.1,1,62.5,100.0,0,2
S152,Variables,2,0,55.5,2,66.7,50.0,1,0
S152,Functions,0,1,10.7,1,60.0,100.0,0,2
S152,Functions,2,0,37.4,2,63.6,100.0,1,1
S152,Loops,0,1,16.6,1,58.3,58.3,0,2
S152,OOP,2,0,32.8,2,61.5,100.0,1,1
S152,Variables,1,1,28.9,1,57.1,33.3,0,1
S152,Loops,1,1,32.4,1,60.0,100.0,1,2
S152,OOP,1,1,32.4,1,62.5,75.0,2,2
S152,Functions,2,1,28.7,1,64.7,75.0,3,2
S152,Data Structures,1,1,27.2,1,66.7,0.0,4,1
S152,OOP,1,1,24.8,1,68.4,80.0,5,2
S152,Functions,2,1,34.0,1,70.0,80.0,6,2
S152,OOP,1,1,26.6,1,71.4,83.3,7,2
S152,Data Structures,2,1,25.1,1,72.7,33.3,8,2
S152,Data Structures,2,1,38.4,1,73.9,50.0,9,2
S152,Functions,1,1,18.6,1,75.0,83.3,10,2
S152,Data Structures,2,1,40.7,1,76.0,60.0,11,2
S152,Variables,2,0,57.6,2,76.9,50.0,12,0
S152,Data Structures,0,1,18.4,1,74.1,66.7,0,2
S152,Functions,0,1,6.0,1,75.0,85.7,1,2
S152,Variables,2,0,29.1,3,75.9,40.0,2,0
S152,Loops,1,1,35.5,3,73.3,100.0,0,2
S152,Variables,2,1,56.4,1,74.2,33.3,1,2
S152,Data Structures,2,0,52.6,3,75.0,71.4,2,0
S152,Loops,2,0,75.8,3,72.7,100.0,0,1
S152,Data Structures,1,1,23.7,1,70.6,62.5,0,2
S152,Functions,2,1,18.5,3,71.4,87.5,1,2
S152,Data Structures,2,0,54.8,2,72.2,66.7,2,0
S152,Loops,0,1,15.5,1,70.3,75.0,0,2
S152,Data Structures,0,1,17.1,1,71.1,60.0,1,2
S152,OOP,2,0,84.1,3,71.8,85.7,2,0
S153,Data Structures,1,0,63.3,2,60.0,60.0,0,0
S153,Variables,2,0,54.7,1,0.0,0.0,0,0
S153,Functions,0,1,28.1,1,0.0,0.0,0,1
S153,Data Structures,1,0,38.5,2,33.3,0.0,1,0
S153,Loops,0,1,22.4,1,25.0,25.0,0,1
S153,Data Structures,0,1,21.8,1,40.0,0.0,1,1
S153,Loops,1,0,42.3,2,50.0,100.0,2,1
S153,Functions,1,0,54.6,2,42.9,100.0,0,0
S153,OOP,0,1,21.7,1,37.5,37.5,0,1
S153,Variables,2,0,39.0,2,44.4,0.0,1,1
S153,Data Structures,1,0,52.5,2,40.0,33.3,0,0
S153,Variables,0,1,18.2,1,36.4,0.0,0,1
S153,Loops,1,0,54.3,3,41.7,50.0,1,1
S153,OOP,2,0,88.9,2,38.5,100.0,0,0
S153,Functions,1,0,41.2,2,35.7,50.0,0,0
S153,Loops,0,0,28.5,3,33.3,33.3,0,0
S153,Data Structures,1,0,48.0,1,31.2,25.0,0,0
S153,Functions,0,1,16.1,1,29.4,33.3,0,1
S153,Functions,0,1,15.7,1,33.3,50.0,1,1
S153,Variables,1,0,32.6,3,36.8,33.3,2,0
S153,Variables,0,1,10.5,1,35.0,25.0,0,1
S153,Data Structures,1,0,33.8,3,38.1,20.0,1,0
S153,Data Structures,1,0,46.8,2,36.4,16.7,0,0
S153,Variables,0,1,16.5,3,34.8,40.0,0,1
S153,OOP,1,0,38.5,3,37.5,50.0,1,0
S153,Data Structures,0,1,16.6,1,36.0,14.3,0,1
S153,Loops,0,1,24.8,1,38.5,25.0,1,1
S153,Functions,0,1,17.7,1,40.7,60.0,2,2
S153,Functions,2,0,109.3,1,42.9,66.7,3,0
S153,Variables,1,0,44.0,3,41.4,50.0,0,0
S153,Functions,0,1,16.4,1,40.0,57.1,0,1
S153,Functions,1,0,46.6,3,41.9,62.5,1,0
S153,Data Structures,0,1,24.4,1,40.6,25.0,0,1
S153,OOP,1,1,34.1,1,42.4,33.3,1,1
S153,Variables,1,1,35.6,1,44.1,42.9,2,1
S153,Data Structures,1,0,38.5,2,45.7,33.3,3,0
S153,Loops,0,1,27.2,1,44.4,40.0,0,1
S153,Functions,1,1,30.7,1,45.9,55.6,1,2
S153,Data Structures,2,0,63.0,3,47.4,30.0,2,0
S153,Loops,0,1,20.3,1,46.2,50.0,0,1
S154,Data Structures,1,1,20.3,1,60.0,60.0,0,2
S154,Functions,2,0,69.9,2,100.0,100.0,1,1
S154,OOP,1,1,50.9,1,50.0,50.0,0,1
S154,OOP,1,0,51.3,2,66.7,100.0,1,1
S154,OOP,2,0,66.5,3,50.0,50.0,0,0
S154,OOP,0,1,21.2,1,40.0,33.3,0,1
S154,Data Structures,0,1,27.7,1,50.0,100.0,1,2
S154,Loops,1,0,38.6,2,57.1,57.1,2,0
S154,Variables,0,1,32.3,1,50.0,50.0,0,1
S154,Functions,1,1,30.6,1,55.6,0.0,1,1
S154,Data Structures,1,0,49.1,3,60.0,100.0,2,0
S154,Variables,2,0,35.6,2,54.5,100.0,0,1
S154,Variables,1,1,53.3,1,50.0,50.0,0,1
S154,Loops,1,0,33.7,2,53.8,0.0,1,0
S154,Loops,0,1,12.0,1,50.0,0.0,0,1
S154,Data Structures,1,1,37.1,1,53.3,66.7,1,2
S154,OOP,2,0,62.1,1,56.2,50.0,2,0
S154,Loops,0,1,14.1,1,52.9,33.3,0,1
S154,Functions,1,1,32.2,1,55.6,50.0,1,2
S154,OOP,2,0,51.1,2,57.9,40.0,2,0
S154,Variables,0,1,19.3,1,55.0,66.7,0,2
S154,OOP,2,0,58.5,3,57.1,33.3,1,0
S154,Loops,0,0,29.1,2,54.5,50.0,0,0
S154,Variables,0,1,12.0,2,52.2,75.0,0,2
S154,Loops,2,0,88.8,2,54.2,40.0,1,0
S154,Functions,1,1,22.5,1,52.0,66.7,0,2
S154,Functions,2,0,60.5,1,53.8,75.0,1,1
S154,Loops,1,0,65.8,1,51.9,33.3,0,0
S154,OOP,0,1,13.1,1,50.0,28.6,0,1
S154,Variables,1,1,25.8,1,51.7,80.0,1,2
S154,Variables,2,0,61.3,2,53.3,83.3,2,0
S154,Data Structures,0,1,18.1,1,51.6,75.0,0,2
S154,Variables,2,0,46.8,3,53.1,71.4,1,0
S154,Variables,0,1,17.9,1,51.5,62.5,0,2
S154,Data Structures,2,0,83.8,2,52.9,80.0,1,0
S154,Loops,0,1,8.7,1,51.4,28.6,0,1
S154,Functions,0,1,13.0,1,52.8,60.0,1,2
S154,OOP,2,0,79.0,2,54.1,37.5,2,0
S154,Functions,0,1,17.8,1,52.6,66.7,0,2
S154,Data Structures,2,0,72.8,3,53.8,66.7,1,0
S155,Functions,1,0,50.7,3,60.0,60.0,0,0
S155,Functions,0,0,17.6,2,0.0,0.0,0,0
S155,OOP,0,1,21.8,1,0.0,0.0,0,1
S155,OOP,1,1,38.7,1,33.3,100.0,1,2
S155,Variables,2,0,81.3,2,50.0,50.0,2,0
S155,OOP,0,1,20.2,1,40.0,100.0,0,2
S155,Data Structures,0,0,31.2,3,50.0,50.0,1,0
S155,Functions,0,0,27.8,2,42.9,0.0,0,0
S155,OOP,0,1,22.0,1,37.5,100.0,0,2
S155,Loops,2,0,55.9,2,44.4,44.4,1,0
S155,Variables,0,1,19.5,1,40.0,0.0,0,2
S155,OOP,2,1,48.9,1,45.5,100.0,1,2
S155,Variables,2,0,45.9,3,50.0,50.0,2,0
S155,Functions,0,1,21.0,1,46.2,0.0,0,1
S155,OOP,1,0,32.7,2,50.0,100.0,1,1
S155,Loops,1,1,30.7,1,46.7,0.0,0,1
S155,Loops,1,1,21.7,1,50.0,50.0,1,2
S155,Functions,2,0,56.0,3,52.9,25.0,2,0
S155,Variables,0,1,15.5,1,50.0,33.3,0,1
S155,Loops,1,1,24.2,1,52.6,66.7,1,2
S155,Functions,2,0,77.6,2,55.0,20.0,2,0
S155,OOP,2,0,74.7,2,52.4,83.3,0,0
S155,Loops,0,1,10.7,1,50.0,75.0,0,2
S155,Variables,0,1,38.7,1,52.2,50.0,1,1
S155,Variables,2,0,43.7,3,54.2,60.0,2,0
S155,Functions,0,1,25.1,1,52.0,16.7,0,1
S155,Variables,1,1,26.5,1,53.8,50.0,1,2
S155,Loops,2,0,34.2,3,55.6,80.0,2,0
S155,Data Structures,1,1,30.6,1,53.6,0.0,0,1
S155,Loops,1,1,26.2,1,55.2,66.7,1,2
S155,Functions,2,0,52.5,3,56.7,28.6,2,0
S155,Functions,0,1,28.1,1,54.8,25.0,0,1
S155,OOP,0,1,21.2,1,56.2,71.4,1,2
S155,OOP,2,0,40.1,3,57.6,75.0,2,0
S155,Loops,0,1,15.6,1,55.9,71.4,0,1
S155,Data Structures,1,0,91.8,2,57.1,50.0,1,0
S155,Functions,2,0,57.0,2,55.6,33.3,0,0
S155,Variables,0,1,20.6,1,54.1,57.1,0,2
S155,Variables,2,0,70.7,1,55.3,62.5,1,0
S155,OOP,1,1,19.7,1,53.8,66.7,0,2
S156,OOP,1,1,51.6,1,60.0,60.0,0,2
S156,Data Structures,2,0,127.2,2,100.0,100.0,1,1
S156,Variables,1,1,16.9,1,50.0,50.0,0,2
S156,OOP,2,0,47.0,2,66.7,100.0,1,1
S156,OOP,1,1,28.6,1,50.0,50.0,0,2
S156,Loops,2,1,40.4,1,60.0,60.0,1,2
S156,Loops,2,0,95.0,2,66.7,100.0,2,0
S156,Data Structures,0,1,27.0,1,57.1,0.0,0,1
S156,Loops,0,1,22.1,1,62.5,50.0,1,1
S156,Loops,1,0,46.4,2,66.7,66.7,2,0
S156,Data Structures,0,0,44.8,3,60.0,50.0,0,0
S156,Variables,0,1,11.0,1,54.5,100.0,0,2
S156,Functions,0,0,44.1,1,58.3,58.3,1,0
S156,Variables,0,1,6.3,1,53.8,100.0,0,2
S156,OOP,2,1,65.4,1,57.1,66.7,1,2
S156,Loops,2,0,62.4,1,60.0,50.0,2,0
S156,Variables,0,1,10.6,1,56.2,100.0,0,2
S156,Data Structures,0,1,28.7,1,58.8,33.3,1,1
S156,Variables,1,1,10.5,1,61.1,100.0,2,2
S156,Variables,2,1,23.3,1,63.2,100.0,3,2
S156,Loops,1,0,86.1,3,65.0,40.0,4,0
S156,Data Structures,0,0,20.2,2,61.9,50.0,0,0
S156,Variables,0,1,13.6,1,59.1,100.0,0,2
S156,Data Structures,2,0,68.8,1,60.9,40.0,1,0
S156,Functions,0,1,36.0,1,58.3,0.0,0,1
S156,Variables,1,1,19.5,1,60.0,100.0,1,2
S156,Data Structures,0,0,36.7,2,61.5,33.3,2,0
S156,Functions,0,1,23.8,1,59.3,50.0,0,1
S156,Functions,1,0,55.7,3,60.7,66.7,1,0
S156,OOP,2,0,42.5,2,58.6,75.0,0,0
S156,Data Structures,0,0,29.2,2,56.7,28.6,0,0
S156,Functions,0,1,30.7,1,54.8,50.0,0,1
S156,OOP,1,0,51.3,3,56.2,60.0,1,0
S156,Loops,0,1,12.6,1,54.5,33.3,0,1
S156,OOP,1,1,28.1,1,55.9,50.0,1,2
S156,Data Structures,2,1,104.6,1,57.1,25.0,2,1
S156,Variables,1,1,12.1,1,58.3,100.0,3,2
S156,Variables,2,0,48.0,1,59.5,100.0,4,1
S156,Data Structures,1,1,37.8,3,57.9,33.3,0,1
S156,OOP,1,1,23.5,1,59.0,57.1,1,2
S157,Data Structures,1,1,39.9,1,60.0,60.0,0,2
S157,Variables,2,0,57.7,3,100.0,100.0,1,1
S157,Data Structures,1,0,49.3,3,50.0,100.0,0,0
S157,Variables,0,1,25.1,1,33.3,0.0,0,1
S157,OOP,1,0,67.3,2,50.0,50.0,1,0
S157,Functions,0,1,32.1,1,40.0,40.0,0,1
S157,Data Structures,1,0,35.6,2,50.0,50.0,1,0
S157,Functions,0,0,36.1,3,42.9,100.0,0,0
S157,Functions,0,0,50.5,1,37.5,50.0,0,0
S157,Data Structures,0,1,20.8,1,33.3,33.3,0,1
S157,Functions,1,0,73.0,2,40.0,33.3,1,0
S157,Loops,0,0,26.4,3,36.4,36.4,0,0
S157,OOP,0,0,18.9,2,33.3,0.0,0,0
S157,Functions,0,1,24.8,1,30.8,25.0,0,1
S157,Variables,1,0,57.9,3,35.7,50.0,1,0
S157,Loops,1,0,46.3,2,33.3,0.0,0,0
S157,OOP,0,0,39.0,3,31.2,0.0,0,0
S157,Loops,0,1,15.9,1,29.4,0.0,0,1
S157,Variables,1,1,50.2,2,33.3,33.3,1,1
S157,Functions,1,0,39.2,3,36.8,40.0,2,0
S157,Variables,0,0,31.3,3,35.0,50.0,0,0
S157,Functions,0,1,37.3,1,33.3,33.3,0,1
S157,Loops,1,0,45.6,2,36.4,33.3,1,0
S157,Functions,1,0,39.6,2,34.8,42.9,0,0
S157,Functions,2,0,114.2,2,33.3,37.5,0,0
S157,OOP,0,0,36.6,3,32.0,0.0,0,0
S157,OOP,2,0,76.6,1,30.8,0.0,0,0
S157,Loops,0,1,14.5,1,29.6,25.0,0,1
S157,Loops,2,0,124.1,3,32.1,40.0,1,0
S157,Data Structures,1,0,32.7,2,31.0,50.0,0,0
S157,Variables,0,0,22.4,2,30.0,40.0,0,0
S157,OOP,0,1,40.0,1,29.0,0.0,0,1
S157,OOP,1,0,85.3,3,31.2,16.7,1,0
S157,OOP,0,0,34.3,1,30.3,14.3,0,0
S157,Variables,0,1,23.0,1,29.4,33.3,0,1
S157,Variables,1,0,59.3,3,31.4,42.9,1,0
S157,Loops,0,1,17.7,1,30.6,33.3,0,1
S157,Data Structures,1,1,37.8,1,32.4,40.0,1,1
S157,Data Structures,1,0,54.3,2,34.2,50.0,2,0
S157,Functions,0,1,19.5,1,33.3,33.3,0,1
S158,Loops,1,0,41.6,3,60.0,60.0,0,0
S158,Loops,0,1,31.3,1,0.0,0.0,0,1
S158,OOP,1,0,45.6,3,50.0,50.0,1,0
S158,Functions,0,0,36.7,2,33.3,33.3,0,0
S158,OOP,0,1,26.0,1,25.0,0.0,0,1
S158,Functions,1,0,50.3,3,40.0,0.0,1,0
S158,Variables,0,1,26.1,1,33.3,33.3,0,1
S158,Variables,1,0,63.7,3,42.9,100.0,1,0
S158,OOP,0,1,21.5,1,37.5,50.0,0,0
S158,Variables,0,1,21.1,1,44.4,50.0,1,1
S158,Loops,0,1,28.0,1,50.0,50.0,2,1
S158,OOP,1,1,66.2,1,54.5,66.7,3,2
S158,OOP,2,0,83.3,2,58.3,75.0,4,0
S158,OOP,0,0,25.8,2,53.8,60.0,0,0
S158,Data Structures,0,0,34.0,3,50.0,50.0,0,0
S158,Data Structures,2,0,65.5,2,46.7,0.0,0,0
S158,Data Structures,0,1,29.4,1,43.8,0.0,0,1
S158,Functions,1,0,60.2,2,47.1,0.0,1,0
S158,Data Structures,1,0,20.3,1,44.4,33.3,0,0
S158,Loops,0,1,18.2,1,42.1,66.7,0,2
S158,Loops,2,0,110.9,2,45.0,75.0,1,0
S158,Data Structures,1,1,37.1,1,42.9,25.0,0,1
S158,Variables,1,0,70.9,2,45.5,66.7,1,0
S158,Data Structures,0,1,18.8,1,43.5,40.0,0,1
S158,Loops,1,0,50.3,3,45.8,60.0,1,0
S158,Data Structures,2,0,50.3,2,44.0,50.0,0,0
S158,Variables,0,0,21.0,3,42.3,50.0,0,0
S158,Functions,0,0,46.3,2,40.7,0.0,0,0
S158,Loops,0,1,21.8,1,39.3,50.0,0,1
S158,OOP,0,1,16.1,1,41.4,50.0,1,1
S158,Variables,1,0,75.8,2,43.3,40.0,2,0
S158,Data Structures,0,1,20.5,1,41.9,42.9,0,1
S158,Loops,1,1,40.5,1,43.8,57.1,1,1
S158,Loops,1,1,27.2,1,45.5,62.5,2,2
S158,Loops,2,1,58.9,1,47.1,66.7,3,2
S158,Loops,2,1,41.1,1,48.6,70.0,4,2
S158,Loops,2,0,78.9,2,50.0,72.7,5,0
S158,Loops,0,1,24.2,1,48.6,66.7,0,2
S158,Functions,2,0,92.4,3,50.0,0.0,1,0
S158,Variables,0,1,23.7,1,48.7,33.3,0,1
S159,Data Structures,1,0,64.6,3,60.0,60.0,0,0
S159,Data Structures,0,1,18.6,1,0.0,0.0,0,1
S159,Functions,1,1,34.9,1,50.0,50.0,1,2
S159,Loops,2,1,29.7,1,66.7,66.7,2,2
S159,Loops,2,0,55.7,3,75.0,100.0,3,1
S159,OOP,1,1,19.1,1,60.0,60.0,0,2
S159,Data Structures,2,0,122.8,3,66.7,50.0,1,0
S159,Loops,0,1,19.2,1,57.1,50.0,0,1
S159,Loops,1,1,25.2,1,62.5,66.7,1,2
S159,Loops,2,0,32.7,3,66.7,75.0,2,0
S159,Loops,0,1,13.2,1,60.0,60.0,0,2
S159,Data Structures,2,0,51.2,2,63.6,33.3,1,0
S159,Data Structures,0,0,36.8,2,58.3,25.0,0,0
S159,Data Structures,0,1,17.5,1,53.8,20.0,0,1
S159,Variables,1,0,56.2,3,57.1,57.1,1,0
S159,Variables,0,1,23.8,1,53.3,0.0,0,1
S159,OOP,1,1,23.3,1,56.2,100.0,1,2
S159,Loops,2,0,62.8,2,58.8,66.7,2,0
S159,Loops,0,1,18.1,2,55.6,57.1,0,1
S159,Functions,2,0,51.9,2,57.9,100.0,1,1
S159,Loops,1,1,23.7,3,55.0,62.5,0,1
S159,Variables,1,0,44.5,2,57.1,50.0,1,0
S159,Loops,0,1,10.2,2,54.5,66.7,0,1
S159,Variables,1,0,64.9,2,56.5,33.3,1,0
S159,Variables,0,1,27.4,1,54.2,25.0,0,1
S159,Functions,1,1,23.9,3,56.0,50.0,1,1
S159,Variables,0,1,24.7,1,57.7,40.0,2,1
S159,Data Structures,1,0,37.6,2,59.3,33.3,3,0
S159,Variables,0,1,27.6,1,57.1,50.0,0,1
S159,Loops,1,1,28.3,1,58.6,70.0,1,2
S159,OOP,0,1,8.8,1,60.0,100.0,2,2
S159,Data Structures,0,0,32.4,2,61.3,28.6,3,0
S159,Loops,0,1,7.6,1,59.4,72.7,0,2
S159,Functions,2,1,30.1,1,60.6,66.7,1,2
S159,Variables,2,0,49.0,2,61.8,57.1,2,0
S159,OOP,1,1,18.4,1,60.0,100.0,0,2
S159,Functions,2,0,70.3,3,61.1,75.0,1,0
S159,Functions,0,1,16.2,2,59.5,60.0,0,1
S159,Loops,1,1,23.4,1,60.5,75.0,1,1
S159,Functions,1,1,60.5,1,61.5,66.7,2,2
S160,Loops,1,0,62.8,3,60.0,60.0,0,0
S160,Functions,0,1,24.3,1,0.0,0.0,0,1
S160,Variables,1,0,48.5,2,50.0,50.0,1,0
S160,Variables,0,1,33.9,1,33.3,0.0,0,1
S160,Loops,1,1,53.9,1,50.0,0.0,1,1
S160,Data Structures,1,0,51.1,2,60.0,60.0,2,0
S160,Loops,0,1,23.1,1,50.0,50.0,0,1
S160,Variables,1,0,64.4,3,57.1,50.0,1,0
S160,Loops,0,0,23.3,3,50.0,66.7,0,0
S160,OOP,0,1,17.8,1,44.4,44.4,0,1
S160,Data Structures,2,0,83.3,2,50.0,0.0,1,0
S160,Functions,0,1,30.5,1,45.5,100.0,0,2
S160,Functions,2,0,77.7,3,50.0,100.0,1,0
S160,Data Structures,0,1,21.4,1,46.2,0.0,0,1
S160,Variables,1,0,54.4,3,50.0,33.3,1,0
S160,Functions,0,0,38.7,2,46.7,66.7,0,0
S160,OOP,0,0,27.5,3,43.8,100.0,0,0
S160,Variables,0,0,29.8,2,41.2,25.0,0,0
S160,Functions,0,1,30.6,1,38.9,50.0,0,1
S160,OOP,1,0,61.4,1,42.1,50.0,1,0
S160,Data Structures,0,0,36.7,2,40.0,33.3,0,0
S160,Loops,0,0,37.1,3,38.1,50.0,0,0
S160,Variables,0,0,34.1,3,36.4,20.0,0,0
S160,OOP,0,1,23.3,1,34.8,33.3,0,1
S160,Data Structures,1,0,48.9,3,37.5,25.0,1,0
S160,Functions,2,0,96.4,1,36.0,60.0,0,0
S160,OOP,0,1,20.3,1,34.6,50.0,0,1
S160,OOP,1,1,34.4,1,37.0,60.0,1,2
S160,Loops,2,0,100.0,1,39.3,40.0,2,0
S160,Variables,0,0,21.0,3,37.9,16.7,0,0
S160,Data Structures,0,0,27.1,2,36.7,20.0,0,0
S160,Data Structures,0,0,34.0,3,35.5,16.7,0,0
S160,OOP,2,0,84.8,2,34.4,66.7,0,0
S160,Functions,0,0,37.2,2,33.3,50.0,0,0
S160,Loops,0,1,16.5,1,32.4,33.3,0,1
S160,Functions,1,0,35.2,3,34.3,42.9,1,0
S160,OOP,0,1,13.6,1,33.3,57.1,0,2
S160,Loops,0,1,19.8,1,35.1,42.9,1,1
S160,Variables,2,0,153.0,3,36.8,14.3,2,0
S160,OOP,0,0,37.1,2,35.9,62.5,0,0
S161,OOP,1,1,38.1,1,60.0,60.0,0,2
S161,Functions,1,1,28.1,1,100.0,100.0,1,2
S161,Functions,2,0,60.8,3,100.0,100.0,2,1
S161,Functions,1,1,23.0,1,66.7,50.0,0,2
S161,Functions,2,1,61.7,1,75.0,66.7,1,2
S161,Variables,2,1,52.5,1,80.0,80.0,2,2
S161,Data Structures,2,0,75.7,3,83.3,83.3,3,0
S161,Data Structures,0,1,13.4,1,71.4,0.0,0,1
S161,Variables,1,1,31.8,1,75.0,100.0,1,2
S161,Data Structures,2,0,86.3,1,77.8,50.0,2,0
S161,Data Structures,0,1,11.7,1,70.0,33.3,0,0
S161,Variables,0,1,8.2,3,72.7,100.0,1,2
S161,Functions,1,1,15.1,1,75.0,75.0,2,2
S161,Data Structures,2,0,80.3,3,76.9,50.0,3,0
S161,Functions,0,1,10.3,1,71.4,80.0,0,2
S161,Data Structures,2,1,33.8,1,73.3,40.0,1,2
S161,Variables,2,0,87.6,2,75.0,100.0,2,1
S161,Variables,0,1,7.6,1,70.6,75.0,0,2
S161,OOP,2,1,43.7,1,72.2,100.0,1,2
S161,Functions,2,0,59.6,2,73.7,83.3,2,1
S161,Data Structures,1,1,39.5,1,70.0,50.0,0,2
S161,Data Structures,2,1,46.1,1,71.4,57.1,1,2
S161,OOP,2,0,73.5,1,72.7,100.0,2,1
S161,Data Structures,1,1,31.3,1,69.6,62.5,0,2
S161,Data Structures,2,0,75.5,2,70.8,66.7,1,0
S161,Loops,0,1,14.9,1,68.0,68.0,0,2
S161,Functions,0,1,19.8,1,69.2,71.4,1,2
S161,Data Structures,2,1,35.3,1,70.4,60.0,2,1
S161,Functions,0,1,12.1,1,71.4,75.0,3,2
S161,Variables,2,1,34.5,1,72.4,80.0,4,2
S161,OOP,2,1,45.1,1,73.3,66.7,5,2
S161,Data Structures,2,0,58.5,2,74.2,63.6,6,0
S161,Data Structures,0,1,12.1,1,71.9,58.3,0,2
S161,Loops,2,1,41.5,1,72.7,100.0,1,2
S161,Variables,2,1,30.1,1,73.5,83.3,2,2
S161,Functions,2,1,34.5,1,74.3,77.8,3,2
S161,Variables,2,1,36.9,1,75.0,85.7,4,2
S161,Functions,2,1,34.3,1,75.7,80.0,5,2
S161,OOP,2,0,49.8,3,76.3,75.0,6,0
S161,OOP,0,1,19.9,1,74.4,60.0,0,2
S162,OOP,1,0,61.5,3,60.0,60.0,0,0
S162,Data Structures,0,0,49.8,2,0.0,0.0,0,0
S162,Variables,0,0,28.0,2,0.0,0.0,0,0
S162,Data Structures,0,0,26.4,2,0.0,0.0,0,0
S162,Functions,0,0,38.3,3,0.0,0.0,0,0
S162,Data Structures,0,0,53.9,2,0.0,0.0,0,0
S162,Data Structures,0,0,37.0,2,0.0,0.0,0,0
S162,Data Structures,0,0,55.0,2,0.0,0.0,0,0
S162,Data Structures,0,0,36.4,2,0.0,0.0,0,0
S162,OOP,0,0,37.6,2,0.0,0.0,0,1
S162,Functions,1,0,82.3,3,0.0,0.0,0,0
S162,Variables,1,0,77.1,3,0.0,0.0,0,0
S162,Loops,0,0,72.0,2,0.0,0.0,0,0
S162,Variables,1,0,113.9,2,0.0,0.0,0,0
S162,Functions,0,0,51.8,2,0.0,0.0,0,0
S162,Variables,0,1,20.4,1,0.0,0.0,0,1
S162,OOP,1,0,58.7,3,6.2,0.0,1,0
S162,OOP,0,0,48.8,3,5.9,0.0,0,0
S162,Variables,0,0,27.0,2,5.6,25.0,0,0
S162,OOP,0,0,28.1,2,5.3,0.0,0,0
S162,Loops,1,0,58.9,3,5.0,0.0,0,0
S162,OOP,0,0,55.2,2,4.8,0.0,0,0
S162,Loops,0,0,61.2,3,4.5,0.0,0,0
S162,OOP,0,0,30.9,2,4.3,0.0,0,0
S162,Functions,0,0,37.0,1,4.2,0.0,0,0
S162,Variables,2,0,119.4,2,4.0,20.0,0,0
S162,Loops,0,0,41.2,2,3.8,0.0,0,0
S162,Data Structures,1,0,100.0,2,3.7,0.0,0,0
S162,Variables,0,0,48.9,2,3.6,16.7,0,0
S162,Functions,0,1,31.5,1,3.4,0.0,0,1
S162,Variables,1,0,85.3,2,6.7,14.3,1,0
S162,Loops,0,0,42.9,2,6.5,0.0,0,0
S162,Loops,2,0,123.6,2,6.2,0.0,0,0
S162,Functions,0,1,26.9,1,6.1,20.0,0,1
S162,Data Structures,1,0,69.1,3,8.8,0.0,1,0
S162,Loops,0,0,48.3,2,8.6,0.0,0,0
S162,Loops,1,0,72.8,3,8.3,0.0,0,0
S162,Functions,0,0,20.7,3,8.1,33.3,0,0
S162,Data Structures,0,0,24.5,2,7.9,0.0,0,0
S162,Loops,0,0,28.9,3,7.7,0.0,0,0
S163,OOP,1,1,36.3,1,60.0,60.0,0,2
S163,OOP,2,0,54.4,3,100.0,100.0,1,1
S163,Loops,1,0,65.5,3,50.0,50.0,0,0
S163,Loops,0,1,31.4,2,33.3,0.0,0,1
S163,Variables,1,0,39.3,2,50.0,50.0,1,0
S163,Loops,0,1,21.0,1,40.0,50.0,0,1
S163,Loops,1,0,67.1,3,50.0,66.7,1,0
S163,Variables,0,0,21.4,3,42.9,0.0,0,0
S163,Data Structures,0,1,14.6,1,37.5,37.5,0,1
S163,Data Structures,0,0,29.4,3,44.4,100.0,1,0
S163,OOP,0,1,20.4,2,40.0,50.0,0,1
S163,Loops,1,0,75.8,3,45.5,50.0,1,0
S163,Functions,0,1,23.0,1,41.7,41.7,0,1
S163,Variables,1,0,62.9,2,46.2,0.0,1,0
S163,Functions,0,1,24.2,1,42.9,100.0,0,2
S163,Data Structures,2,0,96.6,2,46.7,50.0,1,0
S163,Data Structures,0,1,29.4,1,43.8,33.3,0,1
S163,Loops,1,0,34.9,2,47.1,40.0,1,0
S163,OOP,0,0,32.7,2,44.4,66.7,0,1
S163,OOP,1,0,55.6,2,42.1,50.0,0,0
S163,Loops,0,0,28.1,2,40.0,33.3,0,0
S163,Variables,0,1,20.9,1,38.1,0.0,0,1
S163,OOP,1,0,42.3,2,40.9,40.0,1,0
S163,Functions,0,1,10.6,1,39.1,100.0,0,2
S163,Variables,2,0,83.6,2,41.7,25.0,1,0
S163,Loops,0,0,21.0,3,40.0,28.6,0,0
S163,Loops,0,0,43.8,3,38.5,25.0,0,0
S163,Variables,0,1,28.1,1,37.0,20.0,0,1
S163,Variables,1,0,47.7,2,39.3,33.3,1,0
S163,Data Structures,0,1,24.2,1,37.9,50.0,0,1
S163,Functions,1,1,19.7,1,40.0,100.0,1,2
S163,Data Structures,2,0,61.7,3,41.9,60.0,2,0
S163,OOP,1,1,30.8,1,40.6,33.3,0,1
S163,OOP,1,1,47.8,1,42.4,42.9,1,1
S163,Loops,1,0,36.4,2,44.1,22.2,2,0
S163,Variables,0,1,19.6,1,42.9,28.6,0,1
S163,Variables,1,0,68.5,2,44.4,37.5,1,0
S163,Data Structures,0,0,30.2,2,43.2,50.0,0,0
S163,Data Structures,0,1,20.1,1,42.1,42.9,0,1
S163,Functions,1,0,24.4,1,43.6,100.0,1,1
S164,Functions,1,1,15.3,1,60.0,60.0,0,2
S164,Functions,2,1,39.5,1,100.0,100.0,1,2
S164,Loops,2,1,35.8,1,100.0,100.0,2,1
S164,OOP,1,1,25.6,1,100.0,100.0,3,2
S164,Data Structures,1,1,28.4,1,100.0,100.0,4,2
S164,Loops,2,1,27.8,1,100.0,100.0,5,2
S164,Data Structures,2,1,63.7,1,100.0,100.0,6,2
S164,Data Structures,2,1,28.2,1,100.0,100.0,7,2
S164,Functions,2,1,44.5,1,100.0,100.0,8,2
S164,OOP,2,0,39.8,2,100.0,100.0,9,1
S164,Functions,1,1,17.5,1,90.0,100.0,0,2
S164,Data Structures,2,0,46.2,2,90.9,100.0,1,1
S164,Functions,0,1,13.0,1,83.3,100.0,0,2
S164,Data Structures,0,1,6.2,1,84.6,75.0,1,2
S164,Loops,2,1,26.6,1,85.7,100.0,2,2
S164,Loops,2,1,48.4,1,86.7,100.0,3,2
S164,OOP,2,1,28.0,1,87.5,50.0,4,2
S164,OOP,1,1,9.3,1,88.2,66.7,5,2
S164,Data Structures,2,0,59.6,3,88.9,80.0,6,0
S164,Variables,0,1,11.3,1,84.2,84.2,0,2
S164,Loops,2,1,33.8,1,85.0,100.0,1,2
S164,Loops,2,1,34.2,1,85.7,100.0,2,2
S164,Variables,0,1,26.8,1,86.4,100.0,3,1
S164,OOP,1,1,19.8,1,87.0,75.0,4,2
S164,Functions,2,0,84.5,2,87.5,100.0,5,1
S164,Variables,1,1,20.2,3,84.0,100.0,0,2
S164,Data Structures,2,0,83.1,3,84.6,66.7,1,0
S164,OOP,0,1,18.6,1,81.5,80.0,0,2
S164,Data Structures,2,0,52.3,2,82.1,57.1,1,0
S164,Loops,2,0,60.1,3,79.3,100.0,0,1
S164,OOP,1,0,32.9,3,76.7,83.3,0,1
S164,Variables,0,1,16.6,1,74.2,100.0,0,2
S164,Variables,2,0,52.0,2,75.0,100.0,1,1
S164,Functions,1,1,21.7,2,72.7,83.3,0,2
S164,OOP,1,1,22.6,1,73.5,71.4,1,2
S164,Variables,2,1,29.3,1,74.3,80.0,2,2
S164,Loops,2,0,45.1,2,75.0,85.7,3,1
S164,Functions,1,1,29.4,1,73.0,85.7,0,2
S164,Loops,2,0,42.7,3,73.7,75.0,1,0
S164,Data Structures,0,1,14.1,1,71.8,50.0,0,2
S165,Data Structures,1,0,35.4,1,60.0,60.0,0,0
S165,Functions,1,1,29.2,1,0.0,0.0,0,1
S165,Functions,1,0,51.7,2,50.0,100.0,1,0
S165,OOP,0,0,39.5,3,33.3,33.3,0,0
S165,Loops,0,0,23.7,2,25.0,25.0,0,0
S165,Loops,0,1,18.9,1,20.0,0.0,0,1
S165,OOP,1,1,30.7,2,33.3,0.0,1,1
S165,Functions,0,1,20.8,1,42.9,50.0,2,1
S165,OOP,1,0,43.7,3,50.0,50.0,3,0
S165,OOP,0,1,22.0,1,44.4,33.3,0,1
S165,Variables,2,0,92.0,2,50.0,50.0,1,0
S165,OOP,0,1,18.2,1,45.5,50.0,0,1
S165,OOP,1,1,52.4,2,50.0,60.0,1,1
S165,OOP,1,0,41.1,1,53.8,66.7,2,0
S165,Functions,0,1,26.1,1,50.0,66.7,0,2
S165,Data Structures,2,0,92.1,2,53.3,0.0,1,0
S165,Loops,0,0,31.8,2,50.0,50.0,0,0
S165,Variables,0,1,15.9,1,47.1,0.0,0,1
S165,Data Structures,1,1,49.3,2,50.0,0.0,1,1
S165,OOP,0,1,24.9,2,52.6,57.1,2,1
S165,Functions,1,0,39.4,2,55.0,75.0,3,0
S165,Variables,0,1,37.4,1,52.4,50.0,0,1
S165,Data Structures,1,1,33.9,1,54.5,33.3,1,1
S165,Variables,0,1,21.8,2,56.5,66.7,2,1
S165,Variables,1,0,40.5,2,58.3,75.0,3,0
S165,Data Structures,1,0,57.2,3,56.0,50.0,0,0
S165,OOP,2,0,73.8,3,53.8,62.5,0,0
S165,Data Structures,0,1,24.3,1,51.9,40.0,0,1
S165,Loops,1,0,52.3,3,53.6,33.3,1,0
S165,OOP,0,0,25.5,2,51.7,55.6,0,0
S165,OOP,0,0,30.8,2,50.0,50.0,0,0
S165,Data Structures,0,0,16.3,2,48.4,50.0,0,0
S165,Loops,0,1,34.9,1,46.9,25.0,0,1
S165,Variables,1,0,43.1,3,48.5,60.0,1,0
S165,OOP,0,1,14.9,1,47.1,45.5,0,1
S165,Loops,1,0,52.5,2,48.6,40.0,1,0
S165,Data Structures,0,1,30.1,1,47.2,42.9,0,1
S165,Variables,1,0,60.4,2,48.6,50.0,1,0
S165,Loops,0,1,15.5,1,47.4,33.3,0,1
S165,Functions,1,0,59.0,3,48.7,60.0,1,0
S166,OOP,1,1,40.2,1,60.0,60.0,0,2
S166,Functions,2,0,88.2,2,100.0,100.0,1,2
S166,OOP,0,1,13.5,1,50.0,100.0,0,2
S166,Data Structures,2,0,62.1,3,66.7,66.7,1,0
S166,Functions,2,0,83.8,3,50.0,0.0,0,0
S166,Loops,0,1,11.9,1,40.0,40.0,0,1
S166,OOP,1,1,19.8,1,50.0,100.0,1,2
S166,Variables,2,0,76.4,2,57.1,57.1,2,0
S166,Data Structures,0,1,21.9,1,50.0,0.0,0,1
S166,Variables,1,1,30.4,1,55.6,0.0,1,1
S166,Functions,1,1,34.9,1,60.0,0.0,2,0
S166,Functions,1,0,48.5,2,63.6,33.3,3,0
S166,Loops,0,1,9.3,1,58.3,100.0,0,2
S166,Variables,1,1,17.9,1,61.5,50.0,1,2
S166,Functions,0,1,17.6,1,64.3,25.0,2,1
S166,Data Structures,0,1,14.1,1,66.7,50.0,3,2
S166,Loops,2,1,22.0,1,68.8,100.0,4,2
S166,Variables,2,0,62.1,2,70.6,66.7,5,0
S166,Data Structures,0,1,14.3,1,66.7,66.7,0,2
S166,Data Structures,2,0,39.1,2,68.4,75.0,1,0
S166,Loops,0,1,20.4,1,65.0,100.0,0,2
S166,Data Structures,2,0,37.7,3,66.7,60.0,1,0
S166,Variables,0,1,17.3,1,63.6,50.0,0,2
S166,Loops,1,1,20.2,1,65.2,100.0,1,2
S166,Variables,2,1,28.4,1,66.7,60.0,2,2
S166,Functions,2,1,66.5,1,68.0,40.0,3,2
S166,Loops,2,0,34.0,3,69.2,100.0,4,1
S166,Functions,1,0,37.1,1,66.7,50.0,0,0
S166,Functions,0,1,20.4,1,64.3,42.9,0,1
S166,Data Structures,2,1,48.3,1,65.5,50.0,1,2
S166,Functions,2,0,73.3,3,66.7,50.0,2,0
S166,Functions,0,1,26.2,1,64.5,44.4,0,1
S166,Loops,1,1,30.1,1,65.6,83.3,1,2
S166,OOP,2,1,78.6,1,66.7,100.0,2,2
S166,Functions,2,0,57.5,3,67.6,50.0,3,0
S166,Data Structures,2,1,60.9,1,65.7,57.1,0,2
S166,Variables,0,1,18.7,1,66.7,66.7,1,2
S166,Variables,2,0,84.4,3,67.6,71.4,2,0
S166,Variables,1,1,32.4,1,65.8,62.5,0,2
S166,Functions,0,0,30.6,2,66.7,45.5,1,0
S167,Variables,1,1,36.0,1,60.0,60.0,0,2
S167,Functions,2,0,72.1,3,100.0,100.0,1,1
S167,Loops,1,1,32.1,1,50.0,50.0,0,2
S167,Data Structures,2,0,135.3,3,66.7,66.7,1,0
S167,Variables,1,1,22.3,1,50.0,100.0,0,2
S167,Functions,2,0,64.0,3,60.0,0.0,1,0
S167,Loops,0,1,13.5,1,50.0,100.0,0,2
S167,OOP,0,1,16.5,1,57.1,57.1,1,2
S167,Variables,2,0,107.7,3,62.5,100.0,2,0
S167,Data Structures,0,0,30.9,2,55.6,0.0,0,0
S167,Data Structures,0,1,35.5,1,50.0,0.0,0,1
S167,Loops,1,1,17.0,1,54.5,100.0,1,2
S167,OOP,2,0,46.1,3,58.3,100.0,2,1
S167,Variables,1,1,40.3,1,53.8,66.7,0,2
S167,OOP,0,1,20.5,1,57.1,50.0,1,1
S167,Functions,1,1,33.5,1,60.0,0.0,2,1
S167,OOP,2,0,64.8,1,62.5,66.7,3,1
S167,Variables,1,1,36.3,1,58.8,75.0,0,2
S167,Variables,0,1,17.2,1,61.1,80.0,1,2
S167,OOP,1,0,56.7,3,63.2,50.0,2,0
S167,Functions,0,1,14.5,1,60.0,33.3,0,1
S167,Data Structures,2,0,62.3,3,61.9,33.3,1,0
S167,Variables,0,1,19.3,1,59.1,83.3,0,2
S167,OOP,2,0,67.1,2,60.9,40.0,1,0
S167,Loops,0,1,18.1,1,58.3,100.0,0,2
S167,Data Structures,2,0,70.9,3,60.0,25.0,1,0
S167,OOP,1,1,35.1,1,57.7,33.3,0,1
S167,Variables,1,1,27.1,1,59.3,85.7,1,2
S167,Loops,2,0,58.9,3,60.7,100.0,2,1
S167,Variables,1,1,21.0,1,58.6,87.5,0,2
S167,Functions,2,0,97.2,1,60.0,50.0,1,0
S167,OOP,0,1,8.6,1,58.1,42.9,0,2
S167,Functions,1,0,32.2,3,59.4,40.0,1,0
S167,Variables,2,0,53.7,2,57.6,88.9,0,1
S167,OOP,1,0,29.6,2,55.9,50.0,0,0
S167,Loops,0,1,14.8,1,54.3,80.0,0,2
S167,Data Structures,1,1,48.6,1,55.6,20.0,1,1
S167,OOP,1,0,39.4,2,56.8,44.4,2,0
S167,Functions,0,1,12.7,1,55.3,33.3,0,1
S167,Loops,1,1,20.3,1,56.4,83.3,1,2
S168,Loops,1,0,48.2,2,60.0,60.0,0,0
S168,Variables,0,1,14.2,1,0.0,0.0,0,1
S168,OOP,2,0,51.0,1,50.0,50.0,1,0
S168,Functions,0,1,12.8,1,33.3,33.3,0,1
S168,Data Structures,1,1,26.7,1,50.0,50.0,1,2
S168,OOP,2,0,58.1,2,60.0,0.0,2,0
S168,Loops,1,1,32.0,2,50.0,0.0,0,1
S168,Data Structures,1,1,19.1,1,57.1,100.0,1,2
S168,Functions,2,1,37.7,1,62.5,100.0,2,2
S168,Data Structures,2,0,71.4,2,66.7,100.0,3,1
S168,Variables,1,1,20.9,2,60.0,100.0,0,2
S168,Loops,2,0,76.3,2,63.6,50.0,1,0
S168,Loops,0,1,17.7,1,58.3,33.3,0,1
S168,OOP,1,1,47.9,2,61.5,0.0,1,1
S168,Functions,1,0,30.0,2,64.3,100.0,2,1
S168,OOP,1,0,30.2,3,60.0,33.3,0,0
S168,Data Structures,0,0,21.3,3,56.2,66.7,0,0
S168,Data Structures,0,1,22.5,1,52.9,50.0,0,1
S168,Variables,1,1,15.7,1,55.6,100.0,1,2
S168,Loops,2,0,106.3,2,57.9,50.0,2,0
S168,Functions,1,0,22.9,2,55.0,66.7,0,0
S168,Variables,0,1,10.1,1,52.4,100.0,0,2
S168,Data Structures,2,0,58.6,1,54.5,60.0,1,0
S168,Variables,0,1,14.0,1,52.2,100.0,0,2
S168,Variables,2,1,31.0,2,54.2,100.0,1,2
S168,Data Structures,2,0,54.0,1,56.0,50.0,2,0
S168,Data Structures,1,0,33.5,2,53.8,42.9,0,0
S168,Data Structures,0,1,19.3,1,51.9,37.5,0,1
S168,Data Structures,1,0,61.1,2,53.6,44.4,1,0
S168,Data Structures,0,1,12.9,1,51.7,40.0,0,1
S168,Variables,1,1,26.2,1,53.3,100.0,1,2
S168,OOP,2,1,45.7,1,54.8,25.0,2,2
S168,Loops,2,0,78.8,2,56.2,40.0,3,0
S168,Data Structures,0,1,24.9,1,54.5,45.5,0,1
S168,Variables,1,1,13.3,1,55.9,100.0,1,2
S168,OOP,2,1,28.6,1,57.1,40.0,2,2
S168,Data Structures,2,0,55.1,3,58.3,50.0,3,0
S168,Loops,0,1,25.1,1,56.8,33.3,0,1
S168,Functions,1,1,21.7,1,57.9,50.0,1,2
S168,Variables,2,1,26.0,1,59.0,100.0,2,2
S169,Data Structures,1,0,51.1,3,60.0,60.0,0,0
S169,OOP,0,0,50.1,2,0.0,0.0,0,0
S169,Functions,2,0,36.1,2,0.0,0.0,0,0
S169,Variables,0,1,17.8,1,0.0,0.0,0,1
S169,Data Structures,1,0,83.3,2,25.0,0.0,1,0
S169,Loops,0,1,19.5,1,20.0,20.0,0,1
S169,Variables,2,0,66.2,1,33.3,100.0,1,1
S169,OOP,1,0,37.8,3,28.6,0.0,0,0
S169,OOP,2,0,51.8,2,25.0,0.0,0,0
S169,Loops,0,0,26.8,2,22.2,100.0,0,0
S169,OOP,0,1,31.3,1,20.0,0.0,0,1
S169,Functions,1,1,31.0,1,27.3,0.0,1,1
S169,Loops,1,0,32.3,3,33.3,50.0,2,0
S169,Loops,0,1,21.9,1,30.8,33.3,0,1
S169,Loops,2,0,69.3,2,35.7,50.0,1,0
S169,Loops,0,1,19.6,3,33.3,40.0,0,1
S169,Loops,1,0,75.6,3,37.5,50.0,1,0
S169,OOP,1,0,44.0,2,35.3,25.0,0,0
S169,Functions,1,0,42.4,3,33.3,50.0,0,0
S169,Functions,2,0,115.5,3,31.6,33.3,0,0
S169,Data Structures,1,0,41.2,2,30.0,0.0,0,0
S169,Variables,0,1,17.9,1,28.6,50.0,0,1
S169,Loops,2,0,77.3,2,31.8,42.9,1,0
S169,Data Structures,0,1,13.5,1,30.4,0.0,0,1
S169,Functions,1,0,42.4,3,33.3,25.0,1,0
S169,OOP,0,1,51.1,1,32.0,20.0,0,1
S169,Functions,1,0,42.0,2,34.6,20.0,1,0
S169,Loops,0,0,26.8,3,33.3,37.5,0,0
S169,Functions,0,1,24.3,1,32.1,16.7,0,1
S169,Data Structures,1,0,42.5,3,34.5,25.0,1,0
S169,Data Structures,0,0,38.6,3,33.3,20.0,0,0
S169,Variables,0,1,23.0,1,32.3,66.7,0,1
S169,Data Structures,1,0,89.0,2,34.4,16.7,1,0
S169,Functions,0,1,25.8,1,33.3,28.6,0,1
S169,OOP,0,0,33.7,3,35.3,33.3,1,0
S169,Loops,2,0,152.2,2,34.3,33.3,0,0
S169,Functions,0,1,29.9,1,33.3,37.5,0,1
S169,Functions,1,1,39.6,1,35.1,44.4,1,1
S169,Loops,1,0,74.5,2,36.8,30.0,2,0
S169,Variables,1,0,40.0,3,35.9,75.0,0,0
S170,Loops,1,1,26.5,1,60.0,60.0,0,2
S170,Loops,2,1,29.7,1,100.0,100.0,1,2
S170,Data Structures,2,0,52.7,3,100.0,100.0,2,1
S170,Loops,1,1,23.8,2,66.7,100.0,0,2
S170,OOP,2,0,24.5,2,75.0,75.0,1,1
S170,Functions,0,1,31.7,1,60.0,60.0,0,1
S170,Functions,1,1,28.9,1,66.7,100.0,1,2
S170,Loops,2,1,26.9,1,71.4,100.0,2,2
S170,Data Structures,2,0,48.7,3,75.0,0.0,3,0
S170,Loops,0,1,13.7,1,66.7,100.0,0,2
S170,Functions,2,0,105.9,2,70.0,100.0,1,0
S170,OOP,2,1,24.1,1,63.6,0.0,0,1
S170,Variables,1,0,36.0,2,66.7,66.7,1,0
S170,Functions,2,0,65.3,2,61.5,66.7,0,0
S170,Variables,0,1,21.3,1,57.1,0.0,0,1
S170,Functions,1,0,37.2,3,60.0,50.0,1,0
S170,Loops,0,0,35.7,2,56.2,100.0,0,0
S170,Data Structures,0,1,18.3,1,52.9,0.0,0,1
S170,Loops,1,1,48.2,1,55.6,83.3,1,2
S170,Loops,2,0,47.9,2,57.9,85.7,2,1
S170,OOP,0,1,20.5,1,55.0,50.0,0,0
S170,OOP,0,1,26.7,1,57.1,66.7,1,2
S170,OOP,2,1,36.1,1,59.1,75.0,2,2
S170,Data Structures,0,1,18.5,1,60.9,33.3,3,1
S170,OOP,1,0,36.6,2,62.5,80.0,4,0
S170,Functions,0,1,14.8,1,60.0,40.0,0,1
S170,Functions,1,1,26.8,1,61.5,50.0,1,2
S170,Loops,2,0,66.3,2,63.0,75.0,2,0
S170,Functions,0,1,15.9,1,60.7,57.1,0,2
S170,Data Structures,1,1,24.5,1,62.1,50.0,1,2
S170,Loops,2,1,25.1,1,63.3,66.7,2,2
S170,Loops,2,1,39.7,1,64.5,70.0,3,2
S170,Data Structures,2,0,81.6,2,65.6,60.0,4,0
S170,Functions,0,1,17.0,1,63.6,62.5,0,2
S170,Functions,2,0,74.7,3,64.7,66.7,1,0
S170,OOP,2,0,105.5,2,62.9,66.7,0,0
S170,Loops,0,1,20.9,1,61.1,72.7,0,2
S170,Loops,2,1,35.4,1,62.2,75.0,1,2
S170,OOP,0,1,20.7,1,63.2,57.1,2,2
S170,Functions,2,0,72.9,3,64.1,60.0,3,0
S171,Functions,1,0,37.5,3,60.0,60.0,0,0
S171,OOP,0,1,19.0,1,0.0,0.0,0,1
S171,Variables,1,0,32.6,2,50.0,50.0,1,0
S171,Data Structures,0,1,25.8,1,33.3,33.3,0,1
S171,Variables,0,1,11.9,1,50.0,0.0,1,1
S171,Data Structures,2,0,100.3,2,60.0,100.0,2,0
S171,Variables,0,1,21.4,1,50.0,50.0,0,1
S171,Data Structures,1,1,28.1,1,57.1,50.0,1,2
S171,Variables,2,0,55.5,2,62.5,66.7,2,0
S171,Functions,0,1,32.3,3,55.6,0.0,0,2
S171,Loops,2,1,61.0,1,60.0,60.0,1,2
S171,Functions,2,0,74.3,2,63.6,50.0,2,0
S171,Data Structures,0,1,32.1,1,58.3,66.7,0,1
S171,Variables,1,0,46.9,2,61.5,50.0,1,0
S171,OOP,0,1,17.7,1,57.1,100.0,0,2
S171,Data Structures,2,0,76.0,2,60.0,75.0,1,0
S171,OOP,0,1,21.7,1,56.2,100.0,0,2
S171,Data Structures,2,0,80.6,3,58.8,60.0,1,0
S171,Functions,2,0,59.7,3,55.6,33.3,0,0
S171,OOP,0,1,16.0,1,52.6,100.0,0,2
S171,Loops,2,0,178.9,2,55.0,100.0,1,0
S171,Functions,0,0,24.5,3,52.4,25.0,0,0
S171,OOP,0,1,18.0,3,50.0,100.0,0,2
S171,OOP,2,0,82.0,2,52.2,100.0,1,0
S171,Variables,0,1,23.1,3,50.0,40.0,0,1
S171,Data Structures,1,0,50.7,2,52.0,50.0,1,0
S171,Loops,0,1,24.1,1,50.0,50.0,0,1
S171,Variables,1,0,32.3,3,51.9,50.0,1,0
S171,Functions,0,0,31.5,2,50.0,20.0,0,0
S171,Variables,1,0,41.6,3,48.3,42.9,0,0
S171,Functions,0,1,15.7,1,46.7,16.7,0,1
S171,Data Structures,0,1,24.7,1,48.4,42.9,1,1
S171,Loops,1,1,38.8,1,50.0,66.7,2,2
S171,Data Structures,2,0,60.9,2,51.5,50.0,3,0
S171,Data Structures,0,1,18.8,1,50.0,44.4,0,1
S171,Loops,0,1,13.8,1,51.4,75.0,1,2
S171,Functions,2,0,75.7,3,52.8,28.6,2,0
S171,Functions,0,1,21.5,1,51.4,25.0,0,0
S171,Data Structures,0,1,20.2,1,52.6,50.0,1,1
S171,OOP,1,1,46.8,1,53.8,83.3,2,2
S172,Loops,1,1,21.5,1,60.0,60.0,0,2
S172,OOP,2,1,61.9,1,100.0,100.0,1,2
S172,Functions,2,0,81.5,2,100.0,100.0,2,1
S172,Variables,1,1,32.8,1,66.7,66.7,0,2
S172,Data Structures,2,0,62.8,2,75.0,75.0,1,0
S172,OOP,0,1,11.5,1,60.0,100.0,0,2
S172,Variables,2,1,25.4,1,66.7,100.0,1,2
S172,OOP,2,0,74.4,2,71.4,100.0,2,1
S172,Loops,1,1,27.6,1,62.5,100.0,0,2
S172,Variables,2,0,41.2,3,66.7,100.0,1,1
S172,OOP,2,1,30.7,1,60.0,66.7,0,2
S172,OOP,2,0,25.6,2,63.6,75.0,1,1
S172,Data Structures,1,0,56.2,2,58.3,0.0,0,0
S172,Data Structures,1,1,27.0,1,53.8,0.0,0,1
S172,Loops,1,1,18.2,1,57.1,100.0,1,2
S172,OOP,2,1,42.2,1,60.0,60.0,2,2
S172,OOP,2,1,34.3,1,62.5,66.7,3,2
S172,Loops,2,1,16.0,1,64.7,100.0,4,2
S172,Data Structures,2,0,116.5,3,66.7,33.3,5,0
S172,Loops,0,1,15.8,1,63.2,100.0,0,2
S172,Loops,2,0,67.3,2,65.0,100.0,1,1
S172,OOP,0,1,9.7,1,61.9,71.4,0,2
S172,Functions,2,0,30.0,3,63.6,0.0,1,0
S172,Functions,0,1,15.2,1,60.9,0.0,0,1
S172,Loops,1,1,29.8,1,62.5,83.3,1,2
S172,Variables,2,1,33.6,1,64.0,66.7,2,2
S172,Data Structures,2,0,43.7,3,65.4,25.0,3,0
S172,Loops,0,1,17.2,1,63.0,85.7,0,2
S172,Loops,2,1,34.1,1,64.3,87.5,1,2
S172,Loops,2,0,54.4,3,65.5,88.9,2,0
S172,Functions,0,1,15.6,1,63.3,33.3,0,1
S172,Data Structures,1,0,58.7,3,64.5,20.0,1,0
S172,Loops,0,1,12.8,1,62.5,80.0,0,2
S172,Functions,1,1,32.0,1,63.6,50.0,1,2
S172,Data Structures,2,0,52.5,2,64.7,16.7,2,0
S172,Data Structures,0,1,25.3,1,62.9,14.3,0,1
S172,Loops,1,1,25.5,1,63.9,81.8,1,2
S172,OOP,2,1,25.5,1,64.9,75.0,2,2
S172,Data Structures,2,0,62.6,3,65.8,25.0,3,0
S172,Functions,0,0,22.7,2,64.1,60.0,0,0
S173,Data Structures,1,1,23.1,1,60.0,60.0,0,2
S173,Functions,2,1,24.4,1,100.0,100.0,1,2
S173,Data Structures,2,1,28.0,1,100.0,100.0,2,2
S173,Data Structures,2,1,30.5,1,100.0,100.0,3,2
S173,OOP,2,1,32.3,1,100.0,100.0,4,2
S173,OOP,2,1,32.0,1,100.0,100.0,5,2
S173,Variables,0,1,12.4,1,100.0,100.0,6,2
S173,Functions,2,1,34.8,1,100.0,100.0,7,2
S173,Loops,0,1,17.4,1,100.0,100.0,8,2
S173,Data Structures,2,1,30.5,1,100.0,100.0,9,2
S173,Data Structures,2,1,44.4,1,100.0,100.0,10,2
S173,Data Structures,2,1,22.6,1,100.0,100.0,11,2
S173,Loops,2,0,47.8,2,100.0,100.0,12,1
S173,Data Structures,1,1,15.3,1,92.3,100.0,0,2
S173,Loops,2,0,74.3,2,92.9,50.0,1,0
S173,Data Structures,0,1,11.0,1,86.7,100.0,0,2
S173,Loops,2,0,107.5,3,87.5,33.3,1,0
S173,OOP,0,1,8.0,1,82.4,100.0,0,2
S173,OOP,2,1,28.9,1,83.3,100.0,1,2
S173,OOP,2,0,42.1,2,84.2,100.0,2,1
S173,Data Structures,1,1,27.6,1,80.0,100.0,0,2
S173,Loops,2,1,44.8,1,81.0,25.0,1,2
S173,Functions,2,1,25.6,1,81.8,100.0,2,2
S173,Variables,2,1,32.0,1,82.6,100.0,3,2
S173,OOP,2,0,40.2,2,83.3,80.0,4,1
S173,Loops,2,1,38.7,1,80.0,40.0,0,2
S173,Variables,1,1,13.7,1,80.8,100.0,1,2
S173,Variables,2,1,18.6,1,81.5,100.0,2,2
S173,OOP,2,1,40.3,1,82.1,66.7,3,2
S173,Functions,0,1,8.3,2,82.8,100.0,4,2
S173,Functions,2,1,52.4,1,83.3,100.0,5,2
S173,Variables,2,0,38.5,2,83.9,100.0,6,1
S173,Variables,1,1,20.5,1,81.2,80.0,0,2
S173,Loops,2,0,52.0,2,81.8,50.0,1,0
S173,Data Structures,0,1,8.4,2,79.4,100.0,0,2
S173,Loops,2,0,56.8,2,80.0,42.9,1,0
S173,Variables,0,1,8.9,1,77.8,83.3,0,2
S173,Loops,0,1,16.9,1,78.4,37.5,1,1
S173,OOP,1,1,22.2,1,78.9,71.4,2,2
S173,Variables,1,1,19.2,1,79.5,85.7,3,2
S174,Functions,1,1,46.1,1,60.0,60.0,0,2
S174,Functions,2,0,43.9,3,100.0,100.0,1,1
S174,Functions,1,1,41.0,1,50.0,50.0,0,2
S174,Loops,2,1,60.0,1,66.7,66.7,1,2
S174,Variables,2,1,80.2,2,75.0,75.0,2,2
S174,OOP,2,0,48.5,2,80.0,80.0,3,1
S174,OOP,1,1,38.2,1,66.7,0.0,0,1
S174,OOP,1,1,33.7,1,71.4,50.0,1,2
S174,OOP,1,0,48.2,3,75.0,66.7,2,0
S174,Variables,0,1,16.4,1,66.7,100.0,0,2
S174,Loops,2,0,77.8,3,70.0,100.0,1,0
S174,Variables,0,1,19.2,1,63.6,100.0,0,2
S174,OOP,2,0,86.3,3,66.7,50.0,1,0
S174,Loops,0,1,24.2,1,61.5,50.0,0,1
S174,OOP,1,0,42.4,2,64.3,40.0,1,0
S174,Functions,0,1,21.2,1,60.0,66.7,0,2
S174,OOP,2,0,96.2,2,62.5,33.3,1,0
S174,OOP,0,1,14.9,1,58.8,28.6,0,1
S174,Functions,1,0,40.1,3,61.1,75.0,1,0
S174,Loops,0,1,22.2,2,57.9,66.7,0,1
S174,Data Structures,1,0,55.4,2,60.0,60.0,1,0
S174,Loops,0,1,26.5,2,57.1,75.0,0,1
S174,Data Structures,1,1,35.0,1,59.1,0.0,1,1
S174,Loops,1,1,43.9,2,60.9,80.0,2,2
S174,Functions,2,0,43.8,3,62.5,60.0,3,0
S174,OOP,0,1,31.3,1,60.0,37.5,0,1
S174,Functions,1,0,66.7,2,61.5,50.0,1,0
S174,Data Structures,0,0,24.9,2,59.3,50.0,0,0
S174,Data Structures,0,1,13.3,1,57.1,33.3,0,1
S174,Data Structures,1,1,53.4,1,58.6,50.0,1,1
S174,OOP,1,1,21.4,1,60.0,44.4,2,2
S174,Loops,2,0,77.4,3,61.3,83.3,3,0
S174,Data Structures,0,1,25.2,1,59.4,60.0,0,2
S174,Data Structures,2,0,41.1,3,60.6,66.7,1,1
S174,Variables,1,0,52.7,2,58.8,100.0,0,1
S174,Functions,1,0,40.8,2,57.1,42.9,0,0
S174,Variables,0,1,17.4,1,55.6,75.0,0,2
S174,Loops,2,0,72.3,2,56.8,71.4,1,0
S174,Functions,0,1,19.1,2,55.3,37.5,0,1
S174,Loops,1,0,43.3,2,56.4,62.5,1,0
S175,Loops,1,1,30.2,1,60.0,60.0,0,2
S175,Variables,2,0,81.0,3,100.0,100.0,1,1
S175,Functions,1,1,31.1,1,50.0,50.0,0,2
S175,Variables,2,0,66.4,3,66.7,0.0,1,0
S175,Variables,0,1,26.1,1,50.0,0.0,0,1
S175,Functions,1,0,42.8,2,60.0,100.0,1,1
S175,OOP,1,1,40.4,1,50.0,50.0,0,2
S175,Functions,2,0,68.0,2,57.1,50.0,1,0
S175,Data Structures,0,0,38.4,3,50.0,50.0,0,0
S175,OOP,0,1,27.5,1,44.4,100.0,0,2
S175,Data Structures,2,0,34.5,2,50.0,0.0,1,0
S175,Functions,0,1,14.3,1,45.5,33.3,0,1
S175,Data Structures,1,0,43.9,3,50.0,0.0,1,0
S175,Data Structures,0,1,14.4,1,46.2,0.0,0,1
S175,Loops,1,1,25.6,1,50.0,100.0,1,2
S175,OOP,2,0,58.9,2,53.3,100.0,2,1
S175,Variables,0,1,23.0,2,50.0,33.3,0,1
S175,Data Structures,0,1,25.2,1,52.9,25.0,1,1
S175,Loops,1,1,35.0,1,55.6,100.0,2,2
S175,Functions,2,0,67.4,3,57.9,50.0,3,0
S175,Variables,1,0,29.7,2,55.0,50.0,0,0
S175,Functions,0,1,21.7,1,52.4,40.0,0,1
S175,Variables,1,1,30.0,1,54.5,40.0,1,2
S175,Data Structures,0,1,20.7,1,56.5,40.0,2,1
S175,Variables,1,1,38.8,1,58.3,50.0,3,2
S175,Loops,2,1,46.9,1,60.0,100.0,4,2
S175,Data Structures,2,0,54.8,2,61.5,50.0,5,0
S175,Data Structures,0,1,16.0,1,59.3,42.9,0,1
S175,OOP,2,0,101.1,3,60.7,66.7,1,0
S175,Variables,0,1,24.7,1,58.6,57.1,0,1
S175,Loops,1,1,30.3,1,60.0,100.0,1,2
S175,Variables,2,1,49.2,1,61.3,62.5,2,2
S175,Variables,2,0,74.5,3,62.5,66.7,3,0
S175,Data Structures,0,1,21.1,1,60.6,50.0,0,1
S175,Variables,1,1,31.7,1,61.8,60.0,1,2
S175,OOP,2,0,46.9,2,62.9,50.0,2,0
S175,Data Structures,0,1,35.0,1,61.1,55.6,0,1
S175,OOP,1,1,43.0,1,62.2,40.0,1,1
S175,Functions,1,0,50.3,2,63.2,50.0,2,0
S175,Data Structures,0,0,22.9,2,61.5,60.0,0,0
S176,Variables,1,0,94.0,2,60.0,60.0,0,0
S176,Functions,1,0,52.1,2,0.0,0.0,0,0
S176,Data Structures,1,0,54.2,2,0.0,0.0,0,0
S176,Variables,0,0,22.5,3,0.0,0.0,0,0
S176,Loops,1,0,46.6,3,0.0,0.0,0,0
S176,Variables,0,1,17.2,1,0.0,0.0,0,1
S176,Variables,1,0,65.7,2,16.7,33.3,1,0
S176,OOP,0,1,21.1,1,14.3,14.3,0,1
S176,Variables,1,0,63.5,2,25.0,25.0,1,0
S176,Loops,0,0,32.6,2,22.2,0.0,0,0
S176,Functions,0,1,19.0,1,20.0,0.0,0,1
S176,Data Structures,1,0,51.7,2,27.3,0.0,1,0
S176,Loops,0,1,19.2,1,25.0,0.0,0,1
S176,OOP,1,0,56.2,2,30.8,100.0,1,0
S176,Variables,2,0,100.3,3,28.6,20.0,0,0
S176,Loops,0,1,16.7,1,26.7,33.3,0,1
S176,Data Structures,1,0,77.5,2,31.2,0.0,1,0
S176,Data Structures,0,0,29.2,3,29.4,0.0,0,0
S176,Data Structures,0,1,16.3,1,27.8,0.0,0,0
S176,Functions,0,1,22.6,1,31.6,50.0,1,1
S176,Variables,1,0,58.5,3,35.0,16.7,2,0
S176,Functions,0,1,43.5,1,33.3,66.7,0,1
S176,Functions,1,0,88.5,3,36.4,75.0,1,0
S176,OOP,0,1,23.0,2,34.8,50.0,0,1
S176,Loops,1,0,37.1,2,37.5,50.0,1,0
S176,OOP,0,1,25.4,1,36.0,66.7,0,1
S176,Variables,1,0,100.1,2,38.5,14.3,1,0
S176,Functions,0,0,35.3,3,37.0,60.0,0,0
S176,Loops,0,0,33.7,2,35.7,40.0,0,0
S176,Functions,0,1,26.4,1,34.5,50.0,0,1
S176,Loops,1,0,58.2,1,36.7,33.3,1,0
S176,Data Structures,0,1,36.2,1,35.5,20.0,0,1
S176,Data Structures,1,1,39.9,1,37.5,33.3,1,1
S176,Variables,0,0,34.2,2,39.4,12.5,2,0
S176,Variables,2,0,114.8,2,38.2,11.1,0,0
S176,Data Structures,0,1,24.7,1,37.1,42.9,0,1
S176,Data Structures,1,1,35.1,1,38.9,50.0,1,2
S176,Variables,2,0,151.0,3,40.5,10.0,2,0
S176,OOP,0,1,19.0,1,39.5,75.0,0,2
S176,Loops,2,0,94.1,2,41.0,28.6,1,0
S177,Variables,1,0,22.8,2,60.0,60.0,0,0
S177,OOP,0,0,24.2,3,0.0,0.0,0,0
S177,Variables,2,0,76.5,2,0.0,0.0,0,0
S177,OOP,0,0,26.2,2,0.0,0.0,0,0
S177,OOP,0,1,16.2,1,0.0,0.0,0,1
S177,Functions,1,1,24.6,1,20.0,20.0,1,1
S177,Data Structures,2,0,75.9,1,33.3,33.3,2,0
S177,Data Structures,0,1,18.1,1,28.6,0.0,0,1
S177,Variables,0,1,27.7,1,37.5,0.0,1,1
S177,OOP,1,0,58.7,3,44.4,33.3,2,0
S177,Loops,2,0,56.0,2,40.0,40.0,0,0
S177,OOP,1,0,43.2,2,36.4,25.0,0,0
S177,Loops,0,1,17.9,1,33.3,0.0,0,1
S177,Data Structures,2,0,43.7,2,38.5,50.0,1,0
S177,Functions,0,1,21.4,1,35.7,100.0,0,2
S177,Functions,2,1,34.6,1,40.0,100.0,1,2
S177,Loops,2,0,118.8,3,43.8,50.0,2,0
S177,OOP,0,1,16.5,1,41.2,20.0,0,1
S177,Data Structures,1,1,51.4,1,44.4,33.3,1,1
S177,Functions,1,0,41.8,2,47.4,100.0,2,1
S177,OOP,1,1,34.2,1,45.0,33.3,0,1
S177,Loops,1,0,50.1,2,47.6,33.3,1,0
S177,Data Structures,2,0,51.3,3,45.5,50.0,0,0
S177,Loops,0,1,18.8,1,43.5,25.0,0,0
S177,Variables,0,1,18.4,1,45.8,33.3,1,1
S177,Data Structures,1,1,39.0,1,48.0,40.0,2,1
S177,Data Structures,1,0,47.7,2,50.0,50.0,3,0
S177,Variables,0,1,20.8,1,48.1,50.0,0,1
S177,Loops,1,0,54.6,2,50.0,40.0,1,0
S177,Variables,0,1,33.6,1,48.3,60.0,0,1
S177,Variables,1,0,59.9,2,50.0,66.7,1,0
S177,Variables,0,1,17.2,1,48.4,57.1,0,2
S177,Functions,2,0,115.9,2,50.0,75.0,1,0
S177,OOP,0,0,14.1,2,48.5,42.9,0,0
S177,OOP,0,1,16.3,1,47.1,37.5,0,1
S177,Data Structures,1,0,34.9,3,48.6,42.9,1,0
S177,Data Structures,0,1,20.2,1,47.2,37.5,0,1
S177,Loops,1,1,45.7,1,48.6,33.3,1,1
S177,Loops,1,1,25.2,1,50.0,42.9,2,2
S177,OOP,2,0,61.1,2,51.3,44.4,3,0
S178,Loops,1,0,53.1,2,60.0,60.0,0,0
S178,Functions,1,1,38.3,1,0.0,0.0,0,1
S178,Loops,1,0,47.5,2,50.0,0.0,1,0
S178,Variables,0,1,13.2,1,33.3,33.3,0,1
S178,OOP,1,0,47.4,3,50.0,50.0,1,0
S178,Functions,0,1,19.4,1,40.0,100.0,0,2
S178,Loops,2,0,85.0,3,50.0,0.0,1,0
S178,Data Structures,1,0,80.9,3,42.9,42.9,0,0
S178,Data Structures,0,1,24.2,1,37.5,0.0,0,1
S178,Functions,2,1,49.6,1,44.4,100.0,1,2
S178,Variables,2,0,49.5,3,50.0,100.0,2,1
S178,Loops,1,0,36.9,2,45.5,0.0,0,0
S178,OOP,0,1,25.8,1,41.7,0.0,0,0
S178,Data Structures,0,1,22.3,1,46.2,50.0,1,1
S178,OOP,1,1,35.1,1,50.0,50.0,2,2
S178,Loops,2,0,91.1,3,53.3,0.0,3,0
S178,Data Structures,0,0,32.3,2,50.0,66.7,0,0
S178,Functions,0,1,23.5,3,47.1,100.0,0,2
S178,Variables,2,1,60.1,1,50.0,50.0,1,2
S178,OOP,2,0,58.6,2,52.6,66.7,2,0
S178,Loops,0,1,20.5,1,50.0,0.0,0,1
S178,Data Structures,1,1,47.7,1,52.4,50.0,1,1
S178,Data Structures,0,1,20.1,1,54.5,60.0,2,2
S178,Variables,2,0,59.1,3,56.5,66.7,3,0
S178,Functions,1,1,43.3,1,54.2,100.0,0,2
S178,Data Structures,2,0,112.0,2,56.0,66.7,1,0
S178,Functions,0,1,16.3,1,53.8,100.0,0,2
S178,OOP,2,0,139.9,3,55.6,50.0,1,0
S178,OOP,0,1,19.2,1,53.6,40.0,0,1
S178,Loops,1,1,65.8,1,55.2,16.7,1,1
S178,Variables,1,1,28.2,1,56.7,50.0,2,2
S178,Loops,2,0,75.0,3,58.1,28.6,3,0
S178,OOP,1,1,21.2,1,56.2,50.0,0,2
S178,Functions,2,1,39.1,1,57.6,100.0,1,2
S178,Variables,2,0,46.7,2,58.8,60.0,2,0
S178,Variables,0,1,19.2,1,57.1,50.0,0,1
S178,Functions,1,1,35.4,1,58.3,100.0,1,2
S178,Loops,2,0,40.4,1,59.5,25.0,2,0
S178,Loops,0,1,23.9,1,57.9,22.2,0,1
S178,Loops,2,0,77.4,2,59.0,30.0,1,0
S179,Data Structures,1,1,16.9,1,60.0,60.0,0,2
S179,Functions,1,1,26.3,1,100.0,100.0,1,2
S179,Variables,2,0,41.3,2,100.0,100.0,2,1
S179,OOP,1,0,82.3,3,66.7,66.7,0,0
S179,Data Structures,0,1,18.5,2,50.0,100.0,0,2
S179,Variables,2,0,36.6,2,60.0,0.0,1,0
S179,Loops,0,1,13.4,1,50.0,50.0,0,2
S179,Data Structures,2,1,59.1,1,57.1,100.0,1,2
S179,Loops,2,0,59.8,2,62.5,100.0,2,1
S179,Data Structures,0,1,15.2,1,55.6,100.0,0,2
S179,OOP,2,1,43.2,1,60.0,0.0,1,2
S179,Variables,1,1,38.1,1,63.6,0.0,2,1
S179,Loops,0,1,22.6,1,66.7,50.0,3,1
S179,Data Structures,1,1,19.8,1,69.2,100.0,4,2
S179,Variables,2,0,31.1,2,71.4,33.3,5,0
S179,OOP,0,1,38.7,1,66.7,50.0,0,1
S179,Functions,2,0,37.9,2,68.8,100.0,1,1
S179,Functions,1,1,27.9,1,64.7,50.0,0,2
S179,OOP,2,0,105.3,3,66.7,66.7,1,0
S179,OOP,0,1,18.4,1,63.2,50.0,0,2
S179,Loops,2,1,45.6,1,65.0,66.7,1,2
S179,Variables,2,1,41.3,1,66.7,25.0,2,2
S179,Data Structures,2,0,45.3,3,68.2,100.0,3,1
S179,Data Structures,1,1,17.3,1,65.2,83.3,0,2
S179,Loops,2,0,60.4,2,66.7,75.0,1,0
S179,Functions,0,1,12.9,3,64.0,66.7,0,1
S179,Loops,2,0,55.9,3,65.4,60.0,1,0
S179,Functions,0,1,9.9,1,63.0,75.0,0,2
S179,Data Structures,1,1,16.2,1,64.3,85.7,1,2
S179,Data Structures,0,1,20.8,1,65.5,87.5,2,2
S179,Data Structures,2,0,47.6,3,66.7,88.9,3,1
S179,Variables,1,1,38.5,1,64.5,40.0,0,2
S179,Loops,2,0,59.2,2,65.6,50.0,1,0
S179,Data Structures,0,1,12.2,1,63.6,80.0,0,2
S179,Loops,2,0,81.6,2,64.7,42.9,1,0
S179,OOP,0,1,14.6,1,62.9,60.0,0,2
S179,Data Structures,2,1,41.2,1,63.9,81.8,1,2
S179,Variables,2,0,62.2,3,64.9,50.0,2,0
S179,Functions,0,1,13.8,1,63.2,80.0,0,2
S179,Variables,2,1,42.5,1,64.1,42.9,1,2
S180,Variables,1,1,27.2,1,60.0,60.0,0,2
S180,Data Structures,2,1,51.5,1,100.0,100.0,1,2
S180,Functions,2,0,88.2,2,100.0,100.0,2,1
S180,OOP,1,1,22.1,1,66.7,66.7,0,2
S180,Variables,2,1,47.7,1,75.0,100.0,1,2
S180,Data Structures,2,0,71.9,2,80.0,100.0,2,1
S180,Data Structures,0,1,22.8,1,66.7,50.0,0,1
S180,Data Structures,1,1,37.4,1,71.4,66.7,1,2
S180,Loops,1,1,41.9,1,75.0,75.0,2,2
S180,Functions,2,0,52.2,3,77.8,0.0,3,0
S180,Data Structures,0,0,31.8,2,70.0,75.0,0,0
S180,Functions,0,1,12.4,1,63.6,0.0,0,1
S180,Data Structures,1,1,30.4,2,66.7,60.0,1,2
S180,Variables,2,1,35.0,1,69.2,100.0,2,2
S180,OOP,2,0,93.3,1,71.4,100.0,3,1
S180,Functions,1,1,25.7,1,66.7,33.3,0,1
S180,Loops,1,1,28.5,1,68.8,100.0,1,2
S180,Functions,2,1,49.7,1,70.6,50.0,2,2
S180,Loops,2,0,33.0,3,72.2,100.0,3,1
S180,Variables,1,1,18.9,1,68.4,100.0,0,2
S180,Data Structures,2,0,99.0,3,70.0,66.7,1,0
S180,Variables,0,1,10.5,2,66.7,100.0,0,2
S180,OOP,2,0,45.3,2,68.2,50.0,1,0
S180,Functions,0,1,16.6,1,65.2,60.0,0,2
S180,Variables,2,1,67.7,1,66.7,100.0,1,2
S180,OOP,2,0,58.2,2,68.0,33.3,2,0
S180,Variables,0,1,10.3,1,65.4,100.0,0,2
S180,OOP,1,0,49.3,2,66.7,25.0,1,0
S180,Functions,2,1,63.5,1,64.3,66.7,0,2
S180,Loops,2,0,104.3,2,65.5,66.7,1,0
S180,Variables,0,1,23.9,2,63.3,100.0,0,2
S180,Data Structures,2,0,105.7,3,64.5,57.1,1,0
S180,Variables,0,1,14.2,1,62.5,100.0,0,2
S180,Data Structures,2,0,47.8,3,63.6,50.0,1,0
S180,Functions,0,1,19.1,1,61.8,71.4,0,2
S180,Functions,2,0,120.1,3,62.9,75.0,1,0
S180,Functions,0,1,17.3,1,61.1,66.7,0,2
S180,Functions,2,0,47.9,2,62.2,70.0,1,0
S180,Variables,1,1,20.6,1,60.5,100.0,0,2
S180,Variables,2,0,35.0,3,61.5,100.0,1,1
S181,Loops,1,1,24.7,1,60.0,60.0,0,2
S181,Variables,2,0,60.1,2,100.0,100.0,1,1
S181,OOP,2,1,18.9,1,50.0,50.0,0,2
S181,Functions,0,1,12.4,1,66.7,66.7,1,2
S181,Functions,2,1,30.0,1,75.0,100.0,2,2
S181,Functions,2,1,27.4,1,80.0,100.0,3,2
S181,Functions,2,0,57.8,2,83.3,100.0,4,1
S181,Variables,1,1,27.5,3,71.4,0.0,0,1
S181,Variables,0,1,11.0,1,75.0,50.0,1,2
S181,Loops,2,1,43.5,1,77.8,100.0,2,2
S181,OOP,2,1,34.3,1,80.0,100.0,3,2
S181,OOP,2,1,29.8,3,81.8,100.0,4,2
S181,Functions,0,1,14.3,2,83.3,75.0,5,2
S181,Loops,2,0,46.4,2,84.6,100.0,6,1
S181,Variables,1,1,19.4,1,78.6,66.7,0,2
S181,OOP,2,1,17.4,1,80.0,100.0,1,2
S181,Data Structures,2,1,28.0,1,81.2,81.2,2,2
S181,Data Structures,2,0,36.0,3,82.4,100.0,3,1
S181,Loops,1,1,29.0,1,77.8,66.7,0,2
S181,Variables,2,1,42.4,1,78.9,75.0,1,2
S181,Loops,2,1,36.2,1,80.0,75.0,2,2
S181,OOP,0,1,8.3,1,81.0,100.0,3,2
S181,Variables,2,1,35.2,1,81.8,80.0,4,2
S181,Variables,2,0,33.7,2,82.6,83.3,5,1
S181,Variables,1,1,12.3,1,79.2,71.4,0,2
S181,Variables,2,0,18.4,2,80.0,75.0,1,1
S181,Functions,1,1,27.9,1,76.9,80.0,0,2
S181,Data Structures,1,1,27.7,1,77.8,50.0,1,2
S181,Data Structures,2,0,45.3,2,78.6,66.7,2,0
S181,Loops,2,0,40.8,2,75.9,80.0,0,1
S181,Variables,1,1,15.1,1,73.3,66.7,0,2
S181,Variables,0,1,9.9,3,74.2,70.0,1,2
S181,OOP,2,0,36.5,2,75.0,100.0,2,1
S181,OOP,1,1,14.2,1,72.7,83.3,0,2
S181,Loops,2,0,57.9,2,73.5,66.7,1,0
S181,Functions,1,1,20.7,1,71.4,83.3,0,2
S181,Loops,2,1,27.4,1,72.2,57.1,1,2
S181,Functions,2,0,47.8,3,73.0,85.7,2,1
S181,Data Structures,1,1,23.3,1,71.1,50.0,0,2
S181,Loops,2,0,45.2,3,71.8,62.5,1,0
S182,Functions,1,1,50.6,1,60.0,60.0,0,2
S182,Functions,2,0,117.6,3,100.0,100.0,1,0
S182,OOP,0,1,18.3,1,50.0,50.0,0,1
S182,Data Structures,1,1,28.9,1,66.7,66.7,1,2
S182,Loops,2,0,83.9,2,75.0,75.0,2,0
S182,Data Structures,0,0,27.8,3,60.0,100.0,0,0
S182,Functions,0,0,32.9,3,50.0,50.0,0,0
S182,OOP,0,1,37.1,1,42.9,100.0,0,2
S182,Functions,2,0,69.7,2,50.0,33.3,1,0
S182,Loops,0,1,27.2,1,44.4,0.0,0,1
S182,Loops,1,1,39.7,1,50.0,50.0,1,2
S182,Variables,2,0,84.1,3,54.5,54.5,2,0
S182,Loops,0,0,15.6,2,50.0,66.7,0,0
S182,OOP,0,1,17.0,1,46.2,100.0,0,2
S182,OOP,2,0,97.8,3,50.0,100.0,1,0
S182,Functions,0,1,25.4,1,46.7,25.0,0,1
S182,Loops,1,0,47.9,2,50.0,50.0,1,0
S182,Functions,0,1,32.8,1,47.1,40.0,0,1
S182,Data Structures,1,0,41.5,3,50.0,50.0,1,0
S182,Functions,2,0,70.8,3,47.4,50.0,0,0
S182,OOP,0,1,29.8,1,45.0,75.0,0,2
S182,Data Structures,2,0,58.4,2,47.6,33.3,1,0
S182,Variables,2,0,92.8,2,45.5,0.0,0,0
S182,Loops,2,0,84.3,3,43.5,40.0,0,0
S182,Variables,0,1,22.7,1,41.7,0.0,0,1
S182,Loops,1,0,91.0,3,44.0,33.3,1,0
S182,Data Structures,0,0,40.1,3,42.3,25.0,0,0
S182,OOP,0,1,25.3,1,40.7,80.0,0,2
S182,Data Structures,2,0,70.8,2,42.9,20.0,1,0
S182,Functions,0,1,30.4,1,41.4,42.9,0,1
S182,Data Structures,1,1,25.5,1,43.3,16.7,1,1
S182,Variables,1,0,66.5,2,45.2,33.3,2,0
S182,OOP,0,1,20.5,1,43.8,83.3,0,2
S182,Loops,2,0,72.0,2,45.5,28.6,1,0
S182,OOP,0,1,21.6,1,44.1,85.7,0,2
S182,OOP,1,1,23.3,3,45.7,87.5,1,2
S182,Variables,2,0,73.2,3,47.2,25.0,2,0
S182,Loops,0,0,33.2,3,45.9,25.0,0,0
S182,Data Structures,0,1,20.4,1,44.7,28.6,0,1
S182,Loops,1,0,48.3,3,46.2,22.2,1,0
S183,Functions,1,1,20.7,1,60.0,60.0,0,2
S183,Data Structures,2,1,41.6,1,100.0,100.0,1,2
S183,Functions,2,1,59.3,1,100.0,100.0,2,2
S183,Functions,2,0,28.7,3,100.0,100.0,3,1
S183,OOP,1,1,28.7,1,75.0,75.0,0,2
S183,Variables,0,1,8.7,1,80.0,80.0,1,2
S183,Variables,2,0,78.3,3,83.3,100.0,2,1
S183,Functions,1,1,20.4,1,71.4,66.7,0,2
S183,Data Structures,2,0,61.0,3,75.0,100.0,1,1
S183,OOP,1,1,24.0,1,66.7,100.0,0,2
S183,Data Structures,0,1,13.3,3,70.0,50.0,1,1
S183,OOP,1,1,15.3,1,72.7,100.0,2,2
S183,Variables,2,1,26.3,1,75.0,50.0,3,2
S183,OOP,2,0,46.6,2,76.9,100.0,4,1
S183,Loops,1,1,23.8,1,71.4,71.4,0,2
S183,Loops,2,1,54.3,1,73.3,100.0,1,2
S183,Variables,2,1,32.9,1,75.0,66.7,2,2
S183,Functions,2,1,29.5,1,76.5,75.0,3,2
S183,Loops,2,0,48.5,1,77.8,100.0,4,1
S183,OOP,1,1,40.8,1,73.7,75.0,0,2
S183,Variables,2,1,58.8,1,75.0,75.0,1,2
S183,Functions,2,1,39.9,1,76.2,80.0,2,2
S183,OOP,2,1,43.1,1,77.3,80.0,3,2
S183,Variables,2,1,37.9,1,78.3,80.0,4,2
S183,Loops,2,0,45.0,3,79.2,66.7,5,0
S183,Functions,2,0,67.3,2,76.0,83.3,0,0
S183,Data Structures,0,1,24.3,1,73.1,66.7,0,2
S183,Variables,1,1,15.4,1,74.1,83.3,1,2
S183,Variables,2,1,40.6,1,75.0,85.7,2,1
S183,Data Structures,0,1,18.0,1,75.9,75.0,3,2
S183,Loops,0,1,7.6,1,76.7,50.0,4,2
S183,OOP,2,0,77.2,2,77.4,83.3,5,0
S183,Loops,0,1,10.2,1,75.0,60.0,0,2
S183,OOP,2,0,45.0,2,75.8,71.4,1,0
S183,OOP,0,1,17.0,1,73.5,62.5,0,2
S183,OOP,2,1,51.2,1,74.3,66.7,1,2
S183,Data Structures,2,0,55.8,3,75.0,80.0,2,1
S183,Data Structures,1,1,28.2,1,73.0,66.7,0,2
S183,Loops,2,0,47.6,3,73.7,66.7,1,0
S183,Functions,0,1,8.6,1,71.8,71.4,0,2
S184,Functions,1,1,28.6,1,60.0,60.0,0,2
S184,Loops,2,0,58.4,3,100.0,100.0,1,1
S184,Variables,0,1,15.7,1,50.0,50.0,0,1
S184,Data Structures,1,0,30.0,3,66.7,66.7,1,1
S184,Variables,1,0,67.2,1,50.0,100.0,0,1
S184,Loops,1,0,44.6,2,40.0,0.0,0,0
S184,Variables,0,1,22.9,1,33.3,50.0,0,1
S184,Functions,1,1,37.0,1,42.9,100.0,1,2
S184,Loops,2,1,41.9,1,50.0,0.0,2,1
S184,Data Structures,1,0,47.8,2,55.6,0.0,3,0
S184,Data Structures,0,1,14.2,1,50.0,0.0,0,1
S184,OOP,0,1,18.0,1,54.5,54.5,1,2
S184,Functions,0,0,22.7,2,58.3,100.0,2,1
S184,Data Structures,0,1,19.3,1,53.8,33.3,0,1
S184,Loops,1,1,27.7,1,57.1,33.3,1,1
S184,Data Structures,1,1,42.9,1,60.0,50.0,2,2
S184,Functions,2,0,76.0,2,62.5,66.7,3,0
S184,Data Structures,0,1,21.0,1,58.8,60.0,0,2
S184,Data Structures,2,0,80.3,3,61.1,66.7,1,0
S184,Data Structures,0,1,20.8,1,57.9,57.1,0,2
S184,Functions,2,1,36.0,3,60.0,50.0,1,2
S184,Variables,2,0,77.0,3,61.9,66.7,2,0
S184,Loops,0,1,12.5,1,59.1,50.0,0,2
S184,Functions,2,0,107.9,3,60.9,60.0,1,0
S184,Data Structures,0,1,23.2,1,58.3,62.5,0,2
S184,OOP,2,0,80.6,3,60.0,100.0,1,0
S184,Variables,0,0,23.8,2,57.7,50.0,0,0
S184,Functions,0,1,10.5,3,55.6,50.0,0,1
S184,OOP,1,1,26.2,1,57.1,50.0,1,2
S184,OOP,2,0,43.3,2,58.6,66.7,2,0
S184,Data Structures,0,1,22.6,1,56.7,66.7,0,2
S184,OOP,2,0,112.9,2,58.1,50.0,1,0
S184,Variables,0,1,20.6,1,56.2,40.0,0,1
S184,Data Structures,1,0,84.6,3,57.6,70.0,1,0
S184,OOP,2,0,52.8,3,55.9,40.0,0,0
S184,Variables,0,0,16.5,3,54.3,50.0,0,0
S184,Functions,0,1,19.4,1,52.8,57.1,0,2
S184,Data Structures,1,0,54.7,2,54.1,63.6,1,0
S184,Functions,0,1,20.5,1,52.6,62.5,0,2
S184,Functions,1,1,23.0,1,53.8,66.7,1,2
S185,OOP,1,0,55.9,2,60.0,60.0,0,0
S185,OOP,0,0,37.7,3,0.0,0.0,0,0
S185,Functions,0,1,17.8,1,0.0,0.0,0,1
S185,OOP,1,0,75.7,3,33.3,0.0,1,0
S185,Variables,2,0,79.5,3,25.0,25.0,0,1
S185,OOP,1,0,74.6,2,20.0,0.0,0,0
S185,OOP,0,0,31.6,2,16.7,0.0,0,0
S185,Loops,0,1,14.0,1,14.3,14.3,0,1
S185,Loops,1,0,59.9,2,25.0,100.0,1,0
S185,Variables,0,1,16.4,1,22.2,0.0,0,1
S185,OOP,1,0,61.2,2,30.0,0.0,1,0
S185,Loops,0,0,37.4,1,27.3,50.0,0,0
S185,Functions,0,1,22.5,1,25.0,100.0,0,2
S185,Variables,2,0,73.5,2,30.8,50.0,1,0
S185,OOP,0,1,16.8,1,28.6,0.0,0,1
S185,Functions,1,0,44.7,3,33.3,100.0,1,0
S185,Loops,0,0,30.9,1,31.2,33.3,0,0
S185,OOP,0,1,27.0,2,29.4,14.3,0,1
S185,Functions,2,0,124.1,3,33.3,66.7,1,0
S185,OOP,0,1,37.8,1,31.6,25.0,0,1
S185,Data Structures,1,0,46.9,2,35.0,35.0,1,0
S185,Data Structures,0,0,19.7,3,33.3,0.0,0,0
S185,Variables,0,0,26.0,2,31.8,33.3,0,0
S185,Loops,0,0,38.1,2,30.4,25.0,0,0
S185,OOP,0,1,15.5,1,29.2,33.3,0,1
S185,Data Structures,1,0,103.3,3,32.0,0.0,1,0
S185,Loops,0,1,30.6,1,30.8,20.0,0,1
S185,OOP,1,1,38.2,2,33.3,40.0,1,1
S185,Functions,2,1,67.3,1,35.7,50.0,2,2
S185,Functions,2,0,99.2,3,37.9,60.0,3,0
S185,OOP,0,1,17.6,1,36.7,45.5,0,1
S185,Data Structures,1,0,56.2,3,38.7,0.0,1,0
S185,Data Structures,0,0,62.8,2,37.5,0.0,0,0
S185,Variables,0,1,20.4,1,36.4,25.0,0,1
S185,Data Structures,0,0,21.9,1,38.2,0.0,1,0
S185,Data Structures,2,0,81.1,1,37.1,0.0,0,0
S185,OOP,0,1,20.8,1,36.1,50.0,0,1
S185,Data Structures,1,1,37.0,1,37.8,0.0,1,1
S185,Data Structures,1,0,52.8,2,39.5,12.5,2,0
S185,Loops,2,0,117.7,3,38.5,33.3,0,0
S186,Data Structures,1,1,21.2,1,60.0,60.0,0,2
S186,Loops,2,0,74.3,2,100.0,100.0,1,1
S186,Data Structures,1,1,17.4,1,50.0,100.0,0,2
S186,OOP,2,0,80.7,2,66.7,66.7,1,0
S186,Data Structures,0,1,12.7,1,50.0,100.0,0,2
S186,Variables,2,1,19.7,1,60.0,60.0,1,2
S186,Loops,2,1,49.0,1,66.7,0.0,2,1
S186,OOP,0,1,21.0,1,71.4,0.0,3,1
S186,Loops,2,1,34.7,1,75.0,50.0,4,2
S186,OOP,2,0,70.1,2,77.8,50.0,5,0
S186,Loops,0,1,16.8,1,70.0,66.7,0,2
S186,Variables,2,1,73.5,1,72.7,100.0,1,2
S186,Functions,2,1,42.0,1,75.0,75.0,2,2
S186,Functions,2,0,84.1,3,76.9,100.0,3,1
S186,Functions,0,1,16.3,1,71.4,50.0,0,2
S186,Data Structures,2,0,56.0,2,73.3,100.0,1,1
S186,OOP,0,0,22.9,2,68.8,33.3,0,0
S186,Loops,0,1,14.6,1,64.7,75.0,0,2
S186,Data Structures,2,0,52.2,3,66.7,75.0,1,0
S186,OOP,0,1,33.8,1,63.2,25.0,0,2
S186,Variables,2,1,34.7,1,65.0,100.0,1,2
S186,Data Structures,2,1,26.7,1,66.7,60.0,2,2
S186,Variables,2,0,54.6,3,68.2,100.0,3,1
S186,Loops,1,1,30.2,1,65.2,80.0,0,1
S186,Variables,2,1,35.2,1,66.7,75.0,1,2
S186,Data Structures,2,1,38.1,1,68.0,66.7,2,2
S186,Loops,2,0,67.6,2,69.2,83.3,3,0
S186,OOP,0,1,31.6,1,66.7,40.0,0,1
S186,Functions,1,0,60.6,2,67.9,66.7,1,0
S186,Loops,0,1,12.4,1,65.5,71.4,0,2
S186,Data Structures,1,1,14.8,1,66.7,71.4,1,2
S186,Data Structures,1,1,14.9,1,67.7,75.0,2,2
S186,Functions,2,0,53.9,2,68.8,50.0,3,0
S186,Data Structures,0,1,6.9,1,66.7,77.8,0,2
S186,Loops,2,1,44.3,1,67.6,75.0,1,2
S186,Data Structures,2,1,28.3,1,68.6,80.0,2,2
S186,OOP,2,0,72.1,3,69.4,50.0,3,0
S186,Functions,0,0,26.6,2,67.6,40.0,0,0
S186,Variables,0,1,14.3,1,65.8,80.0,0,2
S186,Loops,2,1,37.6,1,66.7,77.8,1,2
S187,Variables,1,1,27.1,1,60.0,60.0,0,2
S187,Variables,2,0,121.3,2,100.0,100.0,1,1
S187,Loops,1,1,22.5,1,50.0,50.0,0,2
S187,Loops,2,1,43.7,1,66.7,100.0,1,2
S187,Data Structures,0,1,20.1,1,75.0,75.0,2,2
S187,Functions,1,1,18.6,1,80.0,80.0,3,2
S187,OOP,2,0,46.4,2,83.3,83.3,4,1
S187,Data Structures,1,0,23.9,2,71.4,100.0,0,2
S187,OOP,2,1,31.5,1,62.5,0.0,0,1
S187,Functions,1,1,24.9,1,66.7,100.0,1,2
S187,Loops,2,1,59.1,1,70.0,100.0,2,2
S187,Loops,2,0,44.1,2,72.7,100.0,3,1
S187,Variables,1,1,49.4,1,66.7,50.0,0,2
S187,Functions,0,1,13.5,1,69.2,100.0,1,2
S187,OOP,2,1,51.1,1,71.4,50.0,2,2
S187,Loops,2,0,82.8,3,73.3,75.0,3,0
S187,Variables,1,1,30.8,1,68.8,66.7,0,2
S187,Data Structures,2,0,54.2,2,70.6,50.0,1,0
S187,Functions,0,1,8.2,1,66.7,100.0,0,2
S187,Loops,0,1,11.3,1,68.4,60.0,1,2
S187,Functions,2,1,48.2,1,70.0,100.0,2,2
S187,Variables,2,0,55.6,2,71.4,75.0,3,0
S187,OOP,0,1,13.3,1,68.2,66.7,0,2
S187,OOP,2,1,52.4,1,69.6,75.0,1,2
S187,Functions,2,1,32.6,1,70.8,100.0,2,2
S187,Loops,2,0,42.6,2,72.0,66.7,3,0
S187,Variables,0,1,14.6,1,69.2,60.0,0,2
S187,Functions,2,1,28.4,1,70.4,100.0,1,2
S187,Functions,2,1,27.7,1,71.4,100.0,2,2
S187,Loops,0,1,9.0,1,72.4,57.1,3,2
S187,Loops,1,1,24.4,1,73.3,62.5,4,2
S187,Loops,2,1,44.6,1,74.2,66.7,5,2
S187,Functions,2,1,24.0,1,75.0,100.0,6,2
S187,Variables,1,0,61.0,2,75.8,66.7,7,0
S187,Loops,0,1,9.7,1,73.5,70.0,0,2
S187,Variables,2,0,56.3,2,74.3,57.1,1,0
S187,Variables,0,1,22.0,1,72.2,50.0,0,2
S187,Data Structures,1,1,43.3,1,73.0,33.3,1,1
S187,Loops,1,1,15.6,2,73.7,72.7,2,2
S187,Variables,2,0,51.5,3,74.4,55.6,3,0
S188,Loops,1,0,25.5,3,60.0,60.0,0,0
S188,Variables,0,1,24.3,1,0.0,0.0,0,1
S188,Data Structures,1,0,55.4,3,50.0,50.0,1,0
S188,Variables,2,0,70.3,2,33.3,100.0,0,0
S188,OOP,0,1,22.5,1,25.0,25.0,0,1
S188,Loops,1,0,48.2,2,40.0,0.0,1,0
S188,OOP,0,1,20.3,1,33.3,100.0,0,2
S188,OOP,2,0,55.1,3,42.9,100.0,1,0
S188,OOP,0,1,18.3,1,37.5,66.7,0,2
S188,OOP,2,0,45.8,2,44.4,75.0,1,0
S188,Functions,0,1,30.4,1,40.0,40.0,0,0
S188,Loops,0,0,40.7,2,45.5,0.0,1,0
S188,Functions,0,1,12.4,1,41.7,100.0,0,2
S188,OOP,2,0,85.7,3,46.2,60.0,1,0
S188,Functions,2,0,49.0,1,42.9,100.0,0,1
S188,Data Structures,1,0,32.2,2,40.0,0.0,0,1
S188,Functions,1,0,25.3,3,37.5,66.7,0,0
S188,Variables,0,1,11.6,1,35.3,50.0,0,1
S188,OOP,0,1,35.5,1,38.9,50.0,1,0
S188,Variables,0,1,16.3,1,42.1,66.7,2,2
S188,Data Structures,1,1,30.6,1,45.0,0.0,3,1
S188,Variables,1,1,23.2,1,47.6,75.0,4,2
S188,Variables,2,1,43.8,1,50.0,80.0,5,2
S188,Functions,2,0,86.4,3,52.2,50.0,6,0
S188,Data Structures,0,1,21.0,1,50.0,33.3,0,1
S188,Functions,1,1,35.7,1,52.0,40.0,1,1
S188,Functions,1,1,21.3,1,53.8,50.0,2,2
S188,Variables,2,0,33.6,2,55.6,83.3,3,1
S188,Functions,1,0,50.5,2,53.6,57.1,0,0
S188,Variables,0,1,15.0,1,51.7,71.4,0,2
S188,Loops,2,0,66.8,3,53.3,0.0,1,0
S188,Functions,0,1,23.8,1,51.6,50.0,0,1
S188,Functions,1,1,28.7,1,53.1,55.6,1,2
S188,Loops,2,1,47.6,1,54.5,0.0,2,1
S188,Functions,0,1,11.9,1,55.9,60.0,3,2
S188,Loops,2,0,132.4,2,57.1,20.0,4,0
S188,Loops,1,0,51.8,1,55.6,16.7,0,0
S188,Variables,0,1,13.6,3,54.1,75.0,0,1
S188,Loops,1,0,38.4,3,55.3,14.3,1,0
S188,Functions,0,1,18.3,1,53.8,63.6,0,2
S189,OOP,1,1,9.0,1,60.0,60.0,0,2
S189,Loops,2,0,105.4,3,100.0,100.0,1,0
S189,Data Structures,0,1,13.0,1,50.0,50.0,0,2
S189,Loops,1,0,42.6,2,66.7,0.0,1,0
S189,Loops,0,1,13.8,1,50.0,0.0,0,1
S189,OOP,1,1,7.9,1,60.0,100.0,1,2
S189,Data Structures,2,1,51.8,1,66.7,100.0,2,2
S189,OOP,2,1,36.8,1,71.4,100.0,3,2
S189,Loops,2,0,70.9,3,75.0,33.3,4,0
S189,Functions,0,1,10.5,1,66.7,66.7,0,2
S189,Data Structures,1,1,34.1,1,70.0,100.0,1,2
S189,Loops,0,1,26.2,1,72.7,25.0,2,1
S189,Functions,1,1,16.2,1,75.0,100.0,3,2
S189,Data Structures,2,0,93.2,2,76.9,100.0,4,1
S189,Data Structures,1,1,24.4,1,71.4,75.0,0,2
S189,Variables,2,1,23.2,1,73.3,73.3,1,2
S189,Data Structures,2,0,41.5,3,75.0,80.0,2,0
S189,Functions,1,1,20.8,1,70.6,100.0,0,2
S189,Data Structures,0,1,14.3,1,72.2,66.7,1,2
S189,Variables,2,0,32.5,3,73.7,100.0,2,1
S189,OOP,1,1,15.1,1,70.0,100.0,0,2
S189,OOP,2,1,35.5,1,71.4,100.0,1,2
S189,Data Structures,2,0,69.7,2,72.7,71.4,2,0
S189,Functions,0,1,21.0,1,69.6,100.0,0,2
S189,Variables,2,1,37.7,1,70.8,50.0,1,2
S189,Variables,2,1,43.8,1,72.0,66.7,2,2
S189,Functions,2,1,46.6,2,73.1,100.0,3,2
S189,Functions,2,1,58.5,1,74.1,100.0,4,2
S189,Functions,2,0,73.7,3,75.0,100.0,5,1
S189,Variables,1,1,20.5,1,72.4,75.0,0,2
S189,Variables,2,0,49.4,2,73.3,80.0,1,1
S189,OOP,1,1,29.8,1,71.0,100.0,0,2
S189,Data Structures,0,1,25.1,2,71.9,62.5,1,1
S189,Loops,1,1,43.7,1,72.7,40.0,2,2
S189,Variables,1,1,16.2,1,73.5,66.7,3,2
S189,Data Structures,0,1,28.1,1,74.3,66.7,4,2
S189,Data Structures,2,0,46.6,2,75.0,70.0,5,1
S189,Variables,1,1,29.0,1,73.0,71.4,0,2
S189,Variables,2,1,25.3,1,73.7,75.0,1,2
S189,Variables,2,1,48.1,1,74.4,77.8,2,2
S190,Functions,1,0,42.5,2,60.0,60.0,0,0
S190,Functions,0,1,12.7,3,0.0,0.0,0,1
S190,Functions,1,1,46.6,1,50.0,50.0,1,1
S190,Loops,1,1,33.8,1,66.7,66.7,2,2
S190,OOP,2,1,48.5,1,75.0,75.0,3,2
S190,Loops,2,1,48.9,1,80.0,100.0,4,2
S190,Variables,2,0,47.6,2,83.3,83.3,5,1
S190,OOP,1,1,20.2,1,71.4,100.0,0,2
S190,Variables,2,1,36.3,1,75.0,0.0,1,1
S190,Functions,1,1,30.3,1,77.8,66.7,2,2
S190,Variables,2,0,52.1,2,80.0,50.0,3,0
S190,OOP,2,0,49.3,3,72.7,100.0,0,1
S190,Functions,1,1,27.3,1,66.7,75.0,0,2
S190,Variables,2,0,47.3,2,69.2,33.3,1,0
S190,OOP,1,1,33.6,1,64.3,66.7,0,2
S190,Data Structures,2,1,49.4,1,66.7,66.7,1,2
S190,Variables,2,0,35.4,3,68.8,25.0,2,0
S190,Functions,2,1,22.3,1,64.7,80.0,0,2
S190,OOP,2,0,32.7,3,66.7,75.0,1,0
S190,Loops,1,1,19.8,1,63.2,100.0,0,2
S190,Loops,2,0,39.5,2,65.0,100.0,1,1
S190,Loops,2,0,40.4,2,61.9,75.0,0,0
S190,Variables,0,1,15.8,1,59.1,20.0,0,1
S190,Data Structures,1,1,16.7,1,60.9,100.0,1,2
S190,Loops,0,1,14.5,1,62.5,60.0,2,2
S190,Data Structures,1,1,12.0,1,64.0,100.0,3,2
S190,OOP,2,0,67.4,3,65.4,60.0,4,0
S190,Variables,1,1,23.7,1,63.0,33.3,0,2
S190,Variables,2,0,48.7,2,64.3,42.9,1,0
S190,Data Structures,0,1,11.4,1,62.1,100.0,0,2
S190,Loops,0,1,16.9,1,63.3,66.7,1,2
S190,Variables,2,0,48.5,3,64.5,37.5,2,0
S190,Data Structures,0,1,8.9,1,62.5,100.0,0,2
S190,OOP,2,1,54.2,1,63.6,50.0,1,2
S190,Functions,2,1,67.9,1,64.7,83.3,2,2
S190,Data Structures,0,1,11.2,1,65.7,100.0,3,2
S190,Functions,2,1,34.3,1,66.7,85.7,4,2
S190,Data Structures,2,1,27.6,1,67.6,100.0,5,2
S190,OOP,0,1,17.3,1,68.4,57.1,6,2
S190,Functions,2,0,46.4,3,69.2,87.5,7,1
S191,Functions,1,1,28.7,1,60.0,60.0,0,2
S191,Variables,2,0,145.5,3,100.0,100.0,1,0
S191,Variables,0,1,19.2,1,50.0,0.0,0,1
S191,OOP,1,1,43.8,1,66.7,66.7,1,2
S191,Functions,1,1,35.5,1,75.0,100.0,2,2
S191,Data Structures,2,0,51.3,2,80.0,80.0,3,1
S191,Functions,1,0,53.0,2,66.7,100.0,0,1
S191,Functions,1,0,79.9,2,57.1,66.7,0,0
S191,Functions,0,1,15.9,1,50.0,50.0,0,1
S191,Loops,2,0,67.8,2,55.6,55.6,1,1
S191,Functions,1,0,66.0,3,50.0,60.0,0,0
S191,Variables,0,1,22.6,1,45.5,50.0,0,1
S191,OOP,1,1,53.5,1,50.0,100.0,1,2
S191,Functions,2,0,43.2,2,53.8,50.0,2,0
S191,OOP,1,0,42.5,3,50.0,100.0,0,0
S191,Loops,0,1,22.0,1,46.7,0.0,0,1
S191,OOP,1,0,53.0,1,50.0,66.7,1,0
S191,Data Structures,0,1,25.5,1,47.1,0.0,0,1
S191,Data Structures,1,1,42.2,1,50.0,50.0,1,2
S191,OOP,2,0,90.4,3,52.6,50.0,2,0
S191,OOP,0,1,16.3,1,50.0,40.0,0,1
S191,OOP,1,0,41.4,2,52.4,50.0,1,0
S191,Loops,2,0,84.2,3,50.0,50.0,0,0
S191,OOP,0,1,26.1,2,47.8,42.9,0,1
S191,Data Structures,2,0,57.9,2,50.0,66.7,1,0
S191,Loops,0,1,18.4,1,48.0,33.3,0,1
S191,Data Structures,1,0,62.6,2,50.0,50.0,1,0
S191,Functions,0,1,22.9,1,48.1,42.9,0,1
S191,Data Structures,1,0,66.1,2,50.0,40.0,1,0
S191,Data Structures,0,0,30.4,2,48.3,33.3,0,0
S191,Loops,1,0,41.4,3,46.7,50.0,0,0
S191,Loops,0,1,15.3,1,45.2,40.0,0,1
S191,OOP,1,1,30.7,1,46.9,50.0,1,2
S191,Data Structures,0,1,20.3,1,48.5,28.6,2,1
S191,Functions,1,1,41.4,1,50.0,50.0,3,2
S191,OOP,2,0,70.6,3,51.4,55.6,4,0
S191,Variables,0,0,20.3,3,50.0,66.7,0,0
S191,OOP,0,1,12.9,1,48.6,50.0,0,2
S191,Data Structures,2,0,52.7,3,50.0,37.5,1,0
S191,Variables,0,1,26.0,1,48.7,50.0,0,1
S192,Data Structures,1,0,58.2,3,60.0,60.0,0,0
S192,Variables,1,0,65.8,3,0.0,0.0,0,0
S192,Functions,0,1,19.4,1,0.0,0.0,0,1
S192,Loops,1,0,43.4,2,33.3,33.3,1,0
S192,Data Structures,0,1,26.6,1,25.0,0.0,0,1
S192,OOP,1,0,43.4,3,40.0,40.0,1,0
S192,Variables,0,0,33.2,3,33.3,0.0,0,0
S192,OOP,0,1,10.6,1,28.6,0.0,0,1
S192,OOP,1,0,34.8,2,37.5,50.0,1,0
S192,Variables,1,0,51.9,3,33.3,0.0,0,0
S192,Data Structures,0,1,20.6,1,30.0,50.0,0,1
S192,OOP,1,0,28.2,2,36.4,33.3,1,0
S192,OOP,0,0,25.3,2,33.3,25.0,0,0
S192,OOP,0,1,27.5,1,30.8,20.0,0,1
S192,Functions,1,0,49.1,3,35.7,100.0,1,0
S192,Data Structures,0,1,22.6,1,33.3,66.7,0,1
S192,OOP,1,1,37.1,1,37.5,33.3,1,1
S192,Functions,1,0,41.1,2,41.2,50.0,2,0
S192,OOP,0,1,20.8,1,38.9,42.9,0,1
S192,OOP,1,0,35.3,3,42.1,50.0,1,0
S192,Variables,0,1,22.7,1,40.0,0.0,0,1
S192,OOP,1,1,59.5,1,42.9,44.4,1,1
S192,Variables,1,0,67.8,3,45.5,25.0,2,0
S192,Variables,2,0,75.1,3,43.5,20.0,0,0
S192,Data Structures,0,1,17.6,2,41.7,75.0,0,1
S192,Loops,1,0,32.0,1,44.0,0.0,1,0
S192,Loops,2,1,53.6,1,42.3,0.0,0,1
S192,Loops,1,1,44.6,1,44.4,33.3,1,1
S192,Functions,1,0,46.6,2,46.4,33.3,2,0
S192,OOP,0,0,19.0,3,44.8,50.0,0,0
S192,Variables,0,1,22.4,1,43.3,16.7,0,1
S192,OOP,1,0,48.3,2,45.2,45.5,1,0
S192,Data Structures,0,1,15.8,1,43.8,80.0,0,2
S192,Variables,2,0,116.7,3,45.5,28.6,1,0
S192,Data Structures,0,1,28.5,1,44.1,83.3,0,2
S192,Data Structures,1,1,51.5,1,45.7,85.7,1,2
S192,OOP,2,0,54.7,3,47.2,41.7,2,0
S192,Functions,0,1,25.4,1,45.9,25.0,0,1
S192,Variables,1,0,57.6,2,47.4,25.0,1,0
S192,Loops,0,1,21.1,1,46.2,50.0,0,1
S193,Data Structures,1,0,71.8,3,60.0,60.0,0,1
S193,Functions,1,1,51.5,1,0.0,0.0,0,1
S193,Functions,1,1,28.5,1,50.0,100.0,1,2
S193,Variables,1,0,50.3,2,66.7,66.7,2,0
S193,Loops,0,1,10.8,1,50.0,50.0,0,2
S193,OOP,1,0,45.0,2,60.0,60.0,1,0
S193,Data Structures,0,0,42.0,3,50.0,0.0,0,0
S193,OOP,0,0,25.1,2,42.9,0.0,0,0
S193,OOP,1,0,113.3,1,37.5,0.0,0,0
S193,Variables,0,1,26.8,1,33.3,0.0,0,1
S193,Functions,1,0,41.4,3,40.0,100.0,1,0
S193,Functions,2,0,101.4,2,36.4,66.7,0,0
S193,Functions,0,1,15.6,1,33.3,50.0,0,1
S193,Loops,1,1,28.1,2,38.5,100.0,1,2
S193,Functions,2,0,113.0,2,42.9,60.0,2,0
S193,Variables,0,0,32.4,3,40.0,50.0,0,0
S193,Loops,0,1,12.0,1,37.5,100.0,0,1
S193,Functions,1,1,20.7,1,41.2,50.0,1,2
S193,Data Structures,0,0,39.6,2,44.4,0.0,2,0
S193,Variables,0,0,22.3,2,42.1,33.3,0,0
S193,Variables,0,1,21.8,1,40.0,25.0,0,1
S193,Data Structures,1,0,83.5,3,42.9,0.0,1,0
S193,Loops,1,1,42.2,1,40.9,100.0,0,2
S193,Functions,2,0,108.8,1,43.5,57.1,1,0
S193,Data Structures,0,0,54.5,3,41.7,0.0,0,0
S193,Functions,0,1,22.1,1,40.0,50.0,0,1
S193,Functions,1,1,40.5,1,42.3,55.6,1,2
S193,Loops,2,0,63.0,3,44.4,100.0,2,0
S193,Functions,2,0,97.5,3,42.9,60.0,0,0
S193,Loops,0,1,22.2,1,41.4,80.0,0,2
S193,Data Structures,2,0,92.1,2,43.3,0.0,1,0
S193,Data Structures,0,0,18.9,3,41.9,0.0,0,0
S193,Loops,0,0,32.4,2,40.6,83.3,0,0
S193,OOP,0,0,23.4,3,39.4,0.0,0,0
S193,Variables,2,0,133.0,2,38.2,40.0,0,0
S193,OOP,0,0,38.8,3,37.1,0.0,0,0
S193,Loops,0,1,23.9,2,36.1,71.4,0,1
S193,OOP,1,0,69.4,1,37.8,0.0,1,0
S193,Loops,0,1,26.4,1,36.8,75.0,0,2
S193,Variables,2,0,104.3,2,38.5,33.3,1,0
S194,OOP,1,0,67.3,3,60.0,60.0,0,0
S194,OOP,0,0,35.8,1,0.0,0.0,0,0
S194,Variables,0,1,21.2,1,0.0,0.0,0,1
S194,Variables,1,0,31.2,2,33.3,100.0,1,1
S194,OOP,1,0,72.1,2,25.0,0.0,0,0
S194,Functions,0,1,25.1,1,20.0,20.0,0,1
S194,OOP,2,0,93.7,3,33.3,0.0,1,0
S194,Loops,0,0,49.8,3,28.6,28.6,0,0
S194,Loops,0,0,44.9,3,25.0,0.0,0,0
S194,Loops,0,0,45.1,2,22.2,0.0,0,0
S194,Functions,0,0,47.0,3,20.0,100.0,0,0
S194,Functions,0,0,24.3,3,18.2,50.0,0,0
S194,Functions,0,0,46.3,3,16.7,33.3,0,0
S194,Variables,1,1,61.4,1,15.4,50.0,0,1
S194,OOP,1,0,61.9,2,21.4,0.0,1,0
S194,OOP,2,0,77.4,3,20.0,0.0,0,0
S194,Functions,1,0,72.6,2,18.8,25.0,0,0
S194,Variables,0,1,37.9,2,17.6,66.7,0,1
S194,Loops,1,0,68.8,3,22.2,0.0,1,0
S194,Loops,0,0,62.3,3,21.1,0.0,0,1
S194,Functions,1,0,114.8,3,20.0,20.0,0,0
S194,Loops,0,0,39.9,3,19.0,0.0,0,0
S194,Loops,0,0,28.9,1,18.2,0.0,0,0
S194,Variables,0,1,26.4,2,17.4,75.0,0,1
S194,Variables,1,0,76.0,3,20.8,80.0,1,0
S194,Variables,0,0,40.3,2,20.0,66.7,0,0
S194,OOP,0,0,38.6,2,19.2,0.0,0,0
S194,Data Structures,2,0,100.2,2,18.5,18.5,0,0
S194,Functions,0,0,23.7,2,17.9,16.7,0,0
S194,Loops,0,0,40.2,2,17.2,0.0,0,0
S194,Loops,1,0,111.4,3,16.7,0.0,0,1
S194,OOP,1,0,67.2,2,16.1,0.0,0,0
S194,Variables,0,0,62.9,3,15.6,57.1,0,0
S194,Data Structures,0,0,22.8,2,15.2,0.0,0,0
S194,Loops,0,0,30.3,3,14.7,0.0,0,0
S194,Data Structures,0,0,36.8,3,14.3,0.0,0,0
S194,Loops,0,0,51.1,3,13.9,0.0,0,0
S194,OOP,0,0,67.1,2,13.5,0.0,0,0
S194,Variables,2,0,107.0,3,13.2,50.0,0,0
S194,Data Structures,0,0,44.8,3,12.8,0.0,0,0
S195,OOP,1,0,44.9,3,60.0,60.0,0,0
S195,Loops,0,0,41.2,3,0.0,0.0,0,0
S195,Variables,0,1,18.5,1,0.0,0.0,0,1
S195,Functions,1,0,48.1,2,33.3,33.3,1,0
S195,Data Structures,0,0,37.5,2,25.0,25.0,0,0
S195,Data Structures,0,0,33.9,2,20.0,0.0,0,0
S195,Functions,0,0,19.1,3,16.7,0.0,0,0
S195,Data Structures,0,0,38.7,3,14.3,0.0,0,0
S195,Variables,2,0,54.8,2,12.5,100.0,0,0
S195,Data Structures,0,0,30.6,2,11.1,0.0,0,0
S195,OOP,0,0,62.8,2,10.0,0.0,0,0
S195,Variables,2,0,66.1,3,9.1,50.0,0,1
S195,Variables,1,0,61.6,3,8.3,33.3,0,0
S195,Functions,0,0,30.5,2,7.7,0.0,0,0
S195,Loops,0,1,20.7,1,7.1,0.0,0,1
S195,Loops,1,0,62.2,3,13.3,50.0,1,0
S195,Functions,0,1,18.4,1,12.5,0.0,0,1
S195,Loops,1,0,41.7,2,17.6,33.3,1,0
S195,Loops,2,0,149.9,2,16.7,25.0,0,0
S195,Data Structures,0,0,43.5,2,15.8,0.0,0,0
S195,Functions,0,1,17.3,1,15.0,25.0,0,1
S195,Variables,1,0,40.0,2,19.0,25.0,1,0
S195,Functions,0,0,37.0,2,18.2,40.0,0,1
S195,Loops,1,0,69.5,2,17.4,20.0,0,0
S195,Functions,0,0,30.1,2,16.7,33.3,0,0
S195,Data Structures,0,1,26.3,1,16.0,0.0,0,1
S195,Data Structures,1,0,73.6,2,19.2,16.7,1,0
S195,Loops,1,0,68.5,2,18.5,16.7,0,0
S195,Loops,0,1,18.9,1,17.9,14.3,0,1
S195,Variables,1,0,68.9,1,20.7,20.0,1,0
S195,OOP,0,0,29.8,3,20.0,0.0,0,0
S195,OOP,0,0,55.0,2,19.4,0.0,0,0
S195,Loops,0,0,53.2,3,18.8,25.0,0,0
S195,Data Structures,0,0,33.0,2,18.2,14.3,0,0
S195,Variables,2,0,78.0,3,17.6,16.7,0,0
S195,Data Structures,0,0,50.6,2,17.1,12.5,0,0
S195,OOP,0,0,25.5,2,16.7,0.0,0,0
S195,Functions,0,0,26.9,3,16.2,28.6,0,0
S195,Loops,2,0,97.5,2,15.8,22.2,0,0
S195,Variables,0,1,40.6,1,15.4,14.3,0,1
S196,Data Structures,1,1,17.5,1,60.0,60.0,0,2
S196,Data Structures,2,1,25.4,1,100.0,100.0,1,2
S196,OOP,2,0,73.9,3,100.0,100.0,2,1
S196,Functions,1,1,20.8,1,66.7,66.7,0,2
S196,Data Structures,2,1,17.7,1,75.0,100.0,1,2
S196,Data Structures,2,0,43.7,3,80.0,100.0,2,1
S196,Functions,1,1,37.7,1,66.7,100.0,0,2
S196,Variables,0,1,13.4,1,71.4,71.4,1,2
S196,Variables,2,1,43.3,1,75.0,100.0,2,2
S196,OOP,2,0,51.8,2,77.8,0.0,3,0
S196,Data Structures,2,1,30.1,1,70.0,75.0,0,2
S196,Loops,2,1,40.0,1,72.7,72.7,1,2
S196,Loops,0,1,13.3,1,75.0,100.0,2,2
S196,Data Structures,2,1,26.0,1,76.9,80.0,3,2
S196,OOP,2,1,38.8,1,78.6,0.0,4,1
S196,Variables,1,1,34.7,1,80.0,100.0,5,2
S196,Data Structures,2,1,28.9,1,81.2,83.3,6,2
S196,Data Structures,2,1,37.4,1,82.4,85.7,7,2
S196,Functions,2,0,70.8,2,83.3,100.0,8,1
S196,OOP,1,1,24.8,1,78.9,33.3,0,2
S196,Loops,2,1,23.1,1,80.0,100.0,1,2
S196,Functions,2,1,44.7,1,81.0,66.7,2,2
S196,OOP,2,0,63.8,2,81.8,50.0,3,0
S196,Functions,0,1,18.7,1,78.3,75.0,0,2
S196,Loops,2,0,38.1,3,79.2,100.0,1,1
S196,OOP,0,1,21.2,1,76.0,40.0,0,1
S196,Loops,1,1,24.2,1,76.9,75.0,1,2
S196,Data Structures,2,1,31.8,1,77.8,87.5,2,2
S196,Data Structures,2,1,51.7,1,78.6,88.9,3,2
S196,Functions,2,0,62.3,2,79.3,80.0,4,0
S196,Data Structures,0,1,8.9,1,76.7,90.0,0,2
S196,Variables,2,0,48.9,2,77.4,100.0,1,0
S196,OOP,1,1,17.3,1,75.0,50.0,0,2
S196,Data Structures,0,1,9.4,1,75.8,90.9,1,2
S196,Functions,2,0,76.5,3,76.5,66.7,2,0
S196,Data Structures,0,1,13.8,1,74.3,91.7,0,2
S196,Loops,2,1,59.0,1,75.0,80.0,1,2
S196,Data Structures,2,1,35.2,1,75.7,92.3,2,2
S196,Functions,2,1,35.0,1,76.3,57.1,3,2
S196,Data Structures,2,1,15.2,1,76.9,92.9,4,2
S197,OOP,1,0,27.1,2,60.0,60.0,0,0
S197,Data Structures,0,1,10.8,1,0.0,0.0,0,1
S197,Data Structures,1,1,26.2,1,50.0,100.0,1,1
S197,OOP,1,1,29.2,1,66.7,0.0,2,1
S197,Loops,1,1,23.8,1,75.0,75.0,3,2
S197,Data Structures,2,1,43.4,1,80.0,100.0,4,2
S197,Variables,2,0,44.6,1,83.3,83.3,5,1
S197,Variables,1,0,30.6,3,71.4,0.0,0,0
S197,OOP,0,1,18.5,1,62.5,50.0,0,2
S197,Loops,2,1,29.8,1,66.7,100.0,1,2
S197,Functions,2,0,44.8,3,70.0,70.0,2,0
S197,Loops,0,1,9.9,1,63.6,100.0,0,2
S197,OOP,2,1,29.1,2,66.7,66.7,1,2
S197,Data Structures,2,0,136.3,3,69.2,100.0,2,0
S197,Loops,0,1,14.0,1,64.3,100.0,0,2
S197,Variables,2,0,53.6,2,66.7,0.0,1,0
S197,Data Structures,0,1,15.6,1,62.5,75.0,0,2
S197,Loops,2,1,25.9,1,64.7,100.0,1,2
S197,Loops,1,1,14.9,3,66.7,100.0,2,2
S197,Loops,2,1,20.8,1,68.4,100.0,3,2
S197,Functions,2,1,27.6,1,70.0,0.0,4,1
S197,Functions,1,0,54.7,3,71.4,50.0,5,0
S197,Functions,0,0,15.4,3,68.2,33.3,0,0
S197,Loops,0,1,6.5,1,65.2,100.0,0,2
S197,Functions,2,1,35.9,1,66.7,25.0,1,2
S197,OOP,2,1,29.1,1,68.0,75.0,2,2
S197,OOP,2,1,34.6,1,69.2,80.0,3,2
S197,OOP,2,0,36.0,3,70.4,83.3,4,1
S197,Loops,1,1,16.8,2,67.9,100.0,0,2
S197,Loops,2,0,38.7,2,69.0,100.0,1,1
S197,OOP,2,0,64.4,3,66.7,71.4,0,0
S197,Functions,0,1,16.2,1,64.5,40.0,0,1
S197,OOP,1,1,34.9,1,65.6,62.5,1,2
S197,OOP,2,0,28.9,2,66.7,66.7,2,0
S197,Variables,0,1,19.9,1,64.7,0.0,0,1
S197,Functions,1,1,24.2,1,65.7,50.0,1,2
S197,Loops,2,1,22.9,1,66.7,90.0,2,2
S197,Data Structures,2,1,43.2,1,67.6,80.0,3,2
S197,OOP,2,0,88.8,3,68.4,60.0,4,0
S197,Variables,0,1,16.6,1,66.7,25.0,0,1
S198,Variables,1,0,50.5,3,60.0,60.0,0,0
S198,Loops,0,1,17.2,2,0.0,0.0,0,1
S198,Data Structures,1,1,23.7,1,50.0,50.0,1,2
S198,Loops,2,0,72.8,2,66.7,100.0,2,1
S198,OOP,1,1,41.9,1,50.0,50.0,0,2
S198,Data Structures,2,1,39.6,1,60.0,100.0,1,2
S198,Loops,2,0,104.7,3,66.7,50.0,2,0
S198,Variables,2,0,53.4,2,57.1,0.0,0,0
S198,Loops,0,0,26.6,3,50.0,33.3,0,0
S198,Variables,0,1,25.3,1,44.4,0.0,0,1
S198,Functions,1,1,28.2,1,50.0,50.0,1,2
S198,Functions,1,1,30.1,1,54.5,100.0,2,2
S198,Data Structures,2,0,69.6,3,58.3,100.0,3,0
S198,Functions,0,0,31.0,2,53.8,100.0,0,0
S198,Data Structures,0,1,17.5,1,50.0,66.7,0,2
S198,Data Structures,2,0,87.5,2,53.3,75.0,1,0
S198,Variables,0,0,21.1,1,50.0,33.3,0,0
S198,Variables,0,0,36.0,1,47.1,25.0,0,0
S198,Data Structures,0,1,14.3,2,44.4,60.0,0,1
S198,Variables,1,1,33.5,1,47.4,20.0,1,1
S198,Variables,1,0,31.4,2,50.0,33.3,2,0
S198,Functions,0,1,16.0,1,47.6,66.7,0,2
S198,Data Structures,2,1,29.1,1,50.0,66.7,1,2
S198,OOP,2,0,103.3,2,52.2,100.0,2,0
S198,Variables,0,0,47.3,3,50.0,28.6,0,0
S198,Data Structures,0,1,15.6,1,48.0,71.4,0,2
S198,Variables,1,0,69.2,2,50.0,25.0,1,0
S198,Variables,0,0,39.0,3,48.1,22.2,0,0
S198,Functions,0,1,28.7,3,46.4,75.0,0,1
S198,Data Structures,1,0,43.8,2,48.3,75.0,1,0
S198,Functions,0,1,34.6,1,46.7,80.0,0,2
S198,OOP,2,0,57.5,2,48.4,50.0,1,0
S198,OOP,0,0,37.7,2,46.9,33.3,0,0
S198,Variables,0,1,17.3,1,45.5,20.0,0,1
S198,Variables,1,0,54.4,3,47.1,27.3,1,0
S198,Loops,0,1,35.7,1,45.7,25.0,0,1
S198,Functions,1,0,40.1,2,47.2,83.3,1,0
S198,OOP,0,0,31.0,2,45.9,25.0,0,0
S198,Functions,0,1,19.3,1,44.7,71.4,0,2
S198,Variables,0,1,23.2,1,46.2,25.0,1,1
S199,Loops,1,1,21.6,1,60.0,60.0,0,2
S199,Variables,2,1,32.0,1,100.0,100.0,1,2
S199,Data Structures,2,1,42.7,1,100.0,100.0,2,2
S199,OOP,2,0,65.5,3,100.0,100.0,3,1
S199,Loops,1,1,31.1,1,75.0,100.0,0,2
S199,Variables,2,0,47.9,3,80.0,100.0,1,1
S199,Functions,1,1,10.5,1,66.7,66.7,0,2
S199,Functions,2,1,37.9,1,71.4,100.0,1,2
S199,OOP,2,1,26.9,1,75.0,0.0,2,1
S199,Data Structures,1,1,24.8,3,77.8,100.0,3,2
S199,Variables,2,0,49.2,3,80.0,50.0,4,0
S199,Loops,0,1,24.8,3,72.7,100.0,0,2
S199,Variables,2,1,19.2,1,75.0,33.3,1,2
S199,Variables,2,0,37.5,3,76.9,50.0,2,0
S199,OOP,0,1,18.0,1,71.4,50.0,0,2
S199,Data Structures,2,1,36.3,1,73.3,100.0,1,2
S199,Variables,2,1,27.4,1,75.0,40.0,2,2
S199,OOP,2,1,34.0,1,76.5,66.7,3,2
S199,Data Structures,1,1,33.2,1,77.8,100.0,4,2
S199,Variables,2,0,56.9,2,78.9,50.0,5,0
S199,Data Structures,0,1,15.1,1,75.0,100.0,0,2
S199,Variables,2,1,24.3,1,76.2,42.9,1,2
S199,Functions,2,1,33.8,1,77.3,100.0,2,2
S199,Functions,2,1,42.4,1,78.3,100.0,3,2
S199,Variables,2,1,40.9,1,79.2,50.0,4,2
S199,Functions,2,0,38.9,3,80.0,100.0,5,1
S199,Functions,1,1,17.8,1,76.9,80.0,0,2
S199,OOP,2,0,42.8,2,77.8,75.0,1,1
S199,OOP,1,1,23.6,1,75.0,60.0,0,2
S199,Variables,2,1,40.4,1,75.9,55.6,1,2
S199,OOP,2,1,25.4,1,76.7,66.7,2,2
S199,Data Structures,2,0,55.4,3,77.4,100.0,3,1
S199,OOP,1,1,24.6,1,75.0,71.4,0,2
S199,Variables,2,1,35.7,1,75.8,60.0,1,2
S199,Data Structures,2,0,26.6,2,76.5,83.3,2,1
S199,Variables,1,1,21.4,1,74.3,63.6,0,2
S199,Variables,2,1,26.8,1,75.0,66.7,1,2
S199,Variables,2,1,42.8,1,75.7,69.2,2,2
S199,Loops,2,0,41.1,3,76.3,100.0,3,1
S199,Loops,1,1,29.2,1,74.4,75.0,0,2
S200,Variables,1,1,20.3,1,60.0,60.0,0,2
S200,Data Structures,2,1,23.7,1,100.0,100.0,1,2
S200,Functions,2,1,24.5,1,100.0,100.0,2,2
S200,Loops,2,1,34.1,1,100.0,100.0,3,2
S200,Functions,2,1,40.8,1,100.0,100.0,4,2
S200,Loops,2,1,27.7,1,100.0,100.0,5,2
S200,Data Structures,2,0,50.7,2,100.0,100.0,6,1
S200,Functions,1,1,26.7,1,85.7,100.0,0,2
S200,Variables,2,1,22.0,1,87.5,100.0,1,2
S200,Variables,2,1,50.8,1,88.9,100.0,2,2
S200,Functions,2,0,54.9,2,90.0,100.0,3,1
S200,OOP,0,1,14.8,1,81.8,81.8,0,2
S200,Functions,2,1,48.7,1,83.3,75.0,1,2
S200,Functions,0,1,17.5,1,84.6,80.0,2,2
S200,Data Structures,0,1,9.1,1,85.7,50.0,3,2
S200,Functions,2,1,37.0,1,86.7,83.3,4,2
S200,OOP,1,1,21.6,1,87.5,100.0,5,2
S200,OOP,1,1,15.0,1,88.2,100.0,6,2
S200,Functions,2,1,37.2,1,88.9,85.7,7,2
S200,Data Structures,2,0,39.1,2,89.5,66.7,8,1
S200,OOP,1,1,19.8,1,85.0,100.0,0,2
S200,Data Structures,2,0,88.3,2,85.7,50.0,1,0
S200,Variables,0,1,18.0,1,81.8,100.0,0,2
S200,Loops,2,0,26.8,3,82.6,100.0,1,1
S200,Functions,1,1,19.5,1,79.2,87.5,0,2
S200,Functions,2,1,30.3,2,80.0,88.9,1,2
S200,Data Structures,2,0,58.0,2,80.8,40.0,2,0
S200,Data Structures,0,1,17.6,1,77.8,33.3,0,1
S200,Functions,1,1,28.0,1,78.6,90.0,1,2
S200,Variables,2,1,34.5,1,79.3,100.0,2,2
S200,Data Structures,2,1,32.2,1,80.0,42.9,3,2
S200,Loops,2,1,23.1,1,80.6,66.7,4,2
S200,Data Structures,2,0,37.0,3,81.2,50.0,5,0
S200,Variables,0,1,4.9,2,78.8,100.0,0,2
S200,OOP,2,1,19.2,1,79.4,100.0,1,2
S200,Data Structures,2,1,19.4,1,80.0,44.4,2,2
S200,Functions,2,1,17.6,1,80.6,90.9,3,2
S200,Data Structures,0,1,15.3,1,81.1,50.0,4,2
S200,Functions,1,1,16.2,2,81.6,91.7,5,2
S200,OOP,2,1,19.0,1,82.1,100.0,6,1
S201,Functions,1,0,61.3,3,60.0,60.0,0,0
S201,OOP,0,0,30.7,2,0.0,0.0,0,0
S201,Loops,1,0,63.3,2,0.0,0.0,0,0
S201,Loops,0,0,41.3,3,0.0,0.0,0,0
S201,OOP,0,1,17.7,1,0.0,0.0,0,1
S201,Variables,1,0,72.7,2,20.0,20.0,1,0
S201,Variables,0,1,23.9,2,16.7,0.0,0,1
S201,Data Structures,0,0,25.6,3,28.6,28.6,1,0
S201,Functions,0,1,17.8,1,25.0,0.0,0,1
S201,Variables,1,0,42.9,2,33.3,50.0,1,0
S201,OOP,2,0,103.2,3,30.0,50.0,0,0
S201,OOP,0,1,49.6,2,27.3,33.3,0,1
S201,Data Structures,1,0,71.3,3,33.3,0.0,1,0
S201,OOP,0,0,26.3,1,30.8,50.0,0,0
S201,Data Structures,0,0,56.8,2,28.6,0.0,0,0
S201,Loops,0,0,73.3,1,26.7,0.0,0,0
S201,Data Structures,0,0,42.0,2,25.0,0.0,0,0
S201,Loops,1,0,66.7,3,23.5,0.0,0,0
S201,OOP,0,0,23.0,3,22.2,40.0,0,0
S201,Functions,0,1,26.2,1,21.1,50.0,0,1
S201,OOP,1,0,39.2,2,25.0,33.3,1,0
S201,OOP,1,0,68.4,3,23.8,28.6,0,0
S201,Data Structures,0,0,23.8,2,22.7,0.0,0,0
S201,Data Structures,0,1,25.3,1,21.7,0.0,0,1
S201,Variables,1,1,37.6,1,25.0,33.3,1,1
S201,Variables,1,0,53.0,3,28.0,50.0,2,0
S201,Functions,0,1,25.3,1,26.9,66.7,0,1
S201,Variables,1,0,70.7,2,29.6,40.0,1,0
S201,Variables,0,0,33.0,3,28.6,33.3,0,0
S201,Loops,0,0,33.8,2,27.6,0.0,0,0
S201,Data Structures,0,0,45.1,2,26.7,16.7,0,0
S201,OOP,0,0,38.9,2,25.8,25.0,0,0
S201,Functions,1,0,51.7,2,25.0,75.0,0,0
S201,Functions,0,0,27.9,3,24.2,60.0,0,0
S201,Variables,2,0,165.9,2,23.5,28.6,0,0
S201,Variables,0,0,42.1,3,22.9,25.0,0,0
S201,OOP,0,1,40.3,1,22.2,22.2,0,1
S201,Variables,1,1,64.6,1,24.3,22.2,1,1
S201,Loops,1,0,67.9,3,26.3,0.0,2,0
S201,Variables,0,0,35.7,3,25.6,30.0,0,0
S202,Functions,1,0,29.1,2,60.0,60.0,0,1
S202,Loops,1,1,19.7,1,0.0,0.0,0,1
S202,Variables,1,1,15.3,1,50.0,50.0,1,2
S202,Functions,2,0,40.8,3,66.7,0.0,2,0
S202,Loops,1,1,23.0,1,50.0,100.0,0,2
S202,Functions,2,1,26.5,1,60.0,0.0,1,1
S202,Loops,1,1,40.8,1,66.7,100.0,2,2
S202,Data Structures,2,1,47.2,2,71.4,71.4,3,2
S202,OOP,2,1,16.8,1,75.0,75.0,4,2
S202,Variables,0,1,20.5,1,77.8,100.0,5,2
S202,Loops,2,1,41.2,1,80.0,100.0,6,2
S202,Variables,1,1,24.3,1,81.8,100.0,7,2
S202,Variables,1,1,20.1,1,83.3,100.0,8,1
S202,Loops,1,1,15.1,1,84.6,100.0,9,2
S202,OOP,2,1,25.2,1,85.7,100.0,10,2
S202,Functions,2,0,59.2,1,86.7,33.3,11,0
S202,Loops,0,1,9.9,1,81.2,100.0,0,2
S202,Data Structures,1,0,34.3,2,82.4,100.0,1,1
S202,OOP,1,1,16.1,1,77.8,100.0,0,2
S202,Loops,2,0,101.4,2,78.9,100.0,1,1
S202,OOP,1,1,42.8,1,75.0,100.0,0,2
S202,OOP,2,1,29.8,1,76.2,100.0,1,2
S202,Functions,0,0,12.5,2,77.3,25.0,2,0
S202,Data Structures,2,1,44.9,1,73.9,50.0,0,2
S202,Variables,2,0,30.9,2,75.0,100.0,1,1
S202,Data Structures,1,1,18.6,1,72.0,66.7,0,2
S202,OOP,2,0,34.2,2,73.1,100.0,1,1
S202,Functions,2,0,48.9,2,70.4,20.0,0,0
S202,Variables,0,1,29.4,1,67.9,80.0,0,1
S202,Functions,2,0,66.6,3,69.0,16.7,1,0
S202,Variables,0,1,20.7,1,66.7,83.3,0,2
S202,Data Structures,2,0,68.0,2,67.7,75.0,1,0
S202,OOP,0,1,9.7,1,65.6,83.3,0,2
S202,Loops,2,0,53.9,3,66.7,85.7,1,0
S202,Data Structures,1,1,33.8,1,64.7,60.0,0,2
S202,Data Structures,2,1,54.1,1,65.7,66.7,1,2
S202,Functions,2,0,37.1,3,66.7,14.3,2,0
S202,OOP,2,1,22.3,1,64.9,85.7,0,2
S202,Loops,2,0,41.9,2,65.8,75.0,1,0
S202,OOP,0,1,11.8,1,64.1,87.5,0,2
S203,Variables,1,1,25.2,1,60.0,60.0,0,2
S203,OOP,2,0,64.4,1,100.0,100.0,1,1
S203,Variables,1,1,34.7,1,50.0,100.0,0,2
S203,Functions,2,0,41.1,3,66.7,66.7,1,0
S203,Variables,0,1,21.2,1,50.0,100.0,0,2
S203,OOP,2,0,59.4,2,60.0,0.0,1,0
S203,Loops,0,1,19.0,1,50.0,50.0,0,1
S203,Functions,2,1,27.4,1,57.1,0.0,1,0
S203,Data Structures,2,0,67.3,2,62.5,62.5,2,0
S203,Functions,0,1,9.7,3,55.6,50.0,0,1
S203,Functions,1,1,27.3,1,60.0,66.7,1,2
S203,Functions,2,0,45.1,2,63.6,75.0,2,0
S203,OOP,1,0,47.6,3,58.3,0.0,0,0
S203,Functions,0,1,23.9,1,53.8,60.0,0,2
S203,Data Structures,2,0,159.2,3,57.1,0.0,1,0
S203,OOP,0,1,20.7,2,53.3,0.0,0,2
S203,Loops,1,1,24.9,1,56.2,100.0,1,2
S203,Variables,2,0,62.2,2,58.8,100.0,2,1
S203,Functions,1,1,36.3,1,55.6,66.7,0,2
S203,Functions,0,1,8.1,1,57.9,71.4,1,2
S203,Loops,2,0,61.3,2,60.0,100.0,2,1
S203,Loops,1,1,48.7,3,57.1,66.7,0,1
S203,OOP,1,0,26.2,3,59.1,25.0,1,0
S203,Data Structures,0,1,28.5,1,56.5,0.0,0,1
S203,Data Structures,1,0,62.5,2,58.3,33.3,1,0
S203,Loops,0,1,13.8,1,56.0,75.0,0,2
S203,OOP,0,1,17.8,1,57.7,20.0,1,1
S203,Loops,2,0,60.6,3,59.3,80.0,2,0
S203,Data Structures,0,1,24.0,1,57.1,25.0,0,1
S203,Functions,1,1,35.7,1,58.6,75.0,1,2
S203,Variables,2,0,92.9,2,60.0,75.0,2,0
S203,Variables,0,1,22.7,1,58.1,60.0,0,2
S203,Data Structures,2,0,68.6,2,59.4,40.0,1,1
S203,Functions,1,0,43.1,2,57.6,77.8,0,0
S203,OOP,0,1,23.8,1,55.9,33.3,0,1
S203,Loops,1,1,30.9,1,57.1,66.7,1,2
S203,OOP,2,0,64.9,2,58.3,42.9,2,0
S203,Variables,0,1,21.8,1,56.8,66.7,0,2
S203,Data Structures,1,0,58.1,2,57.9,33.3,1,0
S203,OOP,0,1,18.3,1,56.4,37.5,0,1
S204,Loops,1,0,43.3,3,60.0,60.0,0,0
S204,Data Structures,0,1,14.2,1,0.0,0.0,0,1
S204,Loops,1,1,32.9,1,50.0,0.0,1,2
S204,Variables,2,1,65.5,1,66.7,66.7,2,2
S204,Functions,2,1,43.6,1,75.0,75.0,3,2
S204,Variables,2,1,22.1,1,80.0,100.0,4,2
S204,Loops,2,0,85.6,3,83.3,50.0,5,0
S204,OOP,0,1,12.6,3,71.4,71.4,0,2
S204,Loops,2,0,87.2,3,75.0,33.3,1,0
S204,OOP,0,1,15.1,1,66.7,100.0,0,2
S204,Variables,2,1,45.0,1,70.0,100.0,1,2
S204,OOP,2,1,26.9,3,72.7,100.0,2,2
S204,OOP,2,1,43.4,1,75.0,100.0,3,2
S204,OOP,2,1,26.6,1,76.9,100.0,4,2
S204,OOP,2,1,59.9,1,78.6,100.0,5,2
S204,OOP,0,1,9.9,1,80.0,100.0,6,2
S204,Variables,2,0,52.8,2,81.2,100.0,7,0
S204,Data Structures,0,1,18.4,1,76.5,100.0,0,2
S204,OOP,2,1,33.3,1,77.8,100.0,1,1
S204,Functions,1,1,25.2,1,78.9,100.0,2,2
S204,Variables,2,1,36.5,1,80.0,75.0,3,2
S204,Variables,2,1,30.0,1,81.0,80.0,4,2
S204,Loops,2,0,39.9,3,81.8,25.0,5,0
S204,Functions,0,1,12.9,1,78.3,100.0,0,2
S204,Loops,0,1,20.2,1,79.2,20.0,1,1
S204,Data Structures,1,0,60.4,3,80.0,100.0,2,0
S204,Loops,0,1,17.3,2,76.9,33.3,0,1
S204,Variables,0,1,18.4,1,77.8,83.3,1,2
S204,Functions,2,0,88.9,3,78.6,100.0,2,0
S204,Data Structures,0,1,13.8,1,75.9,66.7,0,2
S204,Functions,0,1,20.1,1,76.7,75.0,1,2
S204,Data Structures,2,0,70.8,3,77.4,75.0,2,0
S204,Data Structures,0,1,35.7,1,75.0,60.0,0,1
S204,Loops,1,0,61.0,3,75.8,42.9,1,0
S204,Loops,0,0,25.6,2,73.5,37.5,0,0
S204,Loops,0,1,17.5,1,71.4,33.3,0,1
S204,Variables,1,1,30.4,1,72.2,85.7,1,2
S204,OOP,2,0,74.4,2,73.0,100.0,2,1
S204,OOP,1,0,38.7,2,71.1,88.9,0,1
S204,Variables,1,1,20.6,1,69.2,87.5,0,2
S205,Data Structures,1,1,27.2,1,60.0,60.0,0,2
S205,Functions,2,0,126.3,1,100.0,100.0,1,1
S205,Variables,1,1,23.1,1,50.0,50.0,0,2
S205,Loops,2,0,66.6,3,66.7,66.7,1,0
S205,OOP,0,1,24.2,1,50.0,50.0,0,1
S205,Loops,1,0,54.5,3,60.0,0.0,1,0
S205,Loops,0,0,29.9,3,50.0,0.0,0,0
S205,Loops,0,0,41.3,2,42.9,0.0,0,0
S205,Variables,0,0,30.4,1,37.5,100.0,0,1
S205,Variables,1,1,23.4,1,33.3,50.0,0,2
S205,Variables,2,0,93.4,3,40.0,66.7,1,0
S205,Functions,0,1,17.2,1,36.4,0.0,0,1
S205,Variables,1,1,49.4,1,41.7,50.0,1,1
S205,OOP,1,0,46.7,1,46.2,100.0,2,1
S205,Loops,1,0,47.0,3,42.9,0.0,0,0
S205,Loops,0,1,15.2,1,40.0,0.0,0,1
S205,Data Structures,1,0,29.1,3,43.8,100.0,1,1
S205,Functions,1,0,33.8,3,41.2,50.0,0,0
S205,Loops,1,0,88.0,1,38.9,16.7,0,0
S205,Loops,0,0,38.0,2,36.8,14.3,0,0
S205,Loops,2,0,52.3,2,35.0,12.5,0,0
S205,Functions,0,1,14.9,1,33.3,33.3,0,1
S205,Data Structures,1,1,18.3,1,36.4,50.0,1,2
S205,Data Structures,2,0,57.0,2,39.1,66.7,2,0
S205,Loops,0,1,24.6,1,37.5,11.1,0,1
S205,Loops,1,0,48.0,2,40.0,20.0,1,0
S205,Data Structures,1,1,27.5,1,38.5,50.0,0,2
S205,Data Structures,2,0,80.0,2,40.7,60.0,1,0
S205,Data Structures,1,1,27.5,1,39.3,50.0,0,2
S205,Functions,2,0,63.5,3,41.4,50.0,1,0
S205,Loops,0,0,32.4,2,40.0,18.2,0,0
S205,Data Structures,0,1,10.3,2,38.7,57.1,0,1
S205,Loops,1,0,53.8,3,40.6,16.7,1,0
S205,OOP,0,0,38.3,3,39.4,50.0,0,0
S205,Data Structures,0,1,17.7,1,38.2,62.5,0,2
S205,OOP,2,0,72.2,3,40.0,33.3,1,0
S205,Variables,0,1,26.7,1,38.9,60.0,0,1
S205,Data Structures,1,1,19.1,1,40.5,66.7,1,1
S205,Functions,1,0,72.7,2,42.1,40.0,2,0
S205,Variables,0,1,21.5,1,41.0,66.7,0,2
S206,Functions,1,0,59.6,2,60.0,60.0,0,0
S206,Functions,0,1,24.4,1,0.0,0.0,0,1
S206,OOP,1,0,51.1,2,50.0,50.0,1,0
S206,Data Structures,0,0,42.1,2,33.3,33.3,0,0
S206,Loops,0,1,10.4,1,25.0,25.0,0,1
S206,Data Structures,0,1,14.2,1,40.0,0.0,1,1
S206,Functions,1,0,37.1,3,50.0,50.0,2,0
S206,Functions,2,0,73.3,2,42.9,33.3,0,0
S206,OOP,0,1,18.2,2,37.5,0.0,0,1
S206,Data Structures,1,0,56.3,2,44.4,50.0,1,0
S206,OOP,0,1,24.5,1,40.0,50.0,0,1
S206,OOP,2,0,47.2,2,45.5,66.7,1,0
S206,Loops,0,1,17.5,1,41.7,100.0,0,2
S206,Data Structures,0,1,28.2,1,46.2,33.3,1,1
S206,Variables,2,0,76.5,1,50.0,50.0,2,0
S206,Functions,0,0,40.4,3,46.7,25.0,0,0
S206,Data Structures,0,0,17.2,3,43.8,50.0,0,0
S206,Loops,0,1,13.6,1,41.2,100.0,0,2
S206,Data Structures,2,0,79.6,3,44.4,40.0,1,0
S206,Functions,0,0,53.6,2,42.1,20.0,0,0
S206,Data Structures,0,0,44.9,2,40.0,33.3,0,0
S206,Loops,0,1,30.4,1,38.1,100.0,0,2
S206,Variables,2,0,79.4,3,40.9,0.0,1,0
S206,Functions,0,1,13.1,1,39.1,16.7,0,1
S206,OOP,1,1,30.5,1,41.7,50.0,1,2
S206,Functions,2,0,61.8,2,44.0,28.6,2,0
S206,OOP,0,1,16.6,1,42.3,60.0,0,2
S206,OOP,2,0,76.9,3,44.4,66.7,1,0
S206,OOP,0,1,10.9,1,42.9,57.1,0,2
S206,OOP,2,0,49.4,2,44.8,62.5,1,0
S206,Loops,1,1,43.3,1,43.3,100.0,0,2
S206,Data Structures,2,0,78.9,2,45.2,28.6,1,0
S206,Data Structures,0,1,17.5,1,43.8,25.0,0,1
S206,OOP,1,0,28.0,3,45.5,55.6,1,0
S206,Functions,0,1,17.8,1,44.1,25.0,0,1
S206,Data Structures,1,0,71.4,3,45.7,33.3,1,0
S206,Variables,0,0,33.1,2,44.4,0.0,0,0
S206,OOP,0,1,18.8,1,43.2,50.0,0,1
S206,Data Structures,1,1,33.3,1,44.7,30.0,1,1
S206,Loops,1,0,25.1,2,46.2,100.0,2,1
S207,Variables,1,0,39.3,1,60.0,60.0,0,0
S207,Functions,0,1,26.1,1,0.0,0.0,0,1
S207,Loops,1,1,22.2,1,50.0,50.0,1,1
S207,Loops,1,1,16.8,1,66.7,100.0,2,2
S207,OOP,2,1,19.1,1,75.0,75.0,3,2
S207,Loops,2,1,73.9,1,80.0,100.0,4,2
S207,Loops,2,0,82.4,2,83.3,100.0,5,1
S207,Data Structures,1,1,30.0,1,71.4,71.4,0,2
S207,Data Structures,2,0,75.3,3,75.0,100.0,1,1
S207,Data Structures,1,1,42.1,1,66.7,50.0,0,2
S207,OOP,1,1,16.9,3,70.0,100.0,1,2
S207,OOP,2,1,40.8,1,72.7,100.0,2,2
S207,Functions,2,0,53.2,2,75.0,100.0,3,0
S207,Loops,0,1,12.1,1,69.2,75.0,0,1
S207,Loops,0,1,11.3,1,71.4,80.0,1,2
S207,OOP,2,1,48.2,1,73.3,100.0,2,2
S207,Variables,2,0,58.5,2,75.0,0.0,3,0
S207,Data Structures,0,1,27.5,1,70.6,66.7,0,2
S207,Functions,2,0,131.9,2,72.2,50.0,1,0
S207,Loops,0,1,14.4,2,68.4,83.3,0,2
S207,OOP,2,0,33.2,2,70.0,100.0,1,1
S207,Loops,2,0,64.4,2,66.7,85.7,0,0
S207,Data Structures,0,1,15.9,1,63.6,75.0,0,2
S207,OOP,2,1,28.4,1,65.2,80.0,1,2
S207,OOP,2,1,21.6,1,66.7,83.3,2,2
S207,Functions,2,0,46.7,3,68.0,33.3,3,0
S207,Variables,0,1,27.4,1,65.4,0.0,0,1
S207,Data Structures,1,1,29.6,1,66.7,80.0,1,2
S207,Variables,2,0,90.2,3,67.9,33.3,2,0
S207,Data Structures,0,1,17.5,1,65.5,83.3,0,2
S207,OOP,2,1,22.2,1,66.7,85.7,1,2
S207,Variables,2,0,59.7,2,67.7,25.0,2,0
S207,OOP,0,1,12.4,1,65.6,87.5,0,2
S207,Functions,2,0,80.1,2,66.7,25.0,1,0
S207,Loops,0,1,17.4,1,64.7,75.0,0,2
S207,Data Structures,2,0,73.4,2,65.7,85.7,1,0
S207,Data Structures,0,1,28.0,1,63.9,75.0,0,2
S207,Data Structures,2,0,80.8,2,64.9,77.8,1,0
S207,Functions,0,0,11.0,3,63.2,20.0,0,0
S207,Variables,0,1,28.0,2,61.5,20.0,0,1
S208,Variables,1,0,40.5,1,60.0,60.0,0,0
S208,Functions,0,1,15.7,1,0.0,0.0,0,1
S208,OOP,1,0,46.4,3,50.0,50.0,1,0
S208,Functions,1,1,42.6,1,33.3,100.0,0,2
S208,Variables,2,0,73.5,2,50.0,0.0,1,0
S208,Loops,0,1,24.0,1,40.0,40.0,0,1
S208,Variables,1,0,44.3,3,50.0,0.0,1,0
S208,Loops,0,1,30.1,1,42.9,100.0,0,2
S208,Loops,2,0,73.4,1,50.0,100.0,1,1
S208,Variables,1,1,30.5,1,44.4,0.0,0,1
S208,Data Structures,1,1,40.9,1,50.0,50.0,1,2
S208,Data Structures,2,0,88.5,2,54.5,100.0,2,0
S208,Data Structures,0,1,26.3,2,50.0,50.0,0,1
S208,OOP,1,0,97.2,1,53.8,0.0,1,0
S208,Loops,0,0,22.9,2,50.0,66.7,0,0
S208,Functions,0,0,36.8,2,46.7,100.0,0,0
S208,Data Structures,0,1,44.1,1,43.8,66.7,0,1
S208,OOP,1,0,49.4,3,47.1,0.0,1,0
S208,Variables,0,0,22.8,2,44.4,25.0,0,0
S208,Loops,0,1,22.7,1,42.1,50.0,0,1
S208,Data Structures,1,0,45.0,3,45.0,75.0,1,0
S208,Loops,0,0,52.0,1,42.9,60.0,0,0
S208,Functions,0,1,18.8,1,40.9,66.7,0,2
S208,Functions,2,0,126.4,2,43.5,75.0,1,0
S208,Functions,0,0,31.4,3,41.7,60.0,0,0
S208,Loops,0,1,17.2,1,40.0,50.0,0,1
S208,Variables,1,0,41.4,2,42.3,20.0,1,0
S208,OOP,1,0,52.7,3,40.7,0.0,0,0
S208,Functions,0,1,23.6,2,39.3,50.0,0,1
S208,Data Structures,1,0,54.6,3,41.4,60.0,1,0
S208,Loops,0,0,29.9,3,40.0,57.1,0,0
S208,OOP,1,1,33.7,1,38.7,0.0,0,1
S208,Variables,1,0,70.1,3,40.6,16.7,1,0
S208,Data Structures,0,1,24.5,1,39.4,50.0,0,1
S208,Variables,1,1,71.2,1,41.2,14.3,1,1
S208,Variables,1,0,63.8,3,42.9,25.0,2,0
S208,OOP,0,0,50.4,2,41.7,20.0,0,0
S208,Loops,0,1,15.3,1,40.5,50.0,0,1
S208,Functions,1,0,42.1,2,42.1,57.1,1,0
S208,Variables,0,1,26.9,1,41.0,22.2,0,1
S209,Data Structures,1,1,25.3,2,60.0,60.0,0,2
S209,Functions,2,0,73.3,2,100.0,100.0,1,0
S209,Functions,0,1,16.3,3,50.0,0.0,0,1
S209,OOP,1,0,65.8,3,66.7,66.7,1,0
S209,Functions,2,0,76.7,3,50.0,50.0,0,0
S209,Loops,0,0,32.4,3,40.0,40.0,0,0
S209,Loops,0,1,22.9,1,33.3,0.0,0,1
S209,Variables,1,1,43.0,1,42.9,42.9,1,1
S209,OOP,1,0,58.4,2,50.0,0.0,2,0
S209,Variables,0,1,16.5,1,44.4,100.0,0,2
S209,OOP,0,0,17.4,2,50.0,0.0,1,0
S209,Functions,0,1,39.5,1,45.5,33.3,0,1
S209,OOP,2,0,134.4,2,50.0,0.0,1,0
S209,Variables,0,1,17.9,2,46.2,100.0,0,2
S209,OOP,2,0,90.8,2,50.0,0.0,1,0
S209,Variables,0,1,27.9,1,46.7,100.0,0,2
S209,OOP,1,0,36.3,2,50.0,0.0,1,0
S209,OOP,0,0,26.0,3,47.1,0.0,0,0
S209,Loops,0,1,14.3,1,44.4,50.0,0,1
S209,OOP,1,0,49.0,2,47.4,0.0,1,0
S209,Variables,0,0,32.2,2,45.0,100.0,0,0
S209,OOP,0,0,73.6,3,42.9,0.0,0,0
S209,Variables,0,1,23.1,1,40.9,80.0,0,2
S209,Data Structures,2,0,53.5,3,43.5,100.0,1,0
S209,Variables,0,1,20.0,1,41.7,83.3,0,2
S209,Data Structures,2,0,57.6,3,44.0,50.0,1,0
S209,Variables,0,1,20.1,1,42.3,85.7,0,2
S209,Loops,2,0,90.6,1,44.4,66.7,1,0
S209,Loops,0,1,23.4,1,42.9,50.0,0,1
S209,Data Structures,1,0,41.8,2,44.8,33.3,1,0
S209,OOP,0,0,33.3,2,43.3,0.0,0,0
S209,Variables,2,0,88.6,2,41.9,87.5,0,0
S209,Functions,2,0,79.7,3,40.6,50.0,0,0
S209,Variables,0,1,19.9,1,39.4,77.8,0,2
S209,OOP,2,0,92.9,2,41.2,0.0,1,0
S209,Data Structures,0,0,25.8,2,40.0,25.0,0,0
S209,Data Structures,0,1,24.5,1,38.9,20.0,0,1
S209,Variables,1,0,72.4,2,40.5,80.0,1,0
S209,Loops,1,0,44.7,3,39.5,60.0,0,0
S209,Variables,0,0,47.6,2,38.5,72.7,0,0
S210,Data Structures,1,0,77.0,3,60.0,60.0,0,0
S210,Data Structures,2,0,119.0,2,0.0,0.0,0,0
S210,Variables,0,0,28.8,2,0.0,0.0,0,0
S210,Functions,0,0,61.7,3,0.0,0.0,0,0
S210,Variables,0,1,12.9,1,0.0,0.0,0,1
S210,Loops,1,0,51.5,2,20.0,20.0,1,0
S210,OOP,0,1,13.4,1,16.7,16.7,0,1
S210,Variables,1,1,20.6,1,28.6,50.0,1,2
S210,Variables,1,1,30.7,1,37.5,66.7,2,2
S210,Variables,2,0,103.8,3,44.4,75.0,3,1
S210,Functions,0,1,24.5,1,40.0,0.0,0,1
S210,OOP,1,1,21.5,1,45.5,100.0,1,2
S210,Data Structures,2,0,161.6,2,50.0,0.0,2,0
S210,Data Structures,0,0,34.0,2,46.2,0.0,0,0
S210,Functions,0,0,20.6,2,42.9,50.0,0,0
S210,OOP,0,1,16.6,1,40.0,100.0,0,1
S210,Functions,1,1,42.3,1,43.8,33.3,1,1
S210,OOP,1,1,39.2,1,47.1,100.0,2,2
S210,Functions,2,0,90.6,2,50.0,50.0,3,0
S210,Variables,0,1,16.0,1,47.4,60.0,0,2
S210,Functions,2,0,102.2,2,50.0,40.0,1,0
S210,Data Structures,0,0,31.6,3,47.6,0.0,0,0
S210,Variables,0,1,24.7,1,45.5,66.7,0,2
S210,Loops,2,0,139.8,2,47.8,0.0,1,0
S210,OOP,0,1,13.9,1,45.8,100.0,0,2
S210,Data Structures,2,0,89.9,3,48.0,0.0,1,0
S210,OOP,0,1,29.5,1,46.2,100.0,0,2
S210,Loops,2,0,130.9,2,48.1,0.0,1,0
S210,OOP,0,1,23.3,1,46.4,100.0,0,2
S210,Data Structures,2,0,167.1,2,48.3,0.0,1,0
S210,Functions,1,0,76.3,2,46.7,33.3,0,0
S210,Loops,0,0,34.5,3,45.2,0.0,0,0
S210,Loops,0,0,20.8,2,43.8,0.0,0,0
S210,Loops,2,0,130.4,3,42.4,0.0,0,0
S210,Variables,0,1,13.5,1,41.2,71.4,0,2
S210,Data Structures,2,0,124.1,3,42.9,0.0,1,0
S210,OOP,0,1,18.1,1,41.7,100.0,0,2
S210,Data Structures,2,0,58.0,2,43.2,0.0,1,0
S210,Loops,0,0,29.5,3,42.1,0.0,0,0
S210,Variables,0,1,20.4,1,41.0,75.0,0,2
S211,Variables,1,1,37.8,1,60.0,60.0,0,2
S211,Loops,2,1,24.8,1,100.0,100.0,1,2
S211,Functions,2,0,47.8,2,100.0,100.0,2,1
S211,Functions,1,1,23.1,1,66.7,0.0,0,1
S211,Data Structures,1,1,23.0,1,75.0,75.0,1,2
S211,OOP,2,1,40.1,1,80.0,80.0,2,2
S211,Variables,2,0,63.1,2,83.3,100.0,3,1
S211,Variables,2,1,24.4,1,71.4,50.0,0,2
S211,OOP,2,0,90.8,2,75.0,100.0,1,1
S211,Data Structures,1,1,45.2,1,66.7,100.0,0,2
S211,Variables,0,1,12.8,1,70.0,66.7,1,2
S211,Data Structures,2,1,27.8,1,72.7,100.0,2,2
S211,Data Structures,2,0,93.3,3,75.0,100.0,3,0
S211,OOP,0,1,16.9,1,69.2,50.0,0,2
S211,Variables,2,1,23.1,1,71.4,75.0,1,2
S211,Variables,2,1,33.4,1,73.3,80.0,2,2
S211,Variables,2,1,25.2,1,75.0,83.3,3,2
S211,Functions,2,0,39.6,2,76.5,50.0,4,0
S211,Functions,0,1,15.1,1,72.2,33.3,0,1
S211,Loops,1,1,19.3,1,73.7,100.0,1,2
S211,Data Structures,1,1,15.3,1,75.0,75.0,2,1
S211,OOP,1,1,14.6,1,76.2,66.7,3,2
S211,Variables,1,1,16.9,1,77.3,85.7,4,2
S211,Loops,2,0,43.9,2,78.3,100.0,5,1
S211,Functions,1,1,17.8,1,75.0,50.0,0,2
S211,Functions,2,0,37.2,1,76.0,60.0,1,1
S211,OOP,1,0,25.1,3,73.1,75.0,0,0
S211,Data Structures,0,0,17.4,2,70.4,80.0,0,1
S211,OOP,2,1,22.4,1,67.9,60.0,0,2
S211,Variables,2,1,57.3,1,69.0,87.5,1,2
S211,OOP,2,1,26.2,1,70.0,66.7,2,2
S211,Variables,2,1,35.6,1,71.0,88.9,3,2
S211,Data Structures,2,0,94.1,2,71.9,66.7,4,0
S211,Data Structures,0,1,10.3,1,69.7,57.1,0,2
S211,Loops,1,1,29.0,1,70.6,66.7,1,2
S211,Variables,2,1,37.0,2,71.4,90.0,2,2
S211,OOP,2,1,54.4,3,72.2,71.4,3,2
S211,OOP,2,0,25.9,3,73.0,75.0,4,0
S211,Variables,0,1,7.4,1,71.1,90.9,0,2
S211,Loops,0,1,16.6,1,71.8,75.0,1,2
S212,Loops,1,1,15.0,1,60.0,60.0,0,2
S212,Functions,2,1,39.1,1,100.0,100.0,1,2
S212,Data Structures,1,1,24.1,1,100.0,100.0,2,2
S212,Variables,2,0,40.2,3,100.0,100.0,3,1
S212,Functions,0,1,12.1,1,75.0,100.0,0,2
S212,Loops,2,0,80.4,2,80.0,100.0,1,1
S212,OOP,1,1,24.8,1,66.7,66.7,0,2
S212,Variables,2,1,20.8,2,71.4,0.0,1,1
S212,Data Structures,1,1,21.5,1,75.0,100.0,2,2
S212,Loops,2,0,54.7,3,77.8,50.0,3,0
S212,Functions,0,1,9.4,1,70.0,100.0,0,1
S212,Loops,1,0,36.0,3,72.7,33.3,1,0
S212,Loops,0,1,20.9,1,66.7,25.0,0,1
S212,Data Structures,1,1,34.9,1,69.2,100.0,1,2
S212,Data Structures,1,1,14.5,1,71.4,100.0,2,2
S212,Variables,1,1,17.6,1,73.3,50.0,3,2
S212,Functions,2,0,60.7,2,75.0,100.0,4,1
S212,Loops,1,1,42.2,1,70.6,40.0,0,2
S212,OOP,1,1,39.6,1,72.2,100.0,1,2
S212,Loops,2,1,41.2,1,73.7,50.0,2,2
S212,Data Structures,2,1,38.7,1,75.0,100.0,3,2
S212,Functions,2,0,49.5,2,76.2,75.0,4,0
S212,Variables,0,1,8.6,1,72.7,66.7,0,2
S212,Variables,2,0,39.7,2,73.9,75.0,1,1
S212,Loops,1,1,17.2,1,70.8,57.1,0,2
S212,Variables,2,1,33.5,1,72.0,60.0,1,2
S212,Functions,2,1,38.4,1,73.1,60.0,2,2
S212,Variables,2,0,73.9,2,74.1,66.7,3,0
S212,Variables,1,1,22.9,1,71.4,57.1,0,2
S212,Functions,2,1,27.7,1,72.4,66.7,1,2
S212,Data Structures,2,1,29.0,1,73.3,100.0,2,2
S212,Functions,2,1,34.4,1,74.2,71.4,3,2
S212,Data Structures,2,0,51.6,2,75.0,100.0,4,1
S212,Variables,1,1,16.5,1,72.7,62.5,0,2
S212,Variables,2,1,17.7,1,73.5,66.7,1,2
S212,Loops,2,1,32.7,1,74.3,62.5,2,2
S212,Loops,1,1,31.4,1,75.0,66.7,3,2
S212,OOP,2,1,47.2,1,75.7,100.0,4,2
S212,OOP,2,1,47.7,1,76.3,100.0,5,2
S212,Functions,2,1,36.1,1,76.9,75.0,6,2
S213,Variables,1,0,39.7,3,60.0,60.0,0,0
S213,Functions,2,0,73.5,2,0.0,0.0,0,0
S213,Loops,0,1,28.0,1,0.0,0.0,0,1
S213,Data Structures,1,0,46.3,3,33.3,33.3,1,0
S213,OOP,0,1,39.2,1,25.0,25.0,0,1
S213,OOP,1,0,48.2,3,40.0,100.0,1,0
S213,Functions,0,0,16.1,2,33.3,0.0,0,0
S213,OOP,2,0,119.0,2,28.6,50.0,0,0
S213,Variables,1,1,54.1,1,25.0,0.0,0,1
S213,Data Structures,1,0,57.4,3,33.3,0.0,1,0
S213,Loops,0,1,10.2,1,30.0,100.0,0,2
S213,Loops,2,0,75.2,2,36.4,100.0,1,0
S213,OOP,0,0,46.0,2,33.3,33.3,0,0
S213,OOP,0,0,23.4,1,30.8,25.0,0,0
S213,Data Structures,0,0,35.8,2,28.6,0.0,0,0
S213,Data Structures,0,1,19.0,1,26.7,0.0,0,1
S213,Functions,1,0,55.8,2,31.2,0.0,1,0
S213,Data Structures,0,1,27.7,1,29.4,25.0,0,1
S213,Variables,0,1,19.0,1,33.3,50.0,1,1
S213,Functions,0,0,35.1,2,36.8,0.0,2,0
S213,Data Structures,0,1,27.0,1,35.0,40.0,0,1
S213,Loops,0,1,25.9,1,38.1,66.7,1,1
S213,OOP,1,0,42.8,3,40.9,20.0,2,0
S213,Data Structures,0,0,49.4,2,39.1,50.0,0,0
S213,Functions,0,1,23.7,1,37.5,0.0,0,1
S213,Functions,1,0,44.1,2,40.0,20.0,1,0
S213,OOP,0,1,30.8,1,38.5,16.7,0,1
S213,Functions,1,0,52.3,2,40.7,16.7,1,0
S213,Variables,0,0,33.9,2,39.3,66.7,0,0
S213,OOP,0,0,41.1,3,37.9,28.6,0,0
S213,Loops,0,1,34.4,1,36.7,75.0,0,1
S213,Loops,1,0,47.9,2,38.7,80.0,1,0
S213,OOP,0,1,25.3,1,37.5,25.0,0,1
S213,Functions,1,1,64.3,1,39.4,14.3,1,1
S213,Loops,1,0,47.5,2,41.2,66.7,2,0
S213,Variables,0,1,14.7,1,40.0,50.0,0,1
S213,Functions,1,1,42.4,1,41.7,25.0,1,1
S213,Functions,1,0,48.1,3,43.2,33.3,2,0
S213,Loops,0,1,21.6,1,42.1,57.1,0,1
S213,OOP,1,0,59.7,3,43.6,33.3,1,0
S214,Data Structures,1,0,37.1,2,60.0,60.0,0,0
S214,Loops,0,1,22.9,1,0.0,0.0,0,0
S214,OOP,0,1,21.6,2,50.0,50.0,1,1
S214,OOP,1,0,42.7,2,66.7,100.0,2,1
S214,OOP,1,0,24.3,3,50.0,50.0,0,0
S214,Data Structures,0,1,12.3,1,40.0,0.0,0,1
S214,Data Structures,1,0,49.2,3,50.0,50.0,1,0
S214,Data Structures,0,1,15.7,1,42.9,33.3,0,1
S214,OOP,1,1,20.8,1,50.0,33.3,1,2
S214,Loops,2,0,46.7,2,55.6,100.0,2,1
S214,Variables,2,0,52.5,2,50.0,50.0,0,0
S214,Functions,0,0,50.0,3,45.5,45.5,0,0
S214,Data Structures,0,1,17.3,1,41.7,50.0,0,1
S214,Variables,1,0,35.6,3,46.2,0.0,1,0
S214,Functions,0,1,21.1,1,42.9,0.0,0,1
S214,Functions,1,0,35.5,2,46.7,50.0,1,0
S214,OOP,0,1,19.7,1,43.8,50.0,0,1
S214,Functions,1,0,62.7,2,47.1,33.3,1,0
S214,Data Structures,0,1,23.8,1,44.4,60.0,0,1
S214,Loops,1,1,17.7,1,47.4,50.0,1,2
S214,Variables,2,0,56.4,2,50.0,0.0,2,0
S214,Data Structures,0,1,21.7,1,47.6,66.7,0,2
S214,Functions,2,0,76.1,3,50.0,25.0,1,0
S214,Variables,0,1,16.5,1,47.8,0.0,0,1
S214,Data Structures,1,0,63.9,1,50.0,71.4,1,0
S214,Data Structures,0,1,24.6,1,48.0,62.5,0,1
S214,Functions,1,0,62.0,2,50.0,20.0,1,0
S214,Data Structures,2,0,72.5,3,48.1,66.7,0,0
S214,OOP,0,1,12.7,1,46.4,60.0,0,1
S214,Variables,2,0,48.8,3,48.3,25.0,1,0
S214,Functions,0,1,28.0,1,46.7,16.7,0,1
S214,OOP,1,0,89.2,2,48.4,66.7,1,0
S214,Data Structures,0,1,17.7,1,46.9,60.0,0,2
S214,OOP,2,0,55.5,3,48.5,57.1,1,1
S214,Data Structures,0,1,24.8,1,47.1,63.6,0,1
S214,Data Structures,1,1,25.9,1,48.6,66.7,1,2
S214,Variables,2,0,96.0,3,50.0,20.0,2,0
S214,Loops,0,0,22.2,3,48.6,66.7,0,0
S214,OOP,0,1,16.5,1,47.4,50.0,0,1
S214,Data Structures,1,1,38.6,1,48.7,69.2,1,2
S215,OOP,1,1,23.7,1,60.0,60.0,0,2
S215,Loops,2,1,36.0,1,100.0,100.0,1,2
S215,OOP,2,0,52.4,2,100.0,100.0,2,1
S215,Loops,1,1,22.1,1,66.7,100.0,0,2
S215,Variables,2,0,96.7,2,75.0,75.0,1,0
S215,Functions,0,1,32.7,1,60.0,60.0,0,1
S215,Loops,1,1,25.2,1,66.7,100.0,1,1
S215,Variables,0,1,29.7,2,71.4,0.0,2,0
S215,Data Structures,0,1,19.0,1,75.0,75.0,3,2
S215,Variables,2,0,77.4,2,77.8,50.0,4,0
S215,Loops,2,0,33.4,3,70.0,100.0,0,1
S215,Functions,0,1,27.0,3,63.6,100.0,0,2
S215,Loops,2,1,33.6,1,66.7,75.0,1,2
S215,Loops,0,1,20.4,1,69.2,80.0,2,2
S215,OOP,2,0,59.5,3,71.4,50.0,3,0
S215,Variables,0,1,23.8,1,66.7,33.3,0,1
S215,Data Structures,1,1,27.1,1,68.8,100.0,1,2
S215,OOP,2,0,38.7,2,70.6,33.3,2,0
S215,Variables,0,1,19.9,1,66.7,50.0,0,2
S215,Data Structures,2,1,26.8,1,68.4,100.0,1,2
S215,Functions,2,0,76.5,3,70.0,100.0,2,1
S215,Functions,1,0,38.3,3,66.7,66.7,0,0
S215,Functions,2,0,100.7,2,63.6,50.0,0,0
S215,Functions,1,1,28.4,1,60.9,40.0,0,2
S215,OOP,2,0,103.1,3,62.5,25.0,1,0
S215,Variables,0,1,25.1,1,60.0,60.0,0,2
S215,Data Structures,2,0,66.9,3,61.5,100.0,1,2
S215,Variables,2,0,54.0,3,59.3,66.7,0,0
S215,Loops,2,1,55.2,3,57.1,83.3,0,2
S215,Functions,0,1,11.8,1,58.6,50.0,1,2
S215,Functions,2,0,50.2,2,60.0,57.1,2,0
S215,Functions,0,1,16.5,1,58.1,50.0,0,2
S215,Functions,1,0,33.5,3,59.4,55.6,1,0
S215,Data Structures,0,1,11.0,1,57.6,75.0,0,2
S215,Functions,2,0,86.5,2,58.8,50.0,1,0
S215,Variables,0,1,26.3,1,57.1,57.1,0,1
S215,Loops,1,1,23.0,3,58.3,85.7,1,2
S215,Variables,2,0,94.2,3,59.5,62.5,2,0
S215,Loops,1,1,20.3,1,57.9,87.5,0,2
S215,Loops,2,0,72.6,3,59.0,88.9,1,0
S216,Data Structures,1,1,39.8,3,60.0,60.0,0,1
S216,Loops,1,0,48.5,3,100.0,100.0,1,2
S216,Functions,2,0,49.8,2,50.0,50.0,0,0
S216,Variables,0,1,14.4,1,33.3,33.3,0,1
S216,Variables,1,1,37.8,1,50.0,100.0,1,2
S216,OOP,2,0,45.4,2,60.0,60.0,2,0
S216,Functions,0,1,21.5,1,50.0,0.0,0,1
S216,Loops,1,0,50.4,2,57.1,0.0,1,1
S216,OOP,1,0,59.4,3,50.0,0.0,0,0
S216,Variables,0,1,15.2,2,44.4,100.0,0,2
S216,Data Structures,2,0,76.3,2,50.0,100.0,1,0
S216,Loops,0,1,16.8,1,45.5,0.0,0,1
S216,Loops,1,0,39.2,2,50.0,33.3,1,0
S216,Variables,0,1,8.8,1,46.2,100.0,0,2
S216,OOP,2,0,66.1,1,50.0,0.0,1,1
S216,Variables,1,0,38.4,2,46.7,100.0,0,1
S216,OOP,2,0,64.8,3,43.8,0.0,0,0
S216,Functions,0,1,23.2,1,41.2,50.0,0,1
S216,Functions,1,1,27.8,1,44.4,66.7,1,2
S216,OOP,2,0,68.7,2,47.4,0.0,2,0
S216,Loops,0,1,31.5,1,45.0,25.0,0,1
S216,OOP,1,0,63.6,2,47.6,0.0,1,0
S216,OOP,0,1,19.3,1,45.5,0.0,0,1
S216,Loops,0,1,11.2,1,47.8,40.0,1,1
S216,OOP,1,0,60.0,3,50.0,14.3,2,0
S216,Variables,0,1,20.6,1,48.0,80.0,0,2
S216,Loops,2,0,57.1,3,50.0,50.0,1,0
S216,Data Structures,0,1,23.0,1,48.1,50.0,0,1
S216,OOP,1,1,25.9,1,50.0,12.5,1,1
S216,Variables,1,1,26.3,1,51.7,83.3,2,2
S216,OOP,2,0,44.0,1,53.3,22.2,3,0
S216,Loops,0,1,20.1,1,51.6,42.9,0,1
S216,Loops,0,1,20.8,1,53.1,50.0,1,1
S216,Functions,1,1,28.3,1,54.5,75.0,2,2
S216,Loops,2,1,45.5,1,55.9,55.6,3,2
S216,Loops,2,0,137.8,3,57.1,60.0,4,0
S216,Loops,0,1,24.7,1,55.6,54.5,0,1
S216,Variables,1,1,33.8,1,56.8,85.7,1,2
S216,OOP,2,0,55.6,1,57.9,20.0,2,0
S216,Data Structures,0,1,43.0,1,56.4,66.7,0,1
S217,Variables,1,1,19.5,1,60.0,60.0,0,2
S217,Variables,2,1,20.3,1,100.0,100.0,1,2
S217,Variables,2,0,38.5,2,100.0,100.0,2,1
S217,Functions,1,1,36.2,1,66.7,66.7,0,2
S217,Data Structures,1,1,25.5,1,75.0,75.0,1,2
S217,OOP,2,1,48.9,1,80.0,80.0,2,2
S217,Loops,2,1,45.0,1,83.3,83.3,3,2
S217,Data Structures,2,0,57.0,3,85.7,100.0,4,0
S217,Functions,0,1,14.7,1,75.0,100.0,0,2
S217,Loops,2,0,35.1,3,77.8,100.0,1,1
S217,Data Structures,0,1,23.3,1,70.0,50.0,0,1
S217,Data Structures,0,1,21.4,1,72.7,66.7,1,2
S217,Loops,2,0,63.5,3,75.0,50.0,2,0
S217,Variables,0,1,8.9,1,69.2,66.7,0,2
S217,Data Structures,2,0,62.3,3,71.4,75.0,1,0
S217,Data Structures,0,1,21.1,2,66.7,60.0,0,1
S217,Variables,1,1,14.9,1,68.8,75.0,1,2
S217,Variables,1,1,18.9,1,70.6,80.0,2,2
S217,Functions,2,0,58.4,2,72.2,100.0,3,1
S217,Functions,1,1,32.4,1,68.4,66.7,0,2
S217,Functions,2,1,55.1,1,70.0,75.0,1,2
S217,OOP,2,1,21.7,1,71.4,100.0,2,2
S217,OOP,2,1,32.8,1,72.7,100.0,3,2
S217,Functions,2,0,76.7,2,73.9,80.0,4,0
S217,Loops,2,1,29.7,1,70.8,33.3,0,2
S217,Functions,2,0,114.6,3,72.0,66.7,1,0
S217,Loops,0,1,14.7,1,69.2,50.0,0,2
S217,Loops,2,0,80.0,2,70.4,60.0,1,0
S217,Variables,0,1,12.3,1,67.9,83.3,0,2
S217,Loops,2,0,46.0,2,69.0,50.0,1,0
S217,OOP,0,1,11.5,1,66.7,100.0,0,2
S217,Variables,2,0,48.4,2,67.7,85.7,1,1
S217,Data Structures,1,0,52.5,2,65.6,66.7,0,0
S217,Functions,0,1,14.3,1,63.6,57.1,0,2
S217,Data Structures,2,1,47.0,1,64.7,57.1,1,2
S217,Functions,2,1,49.5,1,65.7,62.5,2,2
S217,Loops,2,0,43.4,2,66.7,42.9,3,0
S217,OOP,0,1,18.7,2,64.9,100.0,0,2
S217,Loops,2,1,46.5,1,65.8,37.5,1,2
S217,Loops,2,0,95.0,2,66.7,44.4,2,0
S218,Functions,1,1,27.6,1,60.0,60.0,0,2
S218,OOP,2,0,66.8,2,100.0,100.0,1,1
S218,Loops,1,1,21.2,1,50.0,50.0,0,2
S218,OOP,2,0,41.4,3,66.7,0.0,1,0
S218,Variables,0,1,10.7,1,50.0,50.0,0,2
S218,Data Structures,0,1,28.6,1,60.0,60.0,1,1
S218,Variables,1,1,23.2,1,66.7,100.0,2,2
S218,Loops,2,1,15.1,1,71.4,100.0,3,2
S218,Data Structures,2,0,51.7,2,75.0,100.0,4,1
S218,OOP,1,1,17.8,1,66.7,0.0,0,1
S218,OOP,1,0,25.8,2,70.0,33.3,1,0
S218,Loops,2,0,48.6,2,63.6,100.0,0,1
S218,Data Structures,1,1,26.0,2,58.3,50.0,0,1
S218,Variables,0,1,10.6,1,61.5,100.0,1,2
S218,Loops,2,1,39.6,1,64.3,66.7,2,2
S218,Data Structures,2,0,37.2,2,66.7,66.7,3,0
S218,Variables,0,1,14.9,1,62.5,100.0,0,2
S218,Data Structures,2,0,35.9,3,64.7,50.0,1,0
S218,OOP,0,1,14.0,1,61.1,25.0,0,1
S218,Variables,2,1,20.7,1,63.2,100.0,1,2
S218,Loops,2,0,51.5,3,65.0,75.0,2,0
S218,Loops,0,1,9.1,1,61.9,60.0,0,2
S218,Variables,2,0,32.6,2,63.6,100.0,1,1
S218,Variables,1,1,15.7,1,60.9,83.3,0,2
S218,Loops,2,0,37.5,3,62.5,66.7,1,0
S218,Loops,0,1,13.9,1,60.0,57.1,0,2
S218,Variables,2,1,28.1,1,61.5,85.7,1,2
S218,Data Structures,2,1,63.4,1,63.0,40.0,2,2
S218,Loops,1,1,21.2,1,64.3,62.5,3,2
S218,Variables,2,1,43.4,1,65.5,87.5,4,2
S218,Functions,0,1,8.0,1,66.7,100.0,5,2
S218,OOP,2,0,67.4,2,67.7,40.0,6,0
S218,Variables,2,1,26.5,1,65.6,88.9,0,2
S218,Variables,2,0,69.6,2,66.7,90.0,1,1
S218,Data Structures,1,1,23.5,1,64.7,50.0,0,2
S218,Data Structures,2,0,66.6,3,65.7,57.1,1,0
S218,Functions,1,0,44.3,2,63.9,100.0,0,1
S218,Variables,1,0,21.5,3,62.2,81.8,0,0
S218,OOP,0,1,13.5,1,60.5,33.3,0,1
S218,Variables,1,1,19.5,1,61.5,75.0,1,2
S219,OOP,1,0,16.6,2,60.0,60.0,0,0
S219,Variables,0,1,32.9,1,0.0,0.0,0,1
S219,Functions,1,1,43.6,1,50.0,50.0,1,2
S219,Loops,2,1,26.8,1,66.7,66.7,2,2
S219,Functions,2,0,49.4,2,75.0,100.0,3,1
S219,Functions,1,0,51.5,2,60.0,50.0,0,0
S219,Functions,0,0,23.7,3,50.0,33.3,0,0
S219,Variables,0,1,18.4,1,42.9,100.0,0,2
S219,Functions,2,0,64.3,3,50.0,25.0,1,0
S219,Variables,0,1,14.2,1,44.4,100.0,0,2
S219,Variables,2,0,82.0,3,50.0,100.0,1,0
S219,Functions,0,1,19.1,1,45.5,20.0,0,1
S219,OOP,1,1,30.8,1,50.0,0.0,1,1
S219,OOP,1,1,40.7,1,53.8,50.0,2,2
S219,Data Structures,2,1,35.5,1,57.1,57.1,3,2
S219,OOP,2,1,32.3,1,60.0,66.7,4,2
S219,Loops,2,1,31.8,1,62.5,100.0,5,2
S219,Loops,2,1,22.6,1,64.7,100.0,6,2
S219,OOP,2,1,36.8,1,66.7,75.0,7,2
S219,Loops,2,1,23.5,1,68.4,100.0,8,2
S219,OOP,2,1,33.4,1,70.0,80.0,9,2
S219,Loops,2,1,22.3,1,71.4,100.0,10,2
S219,Functions,2,0,94.8,2,72.7,33.3,11,0
S219,Data Structures,0,1,16.0,1,69.6,100.0,0,2
S219,Functions,2,0,59.9,2,70.8,28.6,1,0
S219,Data Structures,0,1,16.0,1,68.0,100.0,0,2
S219,Variables,2,0,104.6,3,69.2,75.0,1,0
S219,Loops,0,1,12.0,1,66.7,100.0,0,2
S219,Variables,2,1,42.0,1,67.9,60.0,1,2
S219,Data Structures,2,0,43.7,3,69.0,100.0,2,1
S219,Functions,1,1,36.0,1,66.7,25.0,0,1
S219,Functions,1,1,33.4,1,67.7,33.3,1,1
S219,Loops,1,1,38.1,1,68.8,100.0,2,2
S219,Variables,2,0,28.7,2,69.7,66.7,3,0
S219,Functions,0,1,22.2,2,67.6,40.0,0,1
S219,Variables,1,1,23.0,1,68.6,57.1,1,2
S219,OOP,0,1,10.1,1,69.4,83.3,2,2
S219,OOP,2,1,30.9,1,70.3,85.7,3,2
S219,Variables,2,0,58.5,3,71.1,62.5,4,0
S219,OOP,0,1,9.6,2,69.2,87.5,0,2
S220,Loops,1,0,62.6,2,60.0,60.0,0,0
S220,Variables,0,1,16.3,1,0.0,0.0,0,1
S220,Data Structures,1,0,56.4,3,50.0,50.0,1,0
S220,Variables,0,1,23.3,1,33.3,100.0,0,2
S220,Functions,2,0,107.0,3,50.0,50.0,1,0
S220,OOP,2,0,88.6,2,40.0,40.0,0,0
S220,Variables,1,1,46.3,1,33.3,100.0,0,2
S220,Functions,2,0,121.9,2,42.9,0.0,1,0
S220,Loops,0,1,32.6,1,37.5,0.0,0,1
S220,OOP,1,0,38.0,2,44.4,0.0,1,1
S220,Variables,1,0,71.5,3,40.0,100.0,0,0
S220,Functions,1,0,25.9,2,36.4,0.0,0,0
S220,Variables,0,1,13.6,1,33.3,75.0,0,2
S220,Functions,0,1,14.0,1,38.5,0.0,1,1
S220,OOP,1,1,30.6,1,42.9,0.0,2,1
S220,Loops,1,1,41.1,2,46.7,50.0,3,1
S220,Variables,1,0,35.8,3,50.0,80.0,4,0
S220,Loops,0,1,18.3,1,47.1,66.7,0,2
S220,Variables,2,0,48.7,3,50.0,66.7,1,0
S220,OOP,0,1,13.4,1,47.4,33.3,0,1
S220,Loops,2,0,79.6,2,50.0,75.0,1,0
S220,OOP,0,1,22.7,1,47.6,50.0,0,1
S220,OOP,1,0,30.4,2,50.0,60.0,1,0
S220,Data Structures,0,0,26.6,3,47.8,0.0,0,0
S220,Variables,0,1,20.9,1,45.8,57.1,0,1
S220,Data Structures,1,1,65.6,1,48.0,0.0,1,1
S220,Loops,1,1,42.2,1,50.0,60.0,2,2
S220,OOP,2,0,60.1,2,51.9,50.0,3,0
S220,Functions,0,1,26.2,1,50.0,25.0,0,1
S220,Loops,1,0,38.0,2,51.7,66.7,1,0
S220,Functions,0,1,13.4,1,50.0,40.0,0,1
S220,Variables,0,0,19.3,3,51.6,62.5,1,0
S220,Variables,0,1,22.0,1,50.0,55.6,0,1
S220,Loops,0,1,21.2,2,51.5,57.1,1,1
S220,OOP,1,0,36.8,3,52.9,42.9,2,1
S220,Functions,1,0,24.8,1,51.4,50.0,0,0
S220,Functions,0,1,14.5,3,50.0,42.9,0,1
S220,Loops,1,0,47.4,3,51.4,62.5,1,0
S220,Loops,2,0,31.1,2,50.0,55.6,0,0
S220,OOP,0,0,21.2,3,48.7,37.5,0,0
S221,Loops,1,0,41.5,2,60.0,60.0,0,0
S221,Loops,1,0,57.9,1,0.0,0.0,0,0
S221,OOP,0,0,37.6,2,0.0,0.0,0,0
S221,Functions,2,0,54.8,3,0.0,0.0,0,0
S221,Loops,0,1,28.4,1,0.0,0.0,0,1
S221,Variables,1,0,46.7,3,20.0,20.0,1,0
S221,Functions,0,1,14.0,1,16.7,0.0,0,1
S221,Loops,1,0,61.9,1,28.6,33.3,1,0
S221,Loops,0,0,35.1,3,25.0,25.0,0,0
S221,Functions,0,0,43.2,3,22.2,50.0,0,0
S221,Data Structures,1,1,63.4,1,20.0,20.0,0,1
S221,Data Structures,2,0,121.3,3,27.3,100.0,1,0
S221,Loops,0,0,20.7,3,25.0,20.0,0,1
S221,Loops,1,0,38.2,3,23.1,16.7,0,0
S221,Loops,0,1,17.0,1,21.4,14.3,0,1
S221,OOP,1,0,62.2,3,26.7,0.0,1,0
S221,Data Structures,2,0,112.5,3,25.0,50.0,0,0
S221,Variables,0,1,26.7,1,23.5,0.0,0,1
S221,Loops,1,0,65.0,2,27.8,25.0,1,0
S221,Loops,0,0,35.0,3,26.3,22.2,0,0
S221,OOP,0,0,45.7,3,25.0,0.0,0,0
S221,Loops,0,1,21.1,1,23.8,20.0,0,1
S221,Functions,1,0,49.9,2,27.3,33.3,1,0
S221,OOP,2,0,84.3,2,26.1,0.0,0,0
S221,OOP,0,0,55.7,2,25.0,0.0,0,0
S221,OOP,0,0,35.5,3,24.0,0.0,0,0
S221,OOP,2,0,124.3,3,23.1,0.0,0,0
S221,OOP,0,0,28.9,2,22.2,0.0,0,0
S221,Data Structures,2,0,143.9,2,21.4,33.3,0,0
S221,Loops,0,1,36.1,1,20.7,27.3,0,1
S221,Variables,1,1,38.0,1,23.3,50.0,1,1
S221,Data Structures,1,0,64.5,3,25.8,25.0,2,0
S221,OOP,0,0,111.5,2,25.0,0.0,0,0
S221,Loops,0,1,24.4,1,24.2,33.3,0,1
S221,Loops,1,0,35.9,2,26.5,38.5,1,0
S221,Loops,0,1,29.6,1,25.7,35.7,0,1
S221,Loops,1,0,36.7,3,27.8,40.0,1,0
S221,Loops,0,1,19.3,1,27.0,37.5,0,1
S221,Variables,1,0,71.5,2,28.9,66.7,1,0
S221,Variables,0,1,16.3,1,28.2,50.0,0,1
S222,Loops,1,1,32.7,1,60.0,60.0,0,2
S222,Variables,2,0,159.7,1,100.0,100.0,1,1
S222,Data Structures,1,0,47.3,2,50.0,50.0,0,0
S222,OOP,0,1,20.5,1,33.3,33.3,0,1
S222,Functions,0,1,16.1,1,50.0,50.0,1,1
S222,OOP,1,0,58.3,3,60.0,100.0,2,0
S222,Variables,2,0,64.9,3,50.0,0.0,0,0
S222,Loops,0,1,18.0,1,42.9,100.0,0,2
S222,Functions,2,0,77.6,2,50.0,100.0,1,1
S222,Variables,1,0,42.5,2,44.4,0.0,0,0
S222,Data Structures,0,0,24.4,2,40.0,0.0,0,0
S222,Loops,0,1,18.3,1,36.4,100.0,0,2
S222,Data Structures,2,0,54.7,2,41.7,0.0,1,0
S222,OOP,0,1,19.7,1,38.5,50.0,0,1
S222,OOP,2,1,41.9,2,42.9,66.7,1,2
S222,OOP,2,0,73.0,3,46.7,75.0,2,0
S222,OOP,0,1,18.4,1,43.8,60.0,0,2
S222,Variables,2,0,58.7,1,47.1,0.0,1,0
S222,Data Structures,0,0,53.6,3,44.4,0.0,0,1
S222,Loops,1,0,28.9,3,42.1,100.0,0,1
S222,Data Structures,1,0,56.6,3,40.0,0.0,0,0
S222,Functions,0,1,16.9,1,38.1,50.0,0,1
S222,OOP,1,0,32.1,2,40.9,66.7,1,0
S222,Variables,0,1,20.5,2,39.1,0.0,0,1
S222,OOP,1,1,30.0,1,41.7,57.1,1,2
S222,Functions,2,0,73.2,3,44.0,66.7,2,0
S222,OOP,2,0,53.3,2,42.3,62.5,0,0
S222,Variables,0,1,25.0,1,40.7,20.0,0,1
S222,Loops,1,0,36.8,2,42.9,75.0,1,0
S222,OOP,0,1,15.6,1,41.4,55.6,0,2
S222,Functions,1,1,32.5,1,43.3,50.0,1,2
S222,Data Structures,2,0,103.8,3,45.2,0.0,2,0
S222,Variables,0,1,30.6,1,43.8,33.3,0,1
S222,Data Structures,1,0,48.8,3,45.5,0.0,1,1
S222,OOP,1,1,22.6,1,44.1,60.0,0,2
S222,OOP,2,0,98.6,2,45.7,63.6,1,0
S222,Variables,0,0,22.1,2,44.4,42.9,0,0
S222,Data Structures,0,0,24.3,3,43.2,0.0,0,0
S222,Functions,0,1,26.0,1,42.1,60.0,0,1
S222,Variables,2,0,110.5,2,43.6,37.5,1,0
S223,Data Structures,1,1,20.9,1,60.0,60.0,0,2
S223,Variables,2,0,59.8,3,100.0,100.0,1,1
S223,Functions,1,1,31.6,1,50.0,50.0,0,2
S223,Loops,1,1,58.5,3,66.7,66.7,1,1
S223,OOP,1,0,30.1,3,75.0,75.0,2,0
S223,Loops,0,0,18.8,2,60.0,100.0,0,1
S223,Loops,1,0,41.1,2,50.0,50.0,0,0
S223,Variables,0,1,12.3,1,42.9,0.0,0,1
S223,Data Structures,1,1,26.3,1,50.0,100.0,1,2
S223,OOP,2,0,74.3,2,55.6,0.0,2,0
S223,Loops,0,1,31.9,2,50.0,33.3,0,1
S223,Data Structures,1,1,38.7,1,54.5,100.0,1,2
S223,Loops,0,1,20.8,1,58.3,50.0,2,1
S223,Variables,2,0,73.4,3,61.5,50.0,3,0
S223,Functions,2,0,74.3,3,57.1,100.0,0,0
S223,Loops,0,1,17.1,1,53.3,60.0,0,2
S223,Functions,2,1,32.7,1,56.2,50.0,1,2
S223,Data Structures,2,1,43.0,1,58.8,100.0,2,2
S223,Variables,2,0,53.8,2,61.1,33.3,3,0
S223,Data Structures,1,0,50.5,1,57.9,100.0,0,1
S223,Loops,1,1,31.5,1,55.0,66.7,0,2
S223,OOP,1,0,28.8,2,57.1,0.0,1,0
S223,Loops,0,0,22.4,3,54.5,71.4,0,0
S223,Variables,0,1,14.6,1,52.2,25.0,0,1
S223,OOP,1,1,35.4,1,54.2,0.0,1,1
S223,Variables,1,0,33.0,2,56.0,40.0,2,0
S223,Functions,0,1,19.1,1,53.8,66.7,0,2
S223,Data Structures,2,0,51.6,2,55.6,80.0,1,0
S223,OOP,0,1,12.9,1,53.6,25.0,0,1
S223,Functions,1,0,52.7,2,55.2,75.0,1,0
S223,Functions,0,0,20.3,3,53.3,60.0,0,0
S223,OOP,0,1,12.3,1,51.6,40.0,0,1
S223,Variables,2,0,55.4,3,53.1,33.3,1,0
S223,Loops,0,1,18.1,1,51.5,62.5,0,2
S223,Data Structures,2,1,45.7,1,52.9,66.7,1,2
S223,OOP,2,0,44.2,2,54.3,50.0,2,0
S223,Variables,0,1,11.7,1,52.8,28.6,0,1
S223,OOP,1,1,21.9,1,54.1,42.9,1,2
S223,Variables,2,0,63.0,3,55.3,37.5,2,1
S223,Data Structures,1,0,45.7,3,53.8,71.4,0,0
S224,Variables,1,1,41.8,1,60.0,60.0,0,2
S224,Data Structures,2,0,55.2,2,100.0,100.0,1,1
S224,OOP,1,0,66.4,2,50.0,50.0,0,0
S224,Variables,0,0,23.6,3,33.3,100.0,0,0
S224,OOP,2,0,70.4,2,25.0,0.0,0,0
S224,Variables,0,1,30.4,1,20.0,50.0,0,1
S224,OOP,1,0,87.2,2,33.3,0.0,1,0
S224,Functions,0,1,9.4,1,28.6,28.6,0,1
S224,Loops,1,0,52.4,3,37.5,37.5,1,0
S224,Variables,0,0,21.3,3,33.3,66.7,0,0
S224,Functions,0,1,24.4,1,30.0,100.0,0,2
S224,Loops,2,0,87.7,2,36.4,0.0,1,0
S224,Functions,1,0,54.3,2,33.3,100.0,0,0
S224,Variables,2,0,128.9,3,30.8,50.0,0,0
S224,Data Structures,0,1,18.5,1,28.6,0.0,0,1
S224,Variables,1,0,41.5,2,33.3,40.0,1,0
S224,Variables,0,0,33.7,3,31.2,33.3,0,0
S224,Variables,0,0,34.2,2,29.4,28.6,0,0
S224,Data Structures,0,1,17.8,1,27.8,50.0,0,1
S224,OOP,1,1,28.0,2,31.6,0.0,1,1
S224,Variables,1,0,47.1,2,35.0,25.0,2,0
S224,OOP,0,1,14.8,1,33.3,25.0,0,1
S224,Variables,1,0,46.7,2,36.4,22.2,1,1
S224,Variables,1,0,38.3,3,34.8,20.0,0,0
S224,Data Structures,0,0,21.3,3,33.3,66.7,0,0
S224,Variables,0,1,16.2,1,32.0,18.2,0,1
S224,Loops,1,0,39.4,1,34.6,0.0,1,0
S224,Variables,0,0,23.3,2,33.3,25.0,0,0
S224,Functions,1,0,25.9,3,32.1,66.7,0,0
S224,Data Structures,0,1,19.1,1,31.0,50.0,0,2
S224,Variables,2,0,78.0,3,33.3,23.1,1,0
S224,Variables,0,0,24.4,3,32.3,21.4,0,0
S224,Variables,2,0,105.9,2,31.2,20.0,0,0
S224,OOP,0,1,22.8,2,30.3,40.0,0,1
S224,Variables,1,1,27.9,1,32.4,18.8,1,1
S224,Data Structures,0,0,42.5,3,34.3,60.0,2,0
S224,Functions,1,1,36.4,1,33.3,50.0,0,1
S224,Data Structures,1,1,28.3,1,35.1,50.0,1,2
S224,Loops,2,0,85.9,3,36.8,0.0,2,0
S224,Loops,0,1,20.4,1,35.9,0.0,0,1
S225,OOP,1,0,63.5,3,60.0,60.0,0,0
S225,Data Structures,0,0,35.3,2,0.0,0.0,0,0
S225,OOP,2,0,69.9,2,0.0,0.0,0,0
S225,Functions,0,0,40.5,2,0.0,0.0,0,0
S225,OOP,0,1,31.9,1,0.0,0.0,0,1
S225,Functions,1,0,50.8,3,20.0,0.0,1,0
S225,Variables,0,1,33.3,1,16.7,16.7,0,1
S225,Functions,1,0,69.3,3,28.6,0.0,1,0
S225,Functions,1,0,37.4,3,25.0,0.0,0,0
S225,Loops,0,1,14.0,1,22.2,22.2,0,1
S225,Variables,1,0,78.5,3,30.0,100.0,1,0
S225,Data Structures,1,0,68.1,3,27.3,0.0,0,0
S225,Variables,0,0,30.6,2,25.0,50.0,0,0
S225,OOP,0,1,32.3,1,23.1,33.3,0,1
S225,Loops,1,0,60.0,3,28.6,100.0,1,0
S225,Functions,0,0,26.2,3,26.7,0.0,0,0
S225,Loops,0,1,21.1,1,25.0,50.0,0,1
S225,Loops,1,1,28.6,1,29.4,66.7,1,2
S225,Data Structures,2,0,74.5,3,33.3,0.0,2,0
S225,Data Structures,0,0,29.3,1,31.6,0.0,0,0
S225,Variables,1,0,60.3,2,30.0,33.3,0,0
S225,Loops,0,1,23.4,1,28.6,75.0,0,2
S225,Variables,2,0,98.4,1,31.8,25.0,1,0
S225,Functions,0,1,19.5,1,30.4,0.0,0,1
S225,Functions,1,0,63.2,2,33.3,16.7,1,0
S225,OOP,0,0,43.5,2,32.0,50.0,0,0
S225,Data Structures,0,0,34.8,3,30.8,0.0,0,0
S225,Data Structures,1,0,88.6,2,29.6,0.0,0,0
S225,Data Structures,2,0,35.2,2,28.6,0.0,0,0
S225,Functions,0,0,39.0,3,27.6,14.3,0,0
S225,Loops,0,1,30.2,1,26.7,80.0,0,1
S225,Data Structures,1,0,37.2,1,29.0,0.0,1,0
S225,Variables,0,1,44.5,1,28.1,20.0,0,1
S225,Data Structures,1,0,79.7,2,30.3,0.0,1,0
S225,Loops,1,1,39.3,1,29.4,83.3,0,2
S225,Variables,2,0,45.7,2,31.4,33.3,1,0
S225,Data Structures,0,1,40.7,1,30.6,0.0,0,1
S225,Variables,1,0,66.8,2,32.4,28.6,1,0
S225,OOP,2,0,91.9,2,31.6,40.0,0,0
S225,Data Structures,0,0,34.5,3,30.8,10.0,0,0
S226,Loops,1,0,42.3,3,60.0,60.0,0,0
S226,Variables,0,1,19.2,1,0.0,0.0,0,1
S226,Loops,1,0,38.5,2,50.0,0.0,1,0
S226,OOP,0,1,6.8,1,33.3,33.3,0,2
S226,Loops,2,0,81.6,3,50.0,0.0,1,0
S226,OOP,0,1,8.0,1,40.0,100.0,0,2
S226,Loops,1,1,15.2,1,50.0,0.0,1,1
S226,Variables,2,1,50.9,1,57.1,100.0,2,2
S226,Loops,2,0,66.6,2,62.5,25.0,3,0
S226,Functions,0,1,13.5,1,55.6,55.6,0,2
S226,OOP,2,1,44.8,1,60.0,100.0,1,2
S226,OOP,0,1,12.3,1,63.6,100.0,2,2
S226,Functions,2,1,50.3,1,66.7,100.0,3,2
S226,OOP,2,1,27.7,1,69.2,100.0,4,2
S226,OOP,0,1,13.9,1,71.4,100.0,5,2
S226,Loops,2,0,87.4,1,73.3,20.0,6,0
S226,Variables,0,1,13.1,1,68.8,100.0,0,2
S226,Data Structures,2,0,80.7,2,70.6,70.6,1,0
S226,Loops,0,1,14.9,1,66.7,16.7,0,1
S226,Loops,0,0,24.1,3,68.4,28.6,1,0
S226,Functions,0,1,16.9,3,65.0,100.0,0,2
S226,Functions,2,0,54.6,3,66.7,100.0,1,1
S226,Variables,1,1,38.2,1,63.6,100.0,0,1
S226,OOP,2,1,33.4,1,65.2,100.0,1,2
S226,Functions,2,1,68.9,1,66.7,75.0,2,2
S226,Loops,2,0,87.4,2,68.0,25.0,3,0
S226,OOP,0,1,9.1,1,65.4,100.0,0,2
S226,Functions,2,0,64.8,2,66.7,80.0,1,0
S226,Loops,0,1,9.7,2,64.3,22.2,0,1
S226,OOP,1,1,15.4,1,65.5,100.0,1,2
S226,OOP,2,1,34.5,1,66.7,100.0,2,2
S226,Functions,2,0,76.8,2,67.7,66.7,3,0
S226,Data Structures,0,1,15.6,1,65.6,0.0,0,1
S226,Loops,1,1,42.3,1,66.7,30.0,1,1
S226,Data Structures,1,1,31.9,1,67.6,50.0,2,2
S226,OOP,0,1,10.2,1,68.6,100.0,3,2
S226,Data Structures,2,0,74.5,3,69.4,66.7,4,0
S226,Variables,0,1,24.2,1,67.6,100.0,0,2
S226,Functions,2,0,40.1,2,68.4,57.1,1,0
S226,Data Structures,0,1,18.3,1,66.7,50.0,0,2
S227,Data Structures,1,0,41.0,3,60.0,60.0,0,0
S227,Variables,1,0,30.6,2,0.0,0.0,0,1
S227,Loops,1,1,38.0,1,0.0,0.0,0,1
S227,Loops,1,0,60.1,2,33.3,100.0,1,1
S227,Functions,1,0,64.1,3,25.0,25.0,0,0
S227,Variables,0,1,14.2,1,20.0,0.0,0,1
S227,Functions,1,1,34.5,1,33.3,0.0,1,1
S227,Functions,1,1,31.1,1,42.9,50.0,2,2
S227,Data Structures,2,0,69.9,2,50.0,0.0,3,0
S227,OOP,0,1,23.4,1,44.4,44.4,0,1
S227,Loops,1,0,45.5,3,50.0,50.0,1,0
S227,OOP,0,1,17.0,2,45.5,100.0,0,2
S227,Data Structures,2,0,108.7,3,50.0,0.0,1,0
S227,Variables,1,0,31.5,3,46.2,50.0,0,0
S227,Functions,2,0,72.9,2,42.9,66.7,0,0
S227,Data Structures,0,1,32.1,1,40.0,0.0,0,1
S227,Loops,2,0,85.9,2,43.8,33.3,1,0
S227,Variables,0,1,29.8,1,41.2,33.3,0,1
S227,Functions,1,0,68.5,2,44.4,50.0,1,0
S227,Variables,0,1,15.0,1,42.1,50.0,0,1
S227,Data Structures,1,1,33.7,2,45.0,25.0,1,2
S227,Loops,2,0,50.3,2,47.6,25.0,2,0
S227,Data Structures,0,0,32.1,2,45.5,40.0,0,0
S227,Loops,0,1,29.7,3,43.5,20.0,0,1
S227,OOP,1,1,53.4,1,45.8,100.0,1,2
S227,OOP,2,0,97.7,3,48.0,100.0,2,0
S227,OOP,0,1,19.3,1,46.2,75.0,0,2
S227,Functions,0,0,29.4,3,48.1,40.0,1,0
S227,Loops,2,0,134.0,2,46.4,33.3,0,0
S227,Data Structures,0,0,38.5,2,44.8,33.3,0,0
S227,Functions,0,0,24.6,3,43.3,33.3,0,0
S227,Loops,0,0,25.3,2,41.9,28.6,0,0
S227,Data Structures,0,1,24.2,1,40.6,28.6,0,2
S227,Loops,1,0,53.7,3,42.4,25.0,1,0
S227,OOP,0,0,35.0,2,41.2,80.0,0,0
S227,Functions,0,1,28.1,1,40.0,28.6,0,1
S227,Loops,1,0,97.6,2,41.7,22.2,1,0
S227,Data Structures,0,1,12.4,1,40.5,37.5,0,1
S227,Functions,1,0,80.6,3,42.1,37.5,1,0
S227,Variables,0,1,10.8,1,41.0,60.0,0,2
S228,Functions,1,1,23.9,1,60.0,60.0,0,2
S228,Functions,2,1,28.1,1,100.0,100.0,1,2
S228,OOP,2,1,23.8,1,100.0,100.0,2,2
S228,Functions,2,1,26.1,2,100.0,100.0,3,2
S228,Data Structures,2,0,44.6,2,100.0,100.0,4,1
S228,Loops,1,1,11.9,1,80.0,80.0,0,2
S228,OOP,2,1,31.2,1,83.3,100.0,1,2
S228,Loops,2,1,22.6,1,85.7,100.0,2,2
S228,Functions,2,0,34.7,3,87.5,100.0,3,1
S228,OOP,2,1,19.8,1,77.8,100.0,0,2
S228,OOP,0,1,10.6,1,80.0,100.0,1,2
S228,Functions,1,1,14.3,1,81.8,75.0,2,2
S228,Variables,1,1,22.9,1,83.3,83.3,3,2
S228,Variables,1,1,18.9,1,84.6,100.0,4,2
S228,Functions,1,1,24.3,1,85.7,80.0,5,2
S228,Functions,1,1,46.7,1,86.7,83.3,6,2
S228,Data Structures,1,1,30.2,1,87.5,0.0,7,1
S228,OOP,1,1,16.9,1,88.2,100.0,8,2
S228,Loops,2,1,25.7,1,88.9,100.0,9,2
S228,OOP,2,1,15.5,1,89.5,100.0,10,2
S228,Functions,2,1,28.3,1,90.0,85.7,11,2
S228,Variables,2,0,26.4,3,90.5,100.0,12,1
S228,Functions,1,0,31.0,3,86.4,87.5,0,1
S228,Loops,1,1,12.4,1,82.6,100.0,0,2
S228,Functions,2,1,40.8,1,83.3,77.8,1,2
S228,Data Structures,0,1,9.8,1,84.0,50.0,2,2
S228,Variables,2,1,29.5,1,84.6,66.7,3,2
S228,Variables,0,1,9.7,1,85.2,75.0,4,2
S228,Functions,2,1,52.3,1,85.7,80.0,5,2
S228,Functions,1,1,21.7,1,86.2,81.8,6,2
S228,OOP,1,1,28.0,1,86.7,100.0,7,2
S228,OOP,2,1,21.0,1,87.1,100.0,8,2
S228,Data Structures,2,1,32.9,1,87.5,66.7,9,2
S228,Functions,2,0,35.2,2,87.9,83.3,10,1
S228,Functions,1,1,24.8,1,85.3,76.9,0,2
S228,Variables,2,1,39.9,1,85.7,80.0,1,2
S228,Data Structures,1,1,23.1,1,86.1,75.0,2,2
S228,OOP,2,1,31.9,1,86.5,100.0,3,2
S228,Functions,2,1,41.1,3,86.8,78.6,4,1
S228,Loops,1,1,14.5,1,87.2,100.0,5,2
S229,Variables,1,1,27.7,1,60.0,60.0,0,2
S229,Functions,2,0,51.9,3,100.0,100.0,1,1
S229,Loops,1,1,20.8,1,50.0,50.0,0,2
S229,Functions,2,1,25.3,1,66.7,0.0,1,1
S229,OOP,1,0,22.0,3,75.0,75.0,2,0
S229,Functions,0,1,16.4,1,60.0,50.0,0,2
S229,Functions,2,0,35.6,2,66.7,66.7,1,0
S229,Data Structures,0,1,11.3,1,57.1,57.1,0,1
S229,OOP,1,1,25.1,1,62.5,0.0,1,1
S229,Functions,1,1,16.7,1,66.7,50.0,2,2
S229,OOP,2,1,25.5,1,70.0,50.0,3,2
S229,OOP,2,0,36.3,3,72.7,66.7,4,0
S229,Data Structures,0,1,16.8,1,66.7,100.0,0,2
S229,OOP,0,1,11.6,1,69.2,50.0,1,2
S229,Data Structures,2,1,26.0,1,71.4,100.0,2,2
S229,Data Structures,1,1,11.3,1,73.3,100.0,3,2
S229,OOP,2,0,56.0,3,75.0,60.0,4,0
S229,Variables,0,1,14.3,2,70.6,100.0,0,2
S229,Variables,0,1,14.7,1,72.2,100.0,1,2
S229,Loops,2,1,28.4,1,73.7,100.0,2,2
S229,OOP,2,1,44.2,1,75.0,50.0,3,1
S229,Functions,1,1,17.9,1,76.2,60.0,4,2
S229,Functions,2,1,23.2,1,77.3,66.7,5,2
S229,Data Structures,2,1,19.9,1,78.3,100.0,6,2
S229,Loops,2,1,28.7,1,79.2,100.0,7,2
S229,Loops,2,1,31.1,1,80.0,100.0,8,2
S229,Functions,2,1,27.2,1,80.8,71.4,9,2
S229,Variables,2,0,43.7,2,81.5,100.0,10,1
S229,Variables,1,1,25.3,1,78.6,75.0,0,2
S229,Loops,1,1,17.2,1,79.3,100.0,1,2
S229,OOP,2,1,54.0,1,80.0,57.1,2,2
S229,Data Structures,0,0,11.1,2,80.6,100.0,3,1
S229,Loops,0,1,5.5,1,78.1,100.0,0,2
S229,Functions,2,0,48.9,2,78.8,75.0,1,1
S229,Data Structures,2,1,21.0,1,76.5,83.3,0,2
S229,Variables,2,1,20.4,1,77.1,80.0,1,2
S229,Variables,2,0,29.7,2,77.8,83.3,2,1
S229,Data Structures,1,1,19.3,1,75.7,85.7,0,2
S229,Loops,2,1,27.0,1,76.3,100.0,1,2
S229,OOP,2,1,24.6,1,76.9,62.5,2,2
S230,Variables,1,1,47.0,1,60.0,60.0,0,2
S230,Loops,2,1,29.9,1,100.0,100.0,1,2
S230,OOP,2,0,41.4,1,100.0,100.0,2,1
S230,OOP,1,1,33.0,3,66.7,0.0,0,0
S230,Functions,0,1,13.9,1,75.0,75.0,1,2
S230,OOP,2,1,48.2,1,80.0,50.0,2,2
S230,Loops,2,0,44.5,3,83.3,100.0,3,1
S230,OOP,1,0,37.2,1,71.4,66.7,0,1
S230,Variables,1,1,51.2,2,62.5,100.0,0,2
S230,OOP,2,0,57.5,2,66.7,50.0,1,0
S230,Functions,0,1,16.3,1,60.0,100.0,0,2
S230,Functions,2,0,50.2,2,63.6,100.0,1,1
S230,Loops,1,1,18.0,1,58.3,50.0,0,2
S230,Variables,2,0,94.3,3,61.5,100.0,1,0
S230,OOP,0,1,22.2,1,57.1,40.0,0,1
S230,Functions,1,1,12.0,1,60.0,66.7,1,2
S230,Functions,2,0,57.4,2,62.5,75.0,2,0
S230,Loops,0,1,10.7,1,58.8,66.7,0,2
S230,Loops,2,1,48.4,1,61.1,75.0,1,2
S230,Functions,1,1,29.5,1,63.2,60.0,2,2
S230,Functions,2,1,71.8,1,65.0,66.7,3,2
S230,OOP,2,0,51.1,3,66.7,50.0,4,0
S230,Functions,1,1,17.2,1,63.6,71.4,0,2
S230,Data Structures,2,0,55.1,2,65.2,65.2,1,0
S230,Variables,0,1,27.1,2,62.5,66.7,0,1
S230,Data Structures,1,1,12.2,1,64.0,0.0,1,0
S230,OOP,0,1,13.6,1,65.4,42.9,2,2
S230,Data Structures,2,0,43.8,1,66.7,50.0,3,0
S230,Loops,0,1,9.5,2,64.3,80.0,0,2
S230,Loops,2,1,22.2,1,65.5,83.3,1,2
S230,Variables,0,1,23.6,1,66.7,75.0,2,2
S230,Data Structures,2,1,51.2,1,67.7,33.3,3,2
S230,Variables,2,0,61.9,3,68.8,80.0,4,0
S230,Functions,0,1,17.5,1,66.7,75.0,0,2
S230,Data Structures,2,1,33.5,1,67.6,50.0,1,2
S230,Functions,2,1,59.3,1,68.6,77.8,2,2
S230,Variables,0,1,20.5,1,69.4,66.7,3,2
S230,Data Structures,2,1,25.7,1,70.3,60.0,4,2
S230,OOP,2,1,81.9,1,71.1,50.0,5,2
S230,Functions,2,0,27.4,2,71.8,80.0,6,1
S231,Loops,1,1,25.0,1,60.0,60.0,0,2
S231,Loops,2,0,50.9,3,100.0,100.0,1,1
S231,OOP,1,1,20.0,1,50.0,50.0,0,2
S231,Variables,2,1,45.3,1,66.7,66.7,1,2
S231,Data Structures,0,1,23.3,2,75.0,75.0,2,2
S231,Variables,1,1,22.0,1,80.0,100.0,3,2
S231,Data Structures,2,0,55.7,2,83.3,100.0,4,1
S231,Loops,0,1,19.7,1,71.4,50.0,0,2
S231,Data Structures,0,1,15.0,1,75.0,50.0,1,2
S231,Data Structures,2,0,60.6,3,77.8,66.7,2,0
S231,Loops,0,1,8.9,1,70.0,66.7,0,2
S231,Variables,2,0,84.1,2,72.7,100.0,1,0
S231,Data Structures,0,1,16.3,3,66.7,50.0,0,1
S231,Variables,1,1,22.7,1,69.2,66.7,1,2
S231,Functions,2,0,59.6,2,71.4,71.4,2,0
S231,Functions,0,1,11.0,1,66.7,0.0,0,1
S231,Functions,2,1,64.8,1,68.8,50.0,1,2
S231,Functions,0,1,15.5,1,70.6,66.7,2,2
S231,Functions,0,1,17.9,1,72.2,75.0,3,2
S231,OOP,0,1,10.6,1,73.7,100.0,4,2
S231,Functions,2,0,81.2,2,75.0,80.0,5,0
S231,Functions,0,1,21.7,1,71.4,66.7,0,2
S231,Data Structures,1,1,21.5,1,72.7,60.0,1,2
S231,OOP,2,0,53.9,3,73.9,100.0,2,1
S231,Data Structures,1,1,22.2,2,70.8,66.7,0,2
S231,Functions,2,0,47.9,2,72.0,71.4,1,0
S231,Loops,1,1,19.2,1,69.2,75.0,0,2
S231,Data Structures,2,1,58.2,1,70.4,71.4,1,2
S231,Variables,0,1,20.8,1,71.4,75.0,2,2
S231,OOP,1,1,21.0,1,72.4,66.7,3,2
S231,Variables,2,1,48.3,1,73.3,80.0,4,2
S231,Data Structures,2,0,71.5,2,74.2,75.0,5,0
S231,Variables,0,1,13.7,1,71.9,83.3,0,2
S231,Loops,2,0,30.7,2,72.7,80.0,1,1
S231,OOP,1,1,32.9,1,70.6,75.0,0,2
S231,Functions,2,0,43.6,3,71.4,62.5,1,0
S231,OOP,0,1,16.9,1,69.4,80.0,0,2
S231,Variables,2,1,29.1,1,70.3,85.7,1,2
S231,Loops,2,1,34.0,1,71.1,66.7,2,2
S231,Variables,2,0,45.9,2,71.8,87.5,3,1
S232,Variables,1,0,33.9,2,60.0,60.0,0,0
S232,Variables,0,1,26.5,1,0.0,0.0,0,1
S232,Variables,0,0,37.2,2,50.0,50.0,1,0
S232,Data Structures,2,0,61.4,3,33.3,33.3,0,0
S232,OOP,2,0,101.2,3,25.0,25.0,0,0
S232,Data Structures,0,1,24.9,2,20.0,0.0,0,1
S232,OOP,1,0,75.4,1,33.3,0.0,1,0
S232,Loops,0,1,20.8,1,28.6,28.6,0,1
S232,Functions,1,1,22.8,2,37.5,37.5,1,1
S232,Functions,1,0,42.8,2,44.4,100.0,2,0
S232,Variables,0,1,23.9,1,40.0,33.3,0,1
S232,Loops,1,1,38.0,1,45.5,100.0,1,2
S232,Loops,2,1,40.3,1,50.0,100.0,2,2
S232,Functions,2,0,35.9,2,53.8,50.0,3,0
S232,Loops,0,1,16.6,1,50.0,100.0,0,1
S232,Data Structures,1,1,45.2,1,53.3,50.0,1,2
S232,Functions,2,0,50.7,2,56.2,33.3,2,0
S232,Variables,0,0,40.8,2,52.9,50.0,0,0
S232,Functions,0,1,15.3,3,50.0,25.0,0,1
S232,Variables,1,0,69.6,2,52.6,40.0,1,0
S232,Loops,1,0,51.4,3,50.0,100.0,0,0
S232,Variables,0,1,24.5,1,47.6,33.3,0,1
S232,Data Structures,1,1,35.3,1,50.0,66.7,1,2
S232,OOP,2,0,100.2,2,52.2,0.0,2,0
S232,Variables,1,0,100.9,2,50.0,42.9,0,0
S232,Variables,0,0,27.7,3,48.0,37.5,0,0
S232,OOP,1,1,25.7,1,46.2,0.0,0,1
S232,OOP,1,0,53.3,3,48.1,25.0,1,0
S232,Data Structures,0,1,16.2,1,46.4,75.0,0,2
S232,Functions,2,0,45.9,3,48.3,40.0,1,1
S232,Variables,0,0,35.2,2,46.7,33.3,0,0
S232,Variables,1,0,32.9,2,45.2,30.0,0,0
S232,Functions,0,1,12.3,1,43.8,33.3,0,1
S232,Functions,1,0,43.4,3,45.5,42.9,1,0
S232,Data Structures,0,1,15.5,1,44.1,80.0,0,2
S232,Functions,2,0,42.4,3,45.7,37.5,1,0
S232,Data Structures,0,1,10.5,1,44.4,83.3,0,2
S232,Data Structures,2,1,36.1,1,45.9,85.7,1,2
S232,Loops,2,0,109.7,3,47.4,80.0,2,0
S232,Loops,0,1,11.9,1,46.2,66.7,0,2
S233,Loops,1,1,53.3,2,60.0,60.0,0,1
S233,Data Structures,1,1,25.2,1,100.0,100.0,1,2
S233,Loops,2,0,65.3,3,100.0,100.0,2,1
S233,Data Structures,1,0,67.6,2,66.7,100.0,0,0
S233,Data Structures,0,1,21.4,2,50.0,50.0,0,1
S233,OOP,1,0,46.0,2,60.0,60.0,1,0
S233,Data Structures,0,1,20.9,1,50.0,66.7,0,2
S233,OOP,2,0,68.8,2,57.1,0.0,1,0
S233,Loops,0,0,58.9,3,50.0,50.0,0,0
S233,Data Structures,0,1,18.6,2,44.4,75.0,0,1
S233,OOP,1,0,37.8,2,50.0,0.0,1,0
S233,Loops,0,1,18.6,2,45.5,33.3,0,1
S233,OOP,1,0,70.9,3,50.0,0.0,1,0
S233,Data Structures,0,1,17.9,2,46.2,80.0,0,1
S233,OOP,1,1,26.2,1,50.0,0.0,1,1
S233,Variables,0,0,28.7,2,53.3,53.3,2,0
S233,Data Structures,2,1,50.6,3,50.0,83.3,0,2
S233,Data Structures,2,0,70.7,2,52.9,85.7,1,0
S233,OOP,0,0,19.9,3,50.0,20.0,0,0
S233,Variables,0,0,32.1,3,47.4,0.0,0,0
S233,Loops,1,0,180.0,2,45.0,50.0,0,0
S233,Functions,0,0,26.9,2,42.9,42.9,0,0
S233,Loops,0,0,31.1,2,40.9,40.0,0,0
S233,Data Structures,0,1,14.0,1,39.1,75.0,0,2
S233,Data Structures,2,0,85.2,3,41.7,77.8,1,0
S233,Variables,0,0,55.6,3,40.0,0.0,0,0
S233,OOP,0,1,35.0,1,38.5,16.7,0,1
S233,Variables,1,0,38.0,3,40.7,0.0,1,0
S233,Variables,0,0,34.9,2,39.3,0.0,0,0
S233,Loops,0,0,31.8,3,37.9,33.3,0,0
S233,Loops,0,0,20.8,2,36.7,28.6,0,0
S233,Loops,0,0,32.5,3,35.5,25.0,0,0
S233,OOP,0,0,29.6,3,34.4,28.6,0,0
S233,Loops,0,0,33.7,3,33.3,22.2,0,0
S233,Data Structures,0,1,14.2,1,32.4,70.0,0,2
S233,OOP,2,0,105.4,3,34.3,25.0,1,0
S233,OOP,0,1,24.6,1,33.3,22.2,0,1
S233,Functions,0,0,25.5,1,35.1,0.0,1,0
S233,Loops,0,0,20.6,3,34.2,20.0,0,0
S233,Functions,0,0,22.3,2,33.3,0.0,0,0
S234,OOP,1,1,23.8,1,60.0,60.0,0,2
S234,Data Structures,1,0,50.0,2,100.0,100.0,1,1
S234,Loops,1,1,31.0,1,50.0,50.0,0,2
S234,Functions,1,1,30.4,3,66.7,66.7,1,2
S234,Loops,2,0,67.8,3,75.0,100.0,2,1
S234,Loops,1,0,33.1,3,60.0,50.0,0,0
S234,Data Structures,0,0,27.0,3,50.0,0.0,0,0
S234,Loops,0,1,19.3,1,42.9,33.3,0,1
S234,Data Structures,1,0,40.2,3,50.0,0.0,1,0
S234,Functions,0,1,23.7,1,44.4,100.0,0,2
S234,Variables,2,0,64.9,3,50.0,50.0,1,0
S234,Functions,0,1,15.8,1,45.5,100.0,0,2
S234,OOP,2,1,27.9,1,50.0,100.0,1,2
S234,Functions,2,0,59.1,3,53.8,100.0,2,1
S234,Loops,1,0,53.0,2,50.0,50.0,0,0
S234,Variables,0,1,14.4,1,46.7,0.0,0,1
S234,Data Structures,1,0,34.4,3,50.0,0.0,1,0
S234,Variables,0,1,16.3,1,47.1,50.0,0,1
S234,Data Structures,1,1,53.0,1,50.0,0.0,1,1
S234,Functions,1,1,29.1,1,52.6,75.0,2,2
S234,Loops,1,1,22.0,1,55.0,40.0,3,2
S234,Loops,2,1,44.1,1,57.1,50.0,4,2
S234,Loops,2,0,67.2,3,59.1,57.1,5,0
S234,Data Structures,2,0,76.5,2,56.5,20.0,0,0
S234,Functions,0,1,14.7,1,54.2,80.0,0,2
S234,OOP,2,0,49.2,1,56.0,100.0,1,1
S234,OOP,1,1,21.7,2,53.8,66.7,0,2
S234,Variables,2,0,76.1,3,55.6,66.7,1,0
S234,Data Structures,0,1,29.4,1,53.6,16.7,0,1
S234,Variables,2,1,37.1,1,55.2,50.0,1,2
S234,Loops,2,1,46.3,1,56.7,50.0,2,2
S234,Variables,2,0,44.4,2,58.1,60.0,3,0
S234,Loops,0,1,17.5,1,56.2,55.6,0,2
S234,Loops,2,0,88.1,2,57.6,60.0,1,0
S234,OOP,0,1,11.5,1,55.9,75.0,0,1
S234,OOP,2,0,42.0,2,57.1,80.0,1,0
S234,Functions,0,1,16.8,3,55.6,83.3,0,2
S234,Variables,1,1,27.7,1,56.8,50.0,1,2
S234,OOP,2,1,21.1,1,57.9,66.7,2,2
S234,OOP,2,0,36.1,3,59.0,71.4,3,0
S235,Variables,1,1,30.2,1,60.0,60.0,0,2
S235,Loops,1,0,83.0,3,100.0,100.0,1,0
S235,Functions,0,1,22.7,1,50.0,50.0,0,1
S235,Variables,2,0,42.5,2,66.7,100.0,1,1
S235,Data Structures,1,0,71.7,3,50.0,50.0,0,0
S235,Loops,0,0,43.6,2,40.0,0.0,0,0
S235,OOP,0,1,24.8,1,33.3,33.3,0,1
S235,Data Structures,1,0,44.1,2,42.9,0.0,1,0
S235,Variables,0,1,14.7,1,37.5,50.0,0,1
S235,Loops,2,0,42.1,2,44.4,0.0,1,0
S235,Functions,0,0,17.8,2,40.0,100.0,0,1
S235,Variables,0,1,12.1,1,36.4,66.7,0,2
S235,Variables,1,0,39.4,2,41.7,75.0,1,1
S235,OOP,2,0,105.8,2,38.5,100.0,0,0
S235,Functions,0,0,39.1,2,35.7,50.0,0,0
S235,Variables,0,1,15.7,1,33.3,60.0,0,2
S235,Variables,2,0,64.4,2,37.5,66.7,1,0
S235,Variables,0,1,18.8,1,35.3,57.1,0,1
S235,Variables,1,0,36.5,2,38.9,62.5,1,0
S235,Data Structures,0,1,30.6,1,36.8,0.0,0,1
S235,Variables,1,1,18.3,1,40.0,55.6,1,2
S235,Data Structures,2,0,110.5,2,42.9,33.3,2,0
S235,Variables,0,1,26.4,1,40.9,60.0,0,1
S235,Variables,1,1,45.4,1,43.5,63.6,1,2
S235,Functions,0,0,27.5,2,45.8,33.3,2,1
S235,Functions,1,0,31.8,3,44.0,25.0,0,0
S235,Data Structures,1,0,65.4,2,42.3,25.0,0,0
S235,Loops,0,0,29.4,3,40.7,0.0,0,0
S235,Variables,0,0,21.0,3,39.3,66.7,0,0
S235,OOP,0,0,32.1,2,37.9,50.0,0,0
S235,Loops,0,1,27.4,1,36.7,0.0,0,1
S235,Data Structures,1,0,83.5,3,38.7,20.0,1,0
S235,OOP,0,1,14.0,1,37.5,33.3,0,1
S235,Data Structures,1,0,40.1,2,39.4,16.7,1,0
S235,Variables,0,1,19.2,1,38.2,61.5,0,1
S235,Data Structures,1,0,54.0,3,40.0,14.3,1,0
S235,Functions,0,0,23.1,3,38.9,20.0,0,0
S235,Loops,0,1,23.7,1,37.8,20.0,0,1
S235,Data Structures,0,0,29.0,2,39.5,12.5,1,0
S235,Variables,0,1,15.7,1,38.5,64.3,0,2
S236,OOP,1,1,18.8,1,60.0,60.0,0,2
S236,Functions,2,1,25.5,1,100.0,100.0,1,2
S236,Variables,2,1,45.2,1,100.0,100.0,2,2
S236,Functions,2,0,49.7,2,100.0,100.0,3,1
S236,Data Structures,1,1,18.5,1,75.0,75.0,0,2
S236,Variables,2,1,34.4,1,80.0,100.0,1,2
S236,OOP,2,1,32.2,1,83.3,100.0,2,2
S236,OOP,2,1,34.3,1,85.7,100.0,3,2
S236,OOP,2,0,58.5,3,87.5,100.0,4,1
S236,Variables,1,1,26.0,1,77.8,100.0,0,2
S236,OOP,2,1,23.8,1,80.0,75.0,1,2
S236,Data Structures,2,1,32.8,1,81.8,100.0,2,2
S236,Loops,1,1,21.7,1,83.3,83.3,3,2
S236,OOP,2,1,26.4,1,84.6,80.0,4,2
S236,OOP,2,1,36.4,2,85.7,83.3,5,2
S236,Loops,2,0,61.9,2,86.7,100.0,6,1
S236,Functions,1,1,21.5,1,81.2,50.0,0,2
S236,Loops,2,1,32.8,2,82.4,50.0,1,2
S236,Data Structures,1,1,18.4,1,83.3,100.0,2,2
S236,OOP,1,1,17.2,1,84.2,85.7,3,2
S236,OOP,2,1,29.2,1,85.0,87.5,4,2
S236,Functions,2,1,46.7,1,85.7,66.7,5,2
S236,Functions,2,0,41.4,2,86.4,75.0,6,1
S236,Loops,1,1,28.4,1,82.6,66.7,0,2
S236,OOP,2,1,26.0,1,83.3,88.9,1,2
S236,OOP,2,1,21.4,1,84.0,90.0,2,2
S236,OOP,2,0,31.2,3,84.6,90.9,3,1
S236,Loops,1,1,30.0,1,81.5,75.0,0,2
S236,Functions,2,0,40.5,2,82.1,60.0,1,0
S236,OOP,0,1,5.2,1,79.3,83.3,0,2
S236,OOP,2,1,30.1,1,80.0,84.6,1,2
S236,Loops,2,1,32.7,1,80.6,80.0,2,1
S236,Loops,1,1,31.6,1,81.2,83.3,3,2
S236,Variables,2,0,34.1,2,81.8,100.0,4,1
S236,Data Structures,0,1,9.8,1,79.4,100.0,0,2
S236,Data Structures,2,1,29.5,1,80.0,100.0,1,2
S236,Functions,2,0,58.5,3,80.6,50.0,2,0
S236,Data Structures,0,1,8.4,1,78.4,100.0,0,2
S236,Functions,2,0,37.5,3,78.9,42.9,1,0
S236,Loops,1,1,11.7,1,76.9,85.7,0,2
S237,OOP,1,0,60.8,2,60.0,60.0,0,0
S237,Data Structures,0,1,23.7,1,0.0,0.0,0,1
S237,OOP,1,0,70.7,3,50.0,0.0,1,0
S237,Variables,0,1,21.3,1,33.3,33.3,0,1
S237,Functions,1,1,27.6,1,50.0,50.0,1,2
S237,Data Structures,2,0,77.9,2,60.0,100.0,2,1
S237,OOP,1,0,37.1,2,50.0,0.0,0,0
S237,Variables,0,0,28.8,2,42.9,100.0,0,0
S237,Loops,1,0,56.9,1,37.5,37.5,0,0
S237,Loops,0,1,18.3,1,33.3,0.0,0,1
S237,Variables,2,0,77.4,2,40.0,50.0,1,0
S237,Functions,0,0,31.0,2,36.4,100.0,0,0
S237,Variables,0,1,33.0,1,33.3,33.3,0,1
S237,Data Structures,0,1,18.6,1,38.5,50.0,1,1
S237,OOP,1,0,99.0,2,42.9,0.0,2,0
S237,Variables,0,1,17.6,1,40.0,50.0,0,1
S237,OOP,1,0,98.1,2,43.8,0.0,1,0
S237,Loops,0,0,29.4,3,41.2,50.0,0,0
S237,Variables,0,1,19.4,1,38.9,60.0,0,1
S237,Variables,1,0,71.8,3,42.1,66.7,1,0
S237,Loops,0,1,16.7,1,40.0,33.3,0,1
S237,Loops,0,1,20.9,1,42.9,50.0,1,1
S237,Variables,1,1,27.0,1,45.5,57.1,2,2
S237,Functions,2,0,57.2,3,47.8,50.0,3,0
S237,Functions,0,1,23.9,1,45.8,33.3,0,1
S237,OOP,1,0,61.3,3,48.0,0.0,1,0
S237,OOP,0,1,21.1,1,46.2,0.0,0,1
S237,Functions,1,0,67.2,2,48.1,50.0,1,0
S237,OOP,0,1,26.7,1,46.4,14.3,0,1
S237,OOP,1,0,67.9,3,48.3,25.0,1,0
S237,Loops,0,0,19.7,3,46.7,60.0,0,0
S237,OOP,0,1,26.2,1,45.2,22.2,0,1
S237,Data Structures,1,1,41.0,1,46.9,66.7,1,2
S237,Variables,2,0,68.3,3,48.5,62.5,2,0
S237,Loops,1,0,74.7,2,47.1,50.0,0,0
S237,Variables,1,0,47.5,2,45.7,55.6,0,0
S237,Data Structures,0,1,17.7,1,44.4,75.0,0,2
S237,Loops,0,1,20.2,1,45.9,42.9,1,2
S237,Data Structures,2,0,47.6,3,47.4,80.0,2,0
S237,Variables,0,1,31.9,1,46.2,50.0,0,1
S238,Variables,1,1,39.4,1,60.0,60.0,0,2
S238,Data Structures,2,0,61.2,3,100.0,100.0,1,1
S238,Variables,1,0,43.6,2,50.0,100.0,0,1
S238,Loops,1,1,23.9,1,33.3,33.3,0,1
S238,Data Structures,1,0,60.8,3,50.0,0.0,1,0
S238,OOP,0,1,11.1,2,40.0,40.0,0,1
S238,Data Structures,1,1,41.4,1,50.0,0.0,1,1
S238,Variables,2,0,102.1,3,57.1,50.0,2,0
S238,Loops,0,1,21.9,1,50.0,100.0,0,2
S238,Functions,2,0,58.0,3,55.6,55.6,1,0
S238,Loops,0,1,12.1,1,50.0,100.0,0,2
S238,Variables,2,0,41.8,1,54.5,33.3,1,0
S238,OOP,0,0,11.4,3,50.0,100.0,0,1
S238,Loops,1,1,40.5,2,46.2,100.0,0,2
S238,Variables,2,0,87.3,3,50.0,25.0,1,0
S238,Variables,0,1,12.5,1,46.7,20.0,0,1
S238,Variables,2,0,45.1,2,50.0,33.3,1,0
S238,Functions,0,1,26.2,1,47.1,0.0,0,1
S238,Data Structures,2,1,55.1,1,50.0,33.3,1,2
S238,Variables,2,0,122.9,2,52.6,28.6,2,0
S238,Variables,0,1,34.0,1,50.0,25.0,0,1
S238,OOP,1,1,15.3,1,52.4,50.0,1,2
S238,OOP,2,1,37.2,1,54.5,66.7,2,2
S238,Variables,1,1,28.3,1,56.5,33.3,3,1
S238,Functions,1,0,31.9,2,58.3,50.0,4,0
S238,Functions,0,1,21.8,1,56.0,33.3,0,1
S238,Functions,0,0,19.7,3,57.7,50.0,1,0
S238,Loops,0,1,25.7,1,55.6,100.0,0,2
S238,Variables,2,0,43.5,1,57.1,40.0,1,0
S238,OOP,0,1,21.1,1,55.2,75.0,0,2
S238,Data Structures,0,1,19.6,1,56.7,50.0,1,1
S238,Functions,1,0,42.9,2,58.1,40.0,2,0
S238,OOP,0,1,12.4,1,56.2,80.0,0,2
S238,Data Structures,1,1,39.3,1,57.6,60.0,1,2
S238,Data Structures,2,0,81.5,3,58.8,66.7,2,0
S238,OOP,0,1,13.4,1,57.1,83.3,0,2
S238,Data Structures,2,0,108.2,3,58.3,57.1,1,0
S238,Functions,1,1,37.9,1,56.8,33.3,0,1
S238,Loops,1,0,52.7,1,57.9,100.0,1,1
S238,Data Structures,1,0,34.7,2,56.4,50.0,0,0
S239,Data Structures,1,1,35.9,1,60.0,60.0,0,2
S239,Functions,2,0,65.6,2,100.0,100.0,1,1
S239,Functions,1,0,40.5,2,50.0,0.0,0,0
S239,Functions,0,1,23.3,1,33.3,0.0,0,1
S239,Variables,1,0,44.1,3,50.0,50.0,1,0
S239,Data Structures,0,1,19.0,1,40.0,100.0,0,2
S239,Functions,2,0,104.8,1,50.0,33.3,1,0
S239,Data Structures,0,1,10.0,1,42.9,100.0,0,2
S239,Functions,1,0,54.5,2,50.0,25.0,1,0
S239,Data Structures,0,1,15.2,2,44.4,100.0,0,2
S239,Variables,2,0,60.1,3,50.0,0.0,1,0
S239,Functions,0,0,29.9,3,45.5,20.0,0,0
S239,OOP,1,1,19.4,1,41.7,41.7,0,2
S239,OOP,2,0,68.3,2,46.2,100.0,1,1
S239,OOP,1,0,46.4,1,42.9,50.0,0,0
S239,Variables,0,0,45.9,3,40.0,0.0,0,0
S239,Variables,0,1,27.5,1,37.5,0.0,0,1
S239,Functions,1,0,68.1,2,41.2,16.7,1,0
S239,Loops,2,0,69.9,3,38.9,38.9,0,0
S239,OOP,0,1,13.3,1,36.8,33.3,0,1
S239,Variables,1,0,61.4,2,40.0,25.0,1,0
S239,Functions,0,0,20.1,2,38.1,14.3,0,0
S239,Variables,0,0,23.8,2,36.4,20.0,0,0
S239,Variables,0,1,27.3,1,34.8,16.7,0,1
S239,Functions,1,0,41.7,2,37.5,12.5,1,0
S239,Data Structures,0,1,16.1,1,36.0,100.0,0,2
S239,OOP,2,1,48.1,1,38.5,50.0,1,2
S239,Loops,2,0,72.1,2,40.7,0.0,2,0
S239,Data Structures,0,1,16.4,1,39.3,100.0,0,2
S239,Data Structures,2,1,70.1,1,41.4,100.0,1,2
S239,Functions,2,0,108.9,2,43.3,11.1,2,0
S239,Loops,0,1,18.3,1,41.9,0.0,0,1
S239,Loops,1,1,47.5,1,43.8,33.3,1,1
S239,Data Structures,1,0,46.5,3,45.5,100.0,2,0
S239,OOP,0,1,20.6,1,44.1,60.0,0,1
S239,OOP,1,1,25.1,1,45.7,66.7,1,2
S239,Data Structures,2,0,66.2,3,47.2,87.5,2,0
S239,OOP,0,1,15.8,1,45.9,71.4,0,2
S239,Data Structures,2,0,114.3,2,47.4,77.8,1,0
S239,Loops,0,1,27.8,1,46.2,50.0,0,1
S240,Variables,1,1,48.3,1,60.0,60.0,0,2
S240,Functions,2,1,25.9,1,100.0,100.0,1,2
S240,OOP,2,1,26.5,1,100.0,100.0,2,2
S240,Loops,0,1,8.5,1,100.0,100.0,3,2
S240,Variables,0,1,17.2,1,100.0,100.0,4,2
S240,Loops,2,1,20.3,1,100.0,100.0,5,2
S240,OOP,0,1,8.2,1,100.0,100.0,6,2
S240,Functions,2,0,50.2,2,100.0,100.0,7,0
S240,Variables,0,1,15.0,1,87.5,100.0,0,2
S240,Functions,2,1,28.3,1,88.9,50.0,1,2
S240,Functions,2,1,33.9,1,90.0,66.7,2,2
S240,Functions,2,1,18.8,1,90.9,75.0,3,2
S240,Data Structures,2,0,41.9,2,91.7,91.7,4,1
S240,OOP,1,1,14.8,1,84.6,100.0,0,2
S240,Data Structures,2,1,43.5,1,85.7,0.0,1,1
S240,Data Structures,1,1,21.7,1,86.7,50.0,2,1
S240,Data Structures,1,1,10.3,1,87.5,66.7,3,2
S240,OOP,2,0,63.9,2,88.2,100.0,4,1
S240,Functions,1,1,17.8,1,83.3,80.0,0,2
S240,Variables,2,0,40.5,2,84.2,100.0,1,1
S240,Loops,0,1,11.3,1,80.0,100.0,0,2
S240,Loops,2,1,16.1,1,81.0,100.0,1,2
S240,OOP,2,1,42.7,1,81.8,75.0,2,2
S240,Data Structures,2,0,31.5,3,82.6,75.0,3,1
S240,Loops,1,1,17.6,1,79.2,100.0,0,2
S240,Data Structures,2,1,27.1,1,80.0,60.0,1,2
S240,Data Structures,0,1,9.8,1,80.8,66.7,2,2
S240,OOP,2,1,37.6,1,81.5,80.0,3,2
S240,Functions,0,1,6.2,2,82.1,83.3,4,2
S240,Functions,2,0,35.1,2,82.8,85.7,5,1
S240,Functions,1,1,18.1,1,80.0,75.0,0,2
S240,Functions,2,1,23.0,1,80.6,77.8,1,2
S240,Functions,1,1,10.6,1,81.2,80.0,2,2
S240,Functions,2,1,29.3,1,81.8,81.8,3,2
S240,Data Structures,2,0,51.4,2,82.4,71.4,4,0
S240,Variables,0,1,14.2,2,80.0,75.0,0,2
S240,OOP,2,0,36.3,1,80.6,83.3,1,1
S240,OOP,1,1,15.8,1,78.4,71.4,0,2
S240,Variables,1,1,15.6,1,78.9,80.0,1,2
S240,OOP,2,0,54.2,2,79.5,75.0,2,0
S241,Data Structures,1,0,39.4,2,60.0,60.0,0,0
S241,Data Structures,0,1,18.3,1,0.0,0.0,0,1
S241,OOP,1,1,30.6,1,50.0,50.0,1,2
S241,Functions,2,0,44.7,1,66.7,66.7,2,1
S241,Variables,1,1,35.5,1,50.0,50.0,0,2
S241,Loops,2,0,74.8,3,60.0,60.0,1,0
S241,OOP,0,1,22.6,1,50.0,100.0,0,2
S241,Functions,2,0,116.9,3,57.1,0.0,1,0
S241,Functions,0,1,24.7,1,50.0,0.0,0,1
S241,OOP,1,0,60.7,2,55.6,100.0,1,0
S241,Loops,2,0,39.1,3,50.0,0.0,0,0
S241,Functions,0,1,27.0,1,45.5,33.3,0,1
S241,Variables,2,0,71.5,2,50.0,100.0,1,1
S241,OOP,1,1,32.3,1,46.2,66.7,0,2
S241,OOP,2,0,79.1,1,50.0,75.0,1,1
S241,OOP,1,0,52.6,3,46.7,60.0,0,0
S241,OOP,0,1,25.3,1,43.8,50.0,0,1
S241,Variables,1,0,47.3,3,47.1,50.0,1,0
S241,Data Structures,0,0,37.5,1,44.4,50.0,0,0
S241,Variables,0,0,42.6,3,42.1,33.3,0,0
S241,OOP,0,1,16.1,1,40.0,57.1,0,2
S241,Functions,2,0,87.8,3,42.9,50.0,1,0
S241,Data Structures,0,1,24.6,1,40.9,33.3,0,1
S241,Variables,1,0,40.1,3,43.5,25.0,1,0
S241,OOP,0,1,12.4,1,41.7,62.5,0,2
S241,Variables,2,0,85.1,3,44.0,20.0,1,0
S241,OOP,0,0,44.1,2,42.3,66.7,0,0
S241,Functions,0,1,18.2,1,40.7,40.0,0,1
S241,Data Structures,1,0,54.5,3,42.9,50.0,1,0
S241,Data Structures,0,0,26.4,2,41.4,40.0,0,0
S241,Data Structures,0,1,28.1,1,40.0,33.3,0,1
S241,Data Structures,1,1,18.8,1,41.9,42.9,1,2
S241,Loops,2,0,64.0,3,43.8,0.0,2,0
S241,Data Structures,0,0,20.4,3,42.4,50.0,0,0
S241,OOP,0,1,21.1,1,41.2,60.0,0,1
S241,Data Structures,1,0,60.0,2,42.9,44.4,1,0
S241,Data Structures,0,0,22.5,3,41.7,40.0,0,0
S241,Functions,0,1,13.4,1,40.5,50.0,0,1
S241,Data Structures,1,1,31.0,3,42.1,36.4,1,1
S241,Loops,1,0,50.8,3,43.6,0.0,2,0
S242,OOP,1,1,14.4,1,60.0,60.0,0,2
S242,Functions,2,1,24.3,1,100.0,100.0,1,2
S242,Data Structures,2,1,44.3,1,100.0,100.0,2,2
S242,Loops,2,0,41.2,2,100.0,100.0,3,1
S242,OOP,1,1,27.2,1,75.0,100.0,0,2
S242,Loops,0,0,37.9,3,80.0,0.0,1,0
S242,Functions,0,1,10.4,1,66.7,100.0,0,1
S242,Variables,1,1,12.2,1,71.4,71.4,1,2
S242,Data Structures,2,0,44.8,3,75.0,100.0,2,0
S242,OOP,0,1,12.4,1,66.7,100.0,0,2
S242,Variables,2,1,26.9,1,70.0,100.0,1,2
S242,Functions,0,1,12.0,1,72.7,100.0,2,2
S242,OOP,2,1,27.2,1,75.0,100.0,3,2
S242,Functions,2,1,27.4,1,76.9,100.0,4,2
S242,Data Structures,2,1,34.3,1,78.6,50.0,5,2
S242,OOP,2,1,33.6,1,80.0,100.0,6,2
S242,Loops,2,0,85.2,2,81.2,0.0,7,0
S242,Variables,1,1,12.9,1,76.5,100.0,0,2
S242,Functions,1,1,17.5,1,77.8,100.0,1,2
S242,Loops,2,0,39.3,2,78.9,0.0,2,0
S242,OOP,0,1,7.6,1,75.0,100.0,0,2
S242,Loops,1,0,39.2,3,76.2,0.0,1,0
S242,Data Structures,0,1,9.7,1,72.7,66.7,0,2
S242,Functions,2,1,19.2,1,73.9,100.0,1,1
S242,Variables,1,1,22.5,1,75.0,100.0,2,2
S242,OOP,0,0,27.1,2,76.0,100.0,3,1
S242,Variables,0,1,23.1,2,73.1,100.0,0,2
S242,Variables,2,1,28.9,1,74.1,100.0,1,2
S242,Variables,2,1,23.6,1,75.0,100.0,2,2
S242,OOP,0,1,21.1,1,75.9,85.7,3,2
S242,OOP,2,1,34.5,1,76.7,87.5,4,2
S242,Loops,2,0,52.0,2,77.4,0.0,5,0
S242,OOP,0,1,16.0,1,75.0,88.9,0,1
S242,Data Structures,1,1,18.1,1,75.8,75.0,1,2
S242,Data Structures,2,1,29.8,1,76.5,80.0,2,2
S242,Variables,2,1,30.3,1,77.1,100.0,3,2
S242,Data Structures,2,1,36.7,1,77.8,83.3,4,2
S242,Data Structures,2,1,59.2,1,78.4,85.7,5,2
S242,OOP,2,1,24.6,1,78.9,90.0,6,2
S242,OOP,2,0,74.7,3,79.5,90.9,7,0
S243,Variables,1,1,59.3,1,60.0,60.0,0,2
S243,Variables,1,0,80.5,2,100.0,100.0,1,1
S243,Loops,1,1,44.0,1,50.0,50.0,0,2
S243,Variables,2,0,85.5,3,66.7,50.0,1,0
S243,Loops,1,0,72.4,3,50.0,100.0,0,0
S243,Data Structures,0,0,38.8,2,40.0,40.0,0,0
S243,Data Structures,0,0,47.4,2,33.3,0.0,0,0
S243,Variables,0,1,21.4,1,28.6,33.3,0,1
S243,Data Structures,2,0,90.0,2,37.5,0.0,1,0
S243,OOP,2,0,88.2,2,33.3,33.3,0,0
S243,Variables,2,0,57.6,2,30.0,50.0,0,0
S243,Loops,2,0,79.4,2,27.3,50.0,0,0
S243,Loops,0,1,11.3,1,25.0,33.3,0,1
S243,OOP,1,0,60.2,2,30.8,0.0,1,0
S243,Data Structures,0,0,25.0,2,28.6,0.0,0,0
S243,Functions,2,0,81.3,2,26.7,26.7,0,0
S243,Loops,0,1,16.0,1,25.0,50.0,0,1
S243,OOP,1,1,20.0,2,29.4,0.0,1,1
S243,Loops,1,0,62.8,2,33.3,60.0,2,0
S243,Loops,0,0,67.6,2,31.6,50.0,0,0
S243,Variables,2,0,101.5,2,30.0,40.0,0,0
S243,Data Structures,0,0,29.5,2,28.6,0.0,0,0
S243,Functions,1,0,87.8,2,27.3,0.0,0,0
S243,Variables,0,1,24.3,1,26.1,33.3,0,1
S243,Variables,1,0,43.5,3,29.2,42.9,1,0
S243,Functions,0,0,28.5,3,28.0,0.0,0,0
S243,Loops,0,1,17.2,1,26.9,42.9,0,1
S243,Data Structures,2,0,106.4,2,29.6,0.0,1,0
S243,Data Structures,0,1,18.7,1,28.6,0.0,0,1
S243,Data Structures,1,0,59.3,3,31.0,14.3,1,0
S243,Loops,0,1,22.7,1,30.0,50.0,0,1
S243,OOP,1,0,31.8,2,32.3,33.3,1,0
S243,Functions,0,0,45.1,2,31.2,0.0,0,1
S243,Variables,1,0,46.0,2,30.3,37.5,0,0
S243,Variables,0,1,22.6,1,29.4,33.3,0,1
S243,OOP,1,0,80.2,3,31.4,25.0,1,0
S243,Variables,0,1,35.9,1,30.6,40.0,0,1
S243,Data Structures,1,0,44.6,2,32.4,12.5,1,0
S243,OOP,0,1,17.5,1,31.6,20.0,0,1
S243,Functions,1,0,92.0,2,33.3,0.0,1,0
S244,OOP,1,0,45.0,1,60.0,60.0,0,0
S244,Variables,0,1,12.6,1,0.0,0.0,0,1
S244,Loops,1,1,26.8,1,50.0,50.0,1,2
S244,OOP,2,0,74.1,2,66.7,0.0,2,0
S244,Variables,1,1,25.6,1,50.0,100.0,0,2
S244,Variables,2,0,57.9,2,60.0,100.0,1,1
S244,Variables,1,1,20.0,1,50.0,66.7,0,2
S244,Data Structures,2,0,46.2,2,57.1,57.1,1,0
S244,Data Structures,2,0,82.1,3,50.0,0.0,0,0
S244,Loops,1,1,23.6,1,44.4,100.0,0,2
S244,Functions,2,1,40.5,1,50.0,50.0,1,2
S244,Variables,2,0,64.9,2,54.5,75.0,2,0
S244,OOP,0,1,20.7,1,50.0,0.0,0,1
S244,Functions,2,1,31.3,1,53.8,100.0,1,2
S244,OOP,2,0,79.4,3,57.1,33.3,2,0
S244,Data Structures,0,1,14.1,1,53.3,0.0,0,2
S244,Functions,2,0,40.6,3,56.2,100.0,1,1
S244,OOP,0,1,24.9,1,52.9,25.0,0,1
S244,Variables,1,1,23.2,1,55.6,60.0,1,2
S244,Variables,1,1,29.9,1,57.9,66.7,2,2
S244,Functions,2,1,26.9,3,60.0,66.7,3,2
S244,OOP,2,0,55.8,3,61.9,40.0,4,0
S244,OOP,0,1,35.9,1,59.1,33.3,0,1
S244,Functions,1,1,19.5,1,60.9,75.0,1,2
S244,OOP,2,0,99.7,2,62.5,42.9,2,0
S244,Loops,0,1,12.8,1,60.0,100.0,0,2
S244,OOP,0,1,31.2,1,61.5,37.5,1,1
S244,Loops,1,1,24.7,1,63.0,100.0,2,2
S244,Variables,2,1,51.3,1,64.3,71.4,3,2
S244,Loops,2,0,77.4,2,65.5,100.0,4,1
S244,OOP,1,0,52.7,2,63.3,44.4,0,0
S244,Loops,0,1,15.4,1,61.3,80.0,0,2
S244,Functions,2,1,25.2,1,62.5,80.0,1,2
S244,Loops,1,1,16.4,2,63.6,83.3,2,2
S244,OOP,0,1,14.9,1,64.7,40.0,3,1
S244,Variables,0,1,16.6,1,65.7,75.0,4,2
S244,Loops,2,0,78.4,2,66.7,85.7,5,0
S244,Functions,0,1,5.3,1,64.9,83.3,0,2
S244,Data Structures,2,0,68.6,2,65.8,33.3,1,1
S244,OOP,1,0,51.7,2,64.1,45.5,0,0
S245,Functions,1,0,36.2,2,60.0,60.0,0,0
S245,Functions,0,1,22.4,1,0.0,0.0,0,1
S245,Variables,1,0,30.5,3,50.0,50.0,1,0
S245,Variables,0,1,12.2,1,33.3,0.0,0,1
S245,Data Structures,1,0,32.9,2,50.0,50.0,1,0
S245,Data Structures,0,1,13.1,1,40.0,0.0,0,1
S245,Data Structures,1,1,37.5,1,50.0,50.0,1,2
S245,Functions,2,0,65.6,3,57.1,50.0,2,0
S245,Functions,0,1,12.8,1,50.0,33.3,0,1
S245,Loops,1,0,56.1,2,55.6,55.6,1,0
S245,OOP,0,1,9.2,1,50.0,50.0,0,2
S245,Data Structures,0,1,12.1,1,54.5,66.7,1,2
S245,Data Structures,2,0,64.8,1,58.3,75.0,2,1
S245,Loops,1,0,45.7,3,53.8,0.0,0,0
S245,OOP,1,1,25.3,3,50.0,100.0,0,2
S245,Loops,2,1,44.2,1,53.3,0.0,1,1
S245,Functions,1,1,43.3,1,56.2,50.0,2,2
S245,Data Structures,2,0,69.7,2,58.8,60.0,3,0
S245,Data Structures,1,1,23.6,1,55.6,50.0,0,2
S245,Loops,2,0,88.6,2,57.9,33.3,1,0
S245,Variables,0,1,15.7,1,55.0,50.0,0,2
S245,OOP,1,1,18.4,1,57.1,100.0,1,2
S245,Loops,2,0,53.6,2,59.1,25.0,2,0
S245,Variables,0,1,13.7,1,56.5,66.7,0,2
S245,Loops,2,1,65.6,1,58.3,20.0,1,1
S245,OOP,1,1,26.0,1,60.0,100.0,2,2
S245,Data Structures,2,0,92.2,1,61.5,57.1,3,0
S245,Data Structures,2,0,37.5,2,59.3,50.0,0,0
S245,Functions,0,1,12.4,1,57.1,60.0,0,2
S245,Loops,0,1,13.5,1,58.6,33.3,1,1
S245,Functions,1,1,32.1,1,60.0,66.7,2,2
S245,Variables,2,0,46.4,3,61.3,75.0,3,0
S245,Data Structures,1,0,42.0,2,59.4,44.4,0,0
S245,Data Structures,0,1,13.0,1,57.6,40.0,0,1
S245,Functions,1,0,36.4,3,58.8,71.4,1,0
S245,Loops,0,1,21.4,1,57.1,42.9,0,1
S245,Data Structures,1,1,27.9,1,58.3,45.5,1,2
S245,OOP,2,1,38.0,1,59.5,100.0,2,1
S245,Loops,1,1,24.4,2,60.5,50.0,3,1
S245,Loops,1,0,38.8,1,61.5,55.6,4,0
S246,OOP,1,1,21.4,1,60.0,60.0,0,2
S246,Functions,2,0,79.8,2,100.0,100.0,1,1
S246,Data Structures,1,1,39.3,1,50.0,50.0,0,2
S246,Variables,1,0,70.8,2,66.7,66.7,1,0
S246,Data Structures,0,1,10.9,1,50.0,100.0,0,2
S246,Variables,2,0,57.2,2,60.0,0.0,1,0
S246,Loops,0,1,19.2,2,50.0,50.0,0,1
S246,Functions,1,1,33.3,1,57.1,0.0,1,1
S246,OOP,1,1,28.1,1,62.5,100.0,2,2
S246,Loops,1,1,16.6,1,66.7,100.0,3,2
S246,OOP,2,0,28.2,2,70.0,100.0,4,1
S246,Data Structures,1,1,19.0,2,63.6,100.0,0,2
S246,Data Structures,2,0,60.7,2,66.7,100.0,1,1
S246,Data Structures,1,0,28.3,2,61.5,75.0,0,0
S246,Functions,0,1,14.2,1,57.1,50.0,0,2
S246,Data Structures,1,1,17.6,1,60.0,60.0,1,2
S246,Loops,2,1,47.4,1,62.5,100.0,2,2
S246,Functions,2,1,43.4,2,64.7,66.7,3,2
S246,Data Structures,2,0,46.3,3,66.7,66.7,4,0
S246,Variables,0,1,32.8,1,63.2,0.0,0,0
S246,Functions,0,1,16.7,1,65.0,75.0,1,2
S246,Loops,2,1,50.5,1,66.7,100.0,2,2
S246,Variables,2,0,93.5,2,68.2,33.3,3,0
S246,OOP,0,1,14.1,1,65.2,66.7,0,2
S246,Loops,2,0,30.7,1,66.7,100.0,1,1
S246,Variables,1,0,69.8,2,64.0,25.0,0,0
S246,Variables,0,1,17.2,1,61.5,20.0,0,1
S246,Data Structures,2,1,41.0,1,63.0,57.1,1,2
S246,Loops,2,0,43.6,2,64.3,80.0,2,2
S246,Variables,2,0,59.9,3,62.1,33.3,0,0
S246,Loops,0,1,20.4,1,60.0,66.7,0,2
S246,Functions,2,0,46.2,2,61.3,80.0,1,0
S246,Variables,1,0,35.5,2,59.4,28.6,0,0
S246,Functions,0,1,19.4,1,57.6,66.7,0,2
S246,Loops,2,0,45.2,3,58.8,71.4,1,0
S246,OOP,1,1,27.3,1,57.1,75.0,0,2
S246,Variables,2,0,57.3,2,58.3,25.0,1,0
S246,Data Structures,0,1,19.7,1,56.8,62.5,0,2
S246,Loops,2,0,29.5,2,57.9,62.5,1,0
S246,Variables,2,0,69.4,3,56.4,22.2,0,0
S247,Data Structures,1,1,35.3,1,60.0,60.0,0,2
S247,Variables,2,0,177.7,1,100.0,100.0,1,1
S247,Functions,1,1,25.0,1,50.0,50.0,0,2
S247,OOP,2,0,70.1,2,66.7,66.7,1,0
S247,Functions,0,1,22.8,1,50.0,100.0,0,2
S247,OOP,2,0,94.6,2,60.0,0.0,1,0
S247,Functions,0,1,12.7,1,50.0,100.0,0,2
S247,Data Structures,1,1,34.2,1,57.1,100.0,1,2
S247,Data Structures,2,0,60.9,3,62.5,100.0,2,1
S247,Functions,1,0,37.8,3,55.6,100.0,0,1
S247,OOP,1,1,42.3,1,50.0,0.0,0,1
S247,Loops,2,0,56.1,3,54.5,54.5,1,0
S247,Loops,0,1,15.7,1,50.0,0.0,0,1
S247,OOP,1,1,28.0,1,53.8,33.3,1,1
S247,Loops,1,1,27.6,1,57.1,50.0,2,2
S247,Variables,2,0,57.6,3,60.0,0.0,3,0
S247,OOP,0,1,17.1,1,56.2,50.0,0,2
S247,Data Structures,2,1,52.4,1,58.8,66.7,1,2
S247,Functions,2,0,41.3,2,61.1,75.0,2,0
S247,Functions,2,0,74.0,2,57.9,60.0,0,0
S247,Loops,0,1,24.4,1,55.0,66.7,0,2
S247,Variables,2,0,79.9,3,57.1,0.0,1,0
S247,Loops,0,1,17.6,1,54.5,75.0,0,2
S247,Data Structures,2,1,69.0,1,56.5,75.0,1,2
S247,Data Structures,2,0,42.7,3,58.3,80.0,2,0
S247,Variables,0,1,41.3,1,56.0,0.0,0,1
S247,OOP,1,1,30.9,1,57.7,60.0,1,2
S247,Data Structures,1,0,34.5,3,59.3,66.7,2,0
S247,Data Structures,2,0,57.5,2,57.1,57.1,0,0
S247,Data Structures,2,0,78.7,2,55.2,50.0,0,0
S247,Data Structures,0,1,12.6,1,53.3,44.4,0,1
S247,OOP,1,1,55.3,2,54.8,66.7,1,1
S247,OOP,1,0,31.4,3,56.2,71.4,2,0
S247,Data Structures,0,1,16.5,1,54.5,50.0,0,1
S247,Data Structures,1,1,24.4,1,55.9,54.5,1,2
S247,Variables,2,0,49.1,2,57.1,25.0,2,0
S247,Variables,0,0,33.3,1,55.6,20.0,0,0
S247,OOP,0,0,32.1,2,54.1,62.5,0,0
S247,Data Structures,0,1,17.2,1,52.6,58.3,0,2
S247,Variables,0,1,29.1,1,53.8,16.7,1,1
S248,OOP,1,0,67.9,3,60.0,60.0,0,0
S248,Variables,0,0,45.4,2,0.0,0.0,0,0
S248,Variables,1,0,47.4,3,0.0,0.0,0,0
S248,OOP,0,0,34.3,3,0.0,0.0,0,0
S248,Data Structures,0,0,38.8,3,0.0,0.0,0,0
S248,Variables,0,1,30.9,1,0.0,0.0,0,1
S248,OOP,1,0,48.7,2,16.7,0.0,1,0
S248,Functions,0,0,48.1,2,14.3,14.3,0,1
S248,Functions,2,0,71.8,3,12.5,0.0,0,0
S248,Data Structures,0,0,43.8,2,11.1,0.0,0,0
S248,Variables,2,0,124.2,2,10.0,33.3,0,0
S248,Functions,0,0,29.9,1,9.1,0.0,0,0
S248,Loops,0,0,39.5,2,8.3,8.3,0,0
S248,Functions,0,0,17.9,3,7.7,0.0,0,0
S248,Loops,0,0,50.5,3,7.1,0.0,0,0
S248,OOP,0,0,42.3,2,6.7,0.0,0,0
S248,OOP,1,0,94.1,2,6.2,0.0,0,0
S248,OOP,0,0,36.2,3,5.9,0.0,0,0
S248,Variables,0,0,39.9,3,5.6,25.0,0,0
S248,OOP,0,0,40.0,3,5.3,0.0,0,0
S248,Functions,0,0,23.6,1,5.0,0.0,0,0
S248,Data Structures,2,0,81.6,1,4.8,0.0,0,0
S248,OOP,0,1,19.1,1,4.5,0.0,0,1
S248,Functions,1,0,65.4,3,8.7,0.0,1,0
S248,OOP,0,0,36.4,1,8.3,12.5,0,0
S248,Data Structures,1,0,42.2,3,8.0,0.0,0,0
S248,Data Structures,0,0,36.8,2,7.7,0.0,0,0
S248,Variables,0,0,43.0,3,7.4,20.0,0,1
S248,Functions,1,0,45.0,2,7.1,0.0,0,0
S248,Loops,0,0,27.8,2,6.9,0.0,0,0
S248,Data Structures,2,0,82.0,3,6.7,0.0,0,0
S248,OOP,0,0,85.1,2,6.5,11.1,0,0
S248,OOP,0,0,44.3,2,6.2,10.0,0,0
S248,Functions,0,0,63.5,2,6.1,0.0,0,0
S248,Loops,0,0,28.0,2,5.9,0.0,0,0
S248,Data Structures,0,0,47.9,2,5.7,0.0,0,0
S248,Data Structures,0,0,32.8,2,5.6,0.0,0,0
S248,Variables,0,0,41.7,1,5.4,16.7,0,0
S248,Loops,0,0,38.7,1,5.3,0.0,0,0
S248,Loops,0,1,41.2,1,5.1,0.0,0,1
S249,Functions,1,0,45.4,3,60.0,60.0,0,0
S249,Variables,0,1,16.9,1,0.0,0.0,0,1
S249,Data Structures,1,0,64.1,3,50.0,50.0,1,0
S249,Data Structures,0,1,23.4,1,33.3,0.0,0,1
S249,Variables,1,1,28.9,1,50.0,100.0,1,2
S249,Variables,2,0,101.0,2,60.0,100.0,2,0
S249,Loops,0,1,18.2,1,50.0,50.0,0,1
S249,Data Structures,2,0,80.9,2,57.1,50.0,1,0
S249,OOP,0,1,17.4,2,50.0,50.0,0,1
S249,Data Structures,1,1,52.0,1,55.6,33.3,1,1
S249,Variables,0,1,25.6,1,60.0,66.7,2,2
S249,Loops,2,0,80.2,3,63.6,100.0,3,0
S249,OOP,0,1,10.7,1,58.3,100.0,0,2
S249,Variables,2,0,86.9,3,61.5,75.0,1,0
S249,Loops,0,1,17.5,1,57.1,50.0,0,2
S249,Variables,2,0,54.2,3,60.0,60.0,1,0
S249,Variables,0,1,23.8,1,56.2,50.0,0,1
S249,Functions,1,0,56.9,3,58.8,0.0,1,0
S249,Functions,0,1,20.0,1,55.6,0.0,0,1
S249,Functions,1,0,36.9,3,57.9,33.3,1,0
S249,Variables,0,1,13.3,1,55.0,57.1,0,2
S249,Functions,2,0,85.3,2,57.1,25.0,1,0
S249,OOP,2,0,35.3,2,54.5,100.0,0,1
S249,Loops,1,1,36.6,1,52.2,66.7,0,2
S249,OOP,2,0,65.3,2,54.2,66.7,1,0
S249,Variables,2,0,43.9,2,52.0,62.5,0,0
S249,Loops,2,1,65.6,1,50.0,75.0,0,2
S249,OOP,2,0,31.4,3,51.9,50.0,1,0
S249,OOP,0,1,11.4,1,50.0,40.0,0,1
S249,Data Structures,0,1,21.9,1,51.7,50.0,1,1
S249,OOP,1,1,23.2,1,53.3,50.0,2,1
S249,Functions,1,1,42.7,1,54.8,20.0,3,1
S249,Functions,1,0,35.7,3,56.2,33.3,4,0
S249,Data Structures,0,0,18.1,3,54.5,60.0,0,0
S249,Loops,0,0,20.0,1,52.9,80.0,0,1
S249,Variables,1,1,32.8,1,51.4,55.6,0,2
S249,Data Structures,2,0,74.6,2,52.8,50.0,1,0
S249,Functions,0,1,28.6,1,51.4,28.6,0,1
S249,Data Structures,1,0,64.7,1,52.6,42.9,1,0
S249,OOP,0,1,8.0,1,51.3,57.1,0,2
S250,Loops,1,1,18.2,1,60.0,60.0,0,2
S250,Loops,2,1,17.6,1,100.0,100.0,1,2
S250,Loops,0,1,16.6,1,100.0,100.0,2,2
S250,Functions,1,1,20.9,1,100.0,100.0,3,2
S250,Loops,2,1,45.0,1,100.0,100.0,4,2
S250,OOP,1,1,26.4,1,100.0,100.0,5,2
S250,OOP,2,1,38.6,1,100.0,100.0,6,2
S250,Data Structures,2,1,27.2,1,100.0,100.0,7,2
S250,Loops,1,1,40.4,1,100.0,100.0,8,2
S250,Data Structures,2,1,23.1,1,100.0,100.0,9,2
S250,Loops,2,0,47.5,3,100.0,100.0,10,1
S250,Variables,1,1,17.5,1,90.9,90.9,0,2
S250,Variables,2,1,33.7,1,91.7,100.0,1,2
S250,Loops,2,0,43.7,3,92.3,83.3,2,1
S250,Functions,1,1,27.0,1,85.7,100.0,0,2
S250,Data Structures,0,1,7.6,1,86.7,100.0,1,2
S250,OOP,0,1,11.5,1,87.5,100.0,2,2
S250,Loops,2,1,34.0,1,88.2,71.4,3,2
S250,Variables,2,1,44.1,1,88.9,100.0,4,2
S250,OOP,2,0,42.5,2,89.5,100.0,5,0
S250,Functions,0,1,10.4,1,85.0,100.0,0,2
S250,Functions,2,1,25.8,1,85.7,100.0,1,2
S250,Data Structures,0,1,9.0,1,86.4,100.0,2,2
S250,Data Structures,2,1,34.6,3,87.0,100.0,3,2
S250,Functions,2,0,24.7,2,87.5,100.0,4,1
S250,OOP,1,1,20.4,1,84.0,75.0,0,2
S250,Functions,0,1,14.6,1,84.6,80.0,1,2
S250,Data Structures,2,1,33.3,1,85.2,100.0,2,2
S250,Variables,2,1,16.6,1,85.7,100.0,3,2
S250,Data Structures,2,0,22.5,3,86.2,100.0,4,1
S250,OOP,1,0,26.8,1,83.3,80.0,0,1
S250,Loops,1,1,40.3,1,80.6,75.0,0,2
S250,Data Structures,2,1,31.3,1,81.2,85.7,1,2
S250,Functions,2,1,21.3,1,81.8,83.3,2,2
S250,Loops,2,0,52.6,3,82.4,77.8,3,0
S250,Functions,0,1,14.0,1,80.0,85.7,0,2
S250,OOP,2,0,67.1,3,80.6,66.7,1,0
S250,Functions,0,1,13.1,1,78.4,87.5,0,2
S250,OOP,2,1,63.5,2,78.9,57.1,1,2
S250,Functions,2,1,52.9,2,79.5,88.9,2,2
S251,Functions,1,0,66.7,2,60.0,60.0,0,0
S251,OOP,2,0,125.6,3,0.0,0.0,0,0
S251,Data Structures,0,1,22.4,1,0.0,0.0,0,1
S251,Loops,1,0,76.2,2,33.3,33.3,1,0
S251,Loops,0,0,34.7,2,25.0,0.0,0,0
S251,Variables,0,1,21.7,2,20.0,20.0,0,0
S251,Data Structures,0,0,31.2,1,33.3,100.0,1,1
S251,Functions,1,0,59.1,2,28.6,0.0,0,0
S251,Functions,0,0,31.6,3,25.0,0.0,0,0
S251,Loops,0,0,24.8,3,22.2,0.0,0,0
S251,Functions,0,0,29.1,3,20.0,0.0,0,0
S251,Functions,0,0,33.4,3,18.2,0.0,0,0
S251,Data Structures,0,0,70.7,2,16.7,50.0,0,0
S251,Functions,0,1,41.4,1,15.4,0.0,0,1
S251,OOP,1,0,42.7,3,21.4,0.0,1,0
S251,Variables,0,0,20.6,2,20.0,100.0,0,0
S251,Variables,0,1,18.5,1,18.8,50.0,0,1
S251,Data Structures,1,0,50.1,3,23.5,33.3,1,0
S251,Data Structures,2,0,116.2,1,22.2,25.0,0,0
S251,OOP,0,0,25.3,3,21.1,0.0,0,0
S251,Functions,1,0,85.1,2,20.0,16.7,0,0
S251,OOP,0,0,28.0,3,19.0,0.0,0,0
S251,Variables,2,0,73.0,2,18.2,66.7,0,0
S251,Variables,0,1,15.1,1,17.4,50.0,0,1
S251,Variables,1,0,41.3,2,20.8,60.0,1,0
S251,Loops,0,1,14.2,1,20.0,0.0,0,1
S251,Functions,1,0,57.2,2,23.1,14.3,1,0
S251,Loops,0,1,27.8,1,22.2,25.0,0,1
S251,Functions,0,0,34.5,3,25.0,12.5,1,0
S251,Variables,0,0,39.0,2,24.1,50.0,0,0
S251,Data Structures,2,0,83.1,2,23.3,20.0,0,0
S251,Data Structures,0,1,19.3,1,22.6,16.7,0,1
S251,OOP,1,0,67.7,2,25.0,0.0,1,0
S251,OOP,1,0,70.4,3,24.2,0.0,0,0
S251,Variables,0,0,12.5,3,23.5,42.9,0,0
S251,OOP,0,0,34.5,3,22.9,0.0,0,0
S251,Data Structures,0,1,16.2,1,22.2,28.6,0,1
S251,OOP,1,0,65.0,1,24.3,0.0,1,0
S251,Loops,0,0,34.6,3,23.7,40.0,0,0
S251,Functions,0,0,26.9,3,23.1,11.1,0,0
S252,OOP,1,1,32.8,1,60.0,60.0,0,2
S252,OOP,2,1,36.2,1,100.0,100.0,1,2
S252,Functions,1,1,16.8,1,100.0,100.0,2,2
S252,Loops,2,1,30.9,1,100.0,100.0,3,2
S252,Data Structures,2,1,28.9,1,100.0,100.0,4,2
S252,OOP,2,0,31.4,2,100.0,100.0,5,1
S252,Variables,1,1,24.3,1,83.3,83.3,0,2
S252,Variables,2,1,61.4,1,85.7,100.0,1,2
S252,Data Structures,2,1,22.0,1,87.5,100.0,2,2
S252,Variables,2,1,31.6,1,88.9,100.0,3,2
S252,Functions,2,1,26.3,1,90.0,100.0,4,2
S252,Functions,2,1,30.0,1,90.9,100.0,5,2
S252,Variables,2,0,38.0,2,91.7,100.0,6,1
S252,OOP,1,1,16.5,1,84.6,66.7,0,2
S252,Variables,2,1,27.0,1,85.7,75.0,1,2
S252,Loops,2,1,23.2,1,86.7,100.0,2,2
S252,OOP,2,1,28.8,1,87.5,75.0,3,2
S252,OOP,2,1,35.3,1,88.2,80.0,4,2
S252,Functions,2,1,18.5,1,88.9,100.0,5,2
S252,Data Structures,2,1,23.7,2,89.5,100.0,6,2
S252,Functions,2,1,31.4,1,90.0,100.0,7,2
S252,Loops,2,1,25.2,1,90.5,100.0,8,2
S252,OOP,2,0,44.1,2,90.9,83.3,9,1
S252,OOP,0,1,16.2,1,87.0,71.4,0,2
S252,OOP,2,1,60.3,1,87.5,75.0,1,2
S252,OOP,2,1,42.6,1,88.0,77.8,2,2
S252,Functions,2,0,34.1,2,88.5,100.0,3,0
S252,Functions,0,1,7.5,1,85.2,83.3,0,2
S252,Functions,2,1,22.4,1,85.7,85.7,1,2
S252,OOP,2,1,49.0,2,86.2,80.0,2,2
S252,Data Structures,2,1,24.8,1,86.7,100.0,3,2
S252,Loops,1,1,24.4,1,87.1,100.0,4,2
S252,Functions,2,1,28.3,1,87.5,87.5,5,2
S252,Functions,2,1,21.9,1,87.9,88.9,6,2
S252,Functions,2,1,36.4,1,88.2,90.0,7,2
S252,Variables,2,1,34.1,1,88.6,80.0,8,2
S252,Data Structures,1,1,12.8,2,88.9,100.0,9,2
S252,Variables,2,1,52.8,1,89.2,83.3,10,2
S252,OOP,2,0,56.6,3,89.5,81.8,11,1
S252,Functions,1,1,14.0,1,87.2,90.9,0,2
S253,OOP,1,1,33.8,1,60.0,60.0,0,2
S253,Data Structures,1,1,46.1,1,100.0,100.0,1,2
S253,Variables,2,0,76.2,2,100.0,100.0,2,1
S253,OOP,1,1,44.1,1,66.7,100.0,0,2
S253,Functions,2,1,57.8,1,75.0,75.0,1,2
S253,Data Structures,2,1,34.4,1,80.0,100.0,2,2
S253,Variables,2,0,73.6,3,83.3,0.0,3,0
S253,Loops,0,1,23.2,1,71.4,71.4,0,2
S253,Data Structures,2,0,75.3,2,75.0,100.0,1,1
S253,Variables,1,1,13.5,1,66.7,0.0,0,1
S253,Data Structures,1,0,50.0,3,70.0,66.7,1,0
S253,Variables,0,1,17.2,1,63.6,33.3,0,1
S253,Data Structures,1,0,36.7,3,66.7,50.0,1,0
S253,Loops,0,1,20.9,1,61.5,100.0,0,2
S253,Data Structures,2,0,81.0,3,64.3,40.0,1,0
S253,Variables,0,1,26.3,1,60.0,50.0,0,1
S253,Loops,1,0,61.2,3,62.5,100.0,1,0
S253,Functions,2,0,43.8,3,58.8,100.0,0,1
S253,OOP,1,1,28.9,1,55.6,100.0,0,2
S253,Functions,2,0,52.6,3,57.9,50.0,1,0
S253,OOP,0,1,15.9,1,55.0,100.0,0,2
S253,OOP,2,0,42.8,2,57.1,100.0,1,1
S253,Loops,1,1,21.0,1,54.5,66.7,0,2
S253,OOP,2,0,66.0,3,56.5,80.0,1,0
S253,Loops,0,0,21.6,3,54.2,75.0,0,0
S253,Data Structures,0,1,16.2,1,52.0,33.3,0,1
S253,Loops,1,0,57.9,3,53.8,60.0,1,0
S253,Variables,0,1,18.7,1,51.9,60.0,0,2
S253,OOP,1,1,20.4,1,53.6,66.7,1,2
S253,Data Structures,2,0,50.9,3,55.2,42.9,2,0
S253,Variables,0,0,15.8,2,53.3,66.7,0,0
S253,Data Structures,0,1,19.3,1,51.6,37.5,0,1
S253,OOP,1,1,18.1,1,53.1,71.4,1,2
S253,OOP,2,1,53.8,1,54.5,75.0,2,2
S253,Data Structures,2,0,58.1,2,55.9,44.4,3,0
S253,Variables,0,1,17.0,1,54.3,57.1,0,2
S253,OOP,2,1,77.8,1,55.6,77.8,1,2
S253,Variables,2,0,50.6,2,56.8,62.5,2,0
S253,Loops,2,0,60.6,3,55.3,50.0,0,0
S253,OOP,0,1,18.2,1,53.8,80.0,0,2
S254,Loops,1,0,50.9,2,60.0,60.0,0,0
S254,Loops,0,0,19.6,2,0.0,0.0,0,0
S254,Variables,0,1,34.7,1,0.0,0.0,0,1
S254,Functions,1,0,67.0,3,33.3,33.3,1,0
S254,Functions,0,1,26.5,1,25.0,0.0,0,1
S254,Functions,1,0,40.8,3,40.0,50.0,1,0
S254,Variables,0,1,37.3,1,33.3,100.0,0,2
S254,Variables,2,0,106.9,3,42.9,100.0,1,0
S254,Data Structures,0,0,42.6,2,37.5,37.5,0,0
S254,Variables,0,0,36.0,3,33.3,66.7,0,0
S254,Loops,0,1,18.9,1,30.0,0.0,0,1
S254,Functions,1,0,57.3,3,36.4,33.3,1,0
S254,Data Structures,1,0,84.5,3,33.3,0.0,0,0
S254,Functions,0,1,23.9,3,30.8,25.0,0,1
S254,Data Structures,1,1,40.3,1,35.7,0.0,1,1
S254,Variables,1,0,67.0,2,40.0,50.0,2,0
S254,Loops,0,0,35.5,1,37.5,33.3,0,0
S254,Variables,2,0,158.8,3,35.3,40.0,0,0
S254,Data Structures,2,0,55.5,3,33.3,33.3,0,0
S254,Loops,0,0,28.3,2,31.6,25.0,0,0
S254,Functions,1,1,52.8,1,30.0,40.0,0,1
S254,Functions,1,0,46.9,2,33.3,50.0,1,0
S254,Variables,0,0,39.4,2,31.8,33.3,0,0
S254,Data Structures,0,1,19.7,1,30.4,25.0,0,1
S254,Loops,1,0,57.1,2,33.3,20.0,1,0
S254,Loops,0,1,36.6,1,32.0,16.7,0,1
S254,OOP,1,0,34.0,2,34.6,34.6,1,0
S254,OOP,0,0,34.8,2,33.3,0.0,0,0
S254,Variables,0,0,43.3,3,32.1,28.6,0,0
S254,Data Structures,0,0,52.1,2,31.0,40.0,0,0
S254,OOP,0,0,63.3,2,30.0,0.0,0,0
S254,Loops,0,0,47.9,3,29.0,28.6,0,0
S254,Data Structures,0,1,14.8,1,28.1,33.3,0,1
S254,Loops,1,0,40.5,3,30.3,25.0,1,0
S254,Functions,0,0,35.1,2,29.4,42.9,0,0
S254,Loops,0,0,64.2,3,28.6,22.2,0,0
S254,Functions,0,1,26.4,1,27.8,37.5,0,1
S254,Loops,1,0,71.8,3,29.7,20.0,1,0
S254,Variables,0,1,48.7,1,28.9,25.0,0,1
S254,OOP,1,0,51.0,2,30.8,0.0,1,0
S255,OOP,1,1,48.6,1,60.0,60.0,0,2
S255,Loops,2,0,52.2,3,100.0,100.0,1,1
S255,Data Structures,1,1,24.4,1,50.0,50.0,0,2
S255,OOP,2,0,52.5,2,66.7,100.0,1,1
S255,Variables,2,0,90.7,2,50.0,50.0,0,0
S255,Loops,0,1,15.6,1,40.0,0.0,0,1
S255,Functions,1,1,52.7,1,50.0,50.0,1,1
S255,Functions,1,1,28.1,1,57.1,100.0,2,2
S255,OOP,2,0,54.5,3,62.5,50.0,3,0
S255,OOP,0,1,13.3,1,55.6,33.3,0,1
S255,OOP,1,1,37.6,1,60.0,50.0,1,2
S255,Variables,0,1,22.1,1,63.6,0.0,2,1
S255,OOP,1,1,36.3,1,66.7,60.0,3,2
S255,Variables,2,0,41.2,1,69.2,50.0,4,0
S255,Variables,0,0,39.7,2,64.3,33.3,0,0
S255,Functions,0,1,14.9,1,60.0,100.0,0,2
S255,Functions,2,0,76.1,2,62.5,100.0,1,1
S255,Loops,1,1,56.3,1,58.8,50.0,0,1
S255,Data Structures,1,0,54.3,2,61.1,100.0,1,1
S255,OOP,2,0,58.8,1,57.9,66.7,0,1
S255,OOP,2,0,76.1,2,55.0,57.1,0,0
S255,Loops,0,1,15.8,1,52.4,66.7,0,2
S255,Functions,2,1,29.9,1,54.5,75.0,1,2
S255,Data Structures,2,0,94.1,3,56.5,50.0,2,0
S255,Loops,0,1,15.5,1,54.2,75.0,0,2
S255,Functions,2,0,64.1,2,56.0,80.0,1,0
S255,Loops,0,1,19.4,1,53.8,80.0,0,2
S255,Data Structures,2,0,63.5,2,55.6,33.3,1,0
S255,Functions,0,1,22.3,1,53.6,66.7,0,2
S255,Loops,0,1,22.6,1,55.2,83.3,1,2
S255,Loops,2,0,78.2,2,56.7,85.7,2,0
S255,OOP,1,0,37.7,3,54.8,50.0,0,0
S255,Functions,0,1,15.0,1,53.1,71.4,0,2
S255,Data Structures,2,0,67.6,2,54.5,25.0,1,0
S255,Data Structures,1,0,54.0,3,52.9,20.0,0,0
S255,Loops,0,1,34.0,1,51.4,75.0,0,2
S255,Data Structures,2,0,45.9,3,52.8,16.7,1,0
S255,Loops,2,0,77.2,2,51.4,77.8,0,0
S255,OOP,0,1,25.4,1,50.0,44.4,0,1
S255,Functions,1,0,32.6,3,51.3,75.0,1,0
S256,Data Structures,1,0,55.6,2,60.0,60.0,0,0
S256,Functions,0,1,16.9,1,0.0,0.0,0,1
S256,OOP,1,0,44.9,2,50.0,50.0,1,0
S256,Variables,0,1,23.4,1,33.3,33.3,0,1
S256,Data Structures,1,0,56.6,2,50.0,0.0,1,0
S256,Functions,2,0,90.2,3,40.0,100.0,0,0
S256,Functions,0,1,20.4,1,33.3,50.0,0,1
S256,Data Structures,1,1,41.0,1,42.9,0.0,1,1
S256,Functions,1,0,65.1,2,50.0,66.7,2,0
S256,Functions,0,1,33.7,3,44.4,50.0,0,1
S256,Loops,1,1,22.8,1,50.0,50.0,1,1
S256,Functions,1,0,35.3,3,54.5,60.0,2,0
S256,Loops,0,1,18.4,1,50.0,100.0,0,2
S256,Loops,2,0,76.7,2,53.8,100.0,1,1
S256,Functions,1,0,79.0,3,50.0,50.0,0,0
S256,Loops,0,1,32.0,1,46.7,66.7,0,1
S256,OOP,1,1,33.0,1,50.0,0.0,1,1
S256,Functions,1,0,41.6,3,52.9,42.9,2,0
S256,Loops,0,0,18.1,3,50.0,75.0,0,0
S256,Functions,0,1,28.7,1,47.4,37.5,0,1
S256,Loops,1,1,31.6,1,50.0,60.0,1,2
S256,Loops,2,0,93.8,3,52.4,66.7,2,0
S256,Variables,0,0,33.4,3,50.0,100.0,0,0
S256,Functions,0,1,17.5,1,47.8,44.4,0,1
S256,Loops,1,0,47.9,2,50.0,57.1,1,0
S256,Functions,2,0,44.1,3,48.0,50.0,0,0
S256,Variables,0,1,23.2,1,46.2,50.0,0,1
S256,Functions,1,0,43.2,2,48.1,45.5,1,0
S256,Variables,0,0,27.4,3,46.4,66.7,0,0
S256,Variables,0,1,34.0,1,44.8,50.0,0,1
S256,Loops,0,1,27.0,1,46.7,50.0,1,1
S256,Functions,1,1,42.8,1,48.4,41.7,2,1
S256,Functions,0,1,19.7,1,50.0,46.2,3,2
S256,Data Structures,2,0,58.9,2,51.5,33.3,4,0
S256,Variables,0,1,23.9,1,50.0,60.0,0,1
S256,Loops,1,0,44.2,2,51.4,55.6,1,0
S256,Data Structures,0,0,36.5,2,50.0,25.0,0,0
S256,Variables,0,1,26.3,1,48.6,66.7,0,2
S256,Data Structures,2,0,65.0,3,50.0,20.0,1,0
S256,Variables,0,1,24.3,1,48.7,71.4,0,2
S257,Loops,1,0,107.7,3,60.0,60.0,0,0
S257,Loops,0,1,34.3,1,0.0,0.0,0,1
S257,Functions,0,0,41.3,3,50.0,50.0,1,0
S257,Data Structures,0,1,13.3,1,33.3,33.3,0,1
S257,Loops,1,0,76.7,2,50.0,50.0,1,0
S257,Loops,1,0,72.0,2,40.0,33.3,0,0
S257,Functions,2,0,116.3,2,33.3,0.0,0,0
S257,Functions,0,0,52.1,2,28.6,0.0,0,0
S257,OOP,0,0,33.9,2,25.0,25.0,0,0
S257,Variables,0,1,23.5,1,22.2,22.2,0,1
S257,OOP,1,0,50.2,3,30.0,0.0,1,0
S257,Functions,1,0,32.3,3,27.3,0.0,0,0
S257,Functions,0,0,52.0,1,25.0,0.0,0,0
S257,Functions,0,0,33.4,3,23.1,0.0,0,0
S257,Variables,2,0,85.0,3,21.4,100.0,0,0
S257,Variables,0,1,25.7,1,20.0,50.0,0,1
S257,OOP,2,0,108.9,2,25.0,0.0,1,0
S257,Loops,0,0,36.9,2,23.5,25.0,0,0
S257,Loops,0,0,49.5,2,22.2,20.0,0,0
S257,Functions,0,0,31.3,3,21.1,0.0,0,0
S257,OOP,0,1,14.1,1,20.0,0.0,0,1
S257,OOP,1,0,76.4,2,23.8,25.0,1,0
S257,Data Structures,0,0,31.5,3,22.7,100.0,0,0
S257,Variables,0,1,30.4,1,21.7,66.7,0,1
S257,Functions,1,0,68.8,1,25.0,0.0,1,0
S257,OOP,0,1,21.4,1,24.0,20.0,0,2
S257,Loops,2,0,65.7,3,26.9,16.7,1,0
S257,OOP,2,0,90.7,3,25.9,33.3,0,0
S257,Data Structures,2,0,70.1,2,25.0,50.0,0,0
S257,Data Structures,0,0,23.8,2,24.1,33.3,0,0
S257,OOP,0,0,34.4,2,23.3,28.6,0,0
S257,OOP,0,1,32.7,1,22.6,25.0,0,2
S257,OOP,2,0,97.8,1,25.0,33.3,1,0
S257,OOP,0,1,28.8,1,24.2,30.0,0,2
S257,Loops,0,1,30.3,1,26.5,14.3,1,1
S257,Loops,1,0,48.6,2,28.6,25.0,2,0
S257,Functions,0,0,38.0,2,27.8,0.0,0,0
S257,Variables,0,1,26.7,1,27.0,75.0,0,1
S257,Loops,1,0,68.5,2,28.9,22.2,1,0
S257,Functions,1,0,73.5,3,28.2,0.0,0,0
S258,OOP,1,1,26.5,1,60.0,60.0,0,2
S258,Loops,2,0,89.7,3,100.0,100.0,1,1
S258,Functions,2,0,49.9,2,50.0,50.0,0,0
S258,OOP,0,1,25.0,1,33.3,100.0,0,2
S258,Data Structures,2,1,84.8,2,50.0,50.0,1,1
S258,Variables,1,0,35.9,3,60.0,60.0,2,0
S258,Loops,0,1,22.5,1,50.0,0.0,0,1
S258,Loops,1,0,39.4,3,57.1,50.0,1,0
S258,Data Structures,0,1,20.8,1,50.0,100.0,0,2
S258,Functions,1,1,22.8,1,55.6,0.0,1,1
S258,Data Structures,1,0,63.0,3,60.0,100.0,2,0
S258,Variables,0,1,27.0,1,54.5,0.0,0,2
S258,Functions,2,0,72.2,2,58.3,50.0,1,0
S258,Data Structures,2,0,45.0,2,53.8,66.7,0,0
S258,Loops,0,1,18.3,1,50.0,33.3,0,1
S258,Variables,1,1,47.2,3,53.3,50.0,1,1
S258,Variables,0,1,19.5,1,56.2,66.7,2,2
S258,Functions,2,0,65.7,3,58.8,33.3,3,0
S258,OOP,0,1,17.1,2,55.6,100.0,0,2
S258,Loops,2,0,97.8,2,57.9,50.0,1,0
S258,Loops,0,1,17.8,1,55.0,40.0,0,1
S258,OOP,1,0,61.1,2,57.1,100.0,1,0
S258,Variables,0,1,17.3,2,54.5,75.0,0,1
S258,Data Structures,1,1,50.3,1,56.5,50.0,1,1
S258,Loops,1,0,46.4,2,58.3,50.0,2,0
S258,Loops,2,0,67.3,3,56.0,42.9,0,0
S258,OOP,0,1,18.4,1,53.8,75.0,0,2
S258,OOP,0,1,20.6,1,55.6,80.0,1,2
S258,Variables,0,1,26.3,3,57.1,80.0,2,1
S258,Loops,1,0,23.3,3,58.6,37.5,3,0
S258,OOP,0,1,20.1,1,56.7,83.3,0,2
S258,Data Structures,2,0,86.0,3,58.1,60.0,1,0
S258,Variables,0,1,23.8,1,56.2,83.3,0,2
S258,Variables,2,0,99.9,3,57.6,85.7,1,0
S258,Loops,0,1,10.4,1,55.9,33.3,0,1
S258,Loops,1,1,43.8,1,57.1,40.0,1,0
S258,Loops,0,1,19.6,1,58.3,45.5,2,1
S258,Variables,1,0,43.2,1,59.5,75.0,3,1
S258,Data Structures,0,1,18.0,3,57.9,50.0,0,1
S258,Loops,1,1,23.1,1,59.0,50.0,1,2
S259,Variables,1,0,51.0,3,60.0,60.0,0,0
S259,OOP,0,0,29.1,2,0.0,0.0,0,0
S259,OOP,2,0,91.5,1,0.0,0.0,0,0
S259,Variables,0,1,35.6,1,0.0,0.0,0,1
S259,OOP,1,0,89.2,2,25.0,0.0,1,0
S259,Loops,0,0,33.0,2,20.0,20.0,0,0
S259,OOP,0,0,33.0,3,16.7,0.0,0,1
S259,OOP,1,0,71.9,3,14.3,0.0,0,0
S259,Loops,0,0,30.6,3,12.5,0.0,0,0
S259,Variables,2,0,53.3,3,11.1,50.0,0,0
S259,Loops,0,0,33.2,3,10.0,0.0,0,0
S259,Functions,0,1,40.8,1,9.1,9.1,0,1
S259,Variables,1,1,31.6,1,16.7,33.3,1,1
S259,Data Structures,1,1,43.2,1,23.1,23.1,2,1
S259,Variables,1,0,28.0,2,28.6,50.0,3,0
S259,Data Structures,0,1,20.3,1,26.7,100.0,0,2
S259,Data Structures,2,0,40.7,3,31.2,100.0,1,0
S259,OOP,0,0,44.5,3,29.4,0.0,0,0
S259,Loops,0,1,22.3,1,27.8,0.0,0,1
S259,OOP,1,0,60.3,3,31.6,0.0,1,0
S259,Functions,0,1,15.5,1,30.0,100.0,0,2
S259,OOP,2,0,63.1,2,33.3,0.0,1,0
S259,Functions,0,1,26.4,1,31.8,100.0,0,2
S259,Data Structures,2,0,94.2,3,34.8,66.7,1,0
S259,Loops,0,0,57.8,3,33.3,25.0,0,0
S259,OOP,0,0,44.6,2,32.0,0.0,0,0
S259,Loops,0,1,31.6,1,30.8,20.0,0,1
S259,Loops,1,0,54.4,3,33.3,33.3,1,0
S259,OOP,0,1,22.6,1,32.1,0.0,0,1
S259,Loops,1,0,55.8,3,34.5,28.6,1,0
S259,Data Structures,1,1,23.4,1,33.3,50.0,0,2
S259,Data Structures,1,0,44.6,2,35.5,60.0,1,0
S259,Loops,0,0,33.6,2,34.4,25.0,0,0
S259,Variables,0,1,12.1,1,33.3,40.0,0,1
S259,Functions,1,0,32.1,3,35.3,100.0,1,0
S259,Loops,1,0,71.0,3,34.3,22.2,0,0
S259,OOP,0,0,24.1,3,33.3,10.0,0,0
S259,Data Structures,0,1,32.8,1,32.4,50.0,0,1
S259,OOP,1,0,91.5,3,34.2,9.1,1,0
S259,Variables,0,0,29.7,3,33.3,50.0,0,0
S260,Functions,1,1,32.7,1,60.0,60.0,0,2
S260,Loops,2,1,45.7,1,100.0,100.0,1,2
S260,Variables,1,1,22.3,1,100.0,100.0,2,2
S260,Data Structures,2,1,57.2,1,100.0,100.0,3,2
S260,Data Structures,2,0,78.6,2,100.0,100.0,4,1
S260,Loops,1,1,43.5,1,80.0,100.0,0,2
S260,Loops,2,0,58.1,2,83.3,100.0,1,1
S260,Functions,1,1,32.6,1,71.4,100.0,0,2
S260,Functions,2,0,47.7,2,75.0,100.0,1,1
S260,Data Structures,1,1,42.0,1,66.7,50.0,0,2
S260,OOP,2,1,14.6,1,70.0,70.0,1,2
S260,Data Structures,1,1,33.8,3,72.7,66.7,2,2
S260,OOP,2,1,28.1,1,75.0,100.0,3,2
S260,Loops,2,0,79.3,2,76.9,66.7,4,0
S260,Data Structures,0,1,12.6,1,71.4,75.0,0,2
S260,Functions,2,1,57.3,1,73.3,66.7,1,2
S260,Functions,0,1,14.0,1,75.0,75.0,2,2
S260,OOP,2,0,40.2,3,76.5,100.0,3,1
S260,Loops,1,1,20.3,1,72.2,50.0,0,2
S260,Loops,2,0,56.1,3,73.7,60.0,1,0
S260,Variables,0,1,18.0,1,70.0,100.0,0,2
S260,Loops,2,0,58.3,1,71.4,50.0,1,0
S260,Loops,0,1,11.0,1,68.2,42.9,0,2
S260,Functions,1,1,26.1,1,69.6,80.0,1,2
S260,Variables,0,1,10.0,1,70.8,100.0,2,2
S260,Data Structures,2,0,55.0,3,72.0,80.0,3,0
S260,Variables,0,1,14.2,2,69.2,100.0,0,2
S260,Loops,2,1,59.1,1,70.4,50.0,1,2
S260,Functions,1,1,38.5,1,71.4,83.3,2,2
S260,Variables,2,1,25.8,1,72.4,100.0,3,2
S260,OOP,2,1,23.3,1,73.3,66.7,4,2
S260,Variables,2,1,31.0,1,74.2,100.0,5,2
S260,Variables,2,0,27.6,3,75.0,100.0,6,1
S260,Variables,1,1,21.8,1,72.7,85.7,0,2
S260,Data Structures,2,0,75.4,2,73.5,66.7,1,0
S260,Data Structures,0,1,19.1,1,71.4,57.1,0,2
S260,Loops,2,0,60.0,2,72.2,55.6,1,0
S260,Loops,0,1,24.8,1,70.3,50.0,0,1
S260,Functions,1,0,53.3,3,71.1,85.7,1,0
S260,Variables,0,1,13.0,1,69.2,87.5,0,2
S261,Variables,1,1,31.2,1,60.0,60.0,0,2
S261,Functions,2,0,40.8,3,100.0,100.0,1,1
S261,Data Structures,1,1,23.5,1,50.0,50.0,0,2
S261,Loops,2,0,33.0,2,66.7,66.7,1,0
S261,Functions,0,1,28.7,1,50.0,0.0,0,1
S261,Variables,1,1,26.4,1,60.0,100.0,1,2
S261,OOP,2,1,41.0,1,66.7,66.7,2,2
S261,Functions,0,1,11.9,1,71.4,50.0,3,2
S261,Loops,2,1,32.1,1,75.0,0.0,4,1
S261,Loops,1,1,20.9,1,77.8,50.0,5,2
S261,Data Structures,2,1,53.9,1,80.0,100.0,6,2
S261,Loops,2,0,26.1,2,81.8,66.7,7,1
S261,Loops,1,0,31.2,1,75.0,50.0,0,0
S261,Functions,0,1,17.6,1,69.2,66.7,0,2
S261,OOP,2,1,22.2,2,71.4,100.0,1,2
S261,Variables,2,0,69.4,1,73.3,100.0,2,1
S261,Functions,1,1,32.5,1,68.8,75.0,0,2
S261,Variables,2,0,44.0,2,70.6,66.7,1,0
S261,OOP,1,1,20.2,1,66.7,100.0,0,2
S261,OOP,2,0,43.5,3,68.4,100.0,1,1
S261,Loops,2,1,22.0,1,65.0,40.0,0,2
S261,Loops,2,1,35.7,1,66.7,50.0,1,2
S261,Functions,2,0,76.5,2,68.2,80.0,2,0
S261,Variables,0,1,10.7,1,65.2,50.0,0,2
S261,Data Structures,2,0,63.5,2,66.7,100.0,1,1
S261,Variables,1,1,34.1,1,64.0,60.0,0,2
S261,Functions,2,0,43.0,2,65.4,66.7,1,0
S261,Loops,2,1,43.8,1,63.0,57.1,0,2
S261,Loops,2,1,34.1,2,64.3,62.5,1,2
S261,OOP,1,1,27.7,1,65.5,75.0,2,2
S261,Data Structures,2,1,32.0,1,66.7,66.7,3,2
S261,Functions,2,1,31.2,1,67.7,57.1,4,2
S261,Variables,2,0,81.3,2,68.8,66.7,5,0
S261,OOP,1,0,25.8,2,66.7,80.0,0,1
S261,Data Structures,1,1,54.0,1,64.7,75.0,0,2
S261,Functions,2,0,66.6,2,65.7,62.5,1,0
S261,Functions,0,1,12.0,1,63.9,55.6,0,2
S261,OOP,2,1,41.3,3,64.9,66.7,1,2
S261,OOP,2,1,37.5,1,65.8,71.4,2,2
S261,Functions,2,0,83.1,2,66.7,60.0,3,0
S262,Data Structures,1,0,41.3,2,60.0,60.0,0,1
S262,Loops,1,1,29.5,1,0.0,0.0,0,1
S262,Data Structures,1,0,36.0,2,50.0,0.0,1,0
S262,Variables,0,1,16.3,1,33.3,33.3,0,1
S262,OOP,2,1,54.0,1,50.0,50.0,1,2
S262,Variables,2,0,55.0,2,60.0,100.0,2,1
S262,Data Structures,1,0,78.9,2,50.0,0.0,0,0
S262,Functions,2,0,64.8,2,42.9,42.9,0,0
S262,OOP,0,1,16.5,1,37.5,100.0,0,2
S262,Loops,2,0,57.1,3,44.4,100.0,1,0
S262,Variables,0,1,18.1,1,40.0,50.0,0,1
S262,Functions,1,0,65.6,2,45.5,0.0,1,0
S262,Functions,0,1,13.1,1,41.7,0.0,0,1
S262,OOP,1,1,44.8,1,46.2,100.0,1,2
S262,Variables,2,0,70.2,3,50.0,66.7,2,0
S262,Data Structures,2,0,106.9,3,46.7,0.0,0,0
S262,OOP,0,1,17.8,2,43.8,100.0,0,2
S262,Variables,1,0,69.7,3,47.1,50.0,1,0
S262,OOP,0,1,19.2,1,44.4,100.0,0,2
S262,Functions,2,0,51.1,3,47.4,33.3,1,0
S262,Loops,0,1,12.2,1,45.0,50.0,0,2
S262,Functions,1,1,53.1,1,47.6,25.0,1,1
S262,Data Structures,1,0,46.3,1,50.0,0.0,2,0
S262,Variables,0,1,19.6,1,47.8,40.0,0,1
S262,OOP,1,0,23.3,2,50.0,100.0,1,1
S262,Variables,0,1,10.6,1,48.0,50.0,0,2
S262,Loops,1,1,26.8,1,50.0,66.7,1,2
S262,OOP,2,0,80.6,3,51.9,83.3,2,0
S262,Loops,0,1,11.5,1,50.0,75.0,0,2
S262,Loops,1,1,36.6,1,51.7,80.0,1,2
S262,Data Structures,2,0,80.7,2,53.3,0.0,2,0
S262,Variables,0,1,19.6,1,51.6,57.1,0,2
S262,Functions,2,0,91.5,2,53.1,40.0,1,0
S262,Functions,0,1,17.3,1,51.5,33.3,0,1
S262,Functions,1,0,45.1,3,52.9,42.9,1,0
S262,OOP,0,1,15.0,1,51.4,71.4,0,2
S262,Loops,1,0,27.0,2,52.8,83.3,1,0
S262,OOP,2,0,53.2,3,51.4,75.0,0,0
S262,Loops,0,1,25.5,3,50.0,71.4,0,1
S262,Functions,2,0,76.5,2,51.3,37.5,1,0
S263,Data Structures,1,1,30.7,2,60.0,60.0,0,1
S263,Functions,1,0,52.5,1,100.0,100.0,1,2
S263,OOP,2,0,64.7,3,50.0,50.0,0,0
S263,Functions,0,1,16.7,1,33.3,0.0,0,1
S263,Functions,1,0,37.4,2,50.0,50.0,1,0
S263,Functions,0,1,17.7,1,40.0,33.3,0,1
S263,Functions,1,0,69.6,3,50.0,50.0,1,0
S263,Variables,2,0,61.0,3,42.9,42.9,0,0
S263,Data Structures,2,0,48.2,2,37.5,100.0,0,1
S263,Variables,1,0,37.9,2,33.3,0.0,0,0
S263,Data Structures,2,0,66.7,3,30.0,50.0,0,0
S263,Variables,0,1,16.8,1,27.3,0.0,0,1
S263,Loops,1,0,27.2,3,33.3,33.3,1,0
S263,Data Structures,1,0,43.8,2,30.8,33.3,0,0
S263,Data Structures,0,1,14.1,1,28.6,25.0,0,1
S263,Variables,1,0,33.7,3,33.3,33.3,1,0
S263,Functions,0,1,13.9,1,31.2,40.0,0,1
S263,Loops,2,1,25.1,1,35.3,0.0,1,1
S263,Data Structures,1,1,28.0,1,38.9,40.0,2,1
S263,Functions,1,0,34.1,3,42.1,50.0,3,0
S263,Variables,0,1,15.6,1,40.0,25.0,0,1
S263,Variables,1,1,13.2,1,42.9,40.0,1,2
S263,Functions,2,0,93.9,2,45.5,42.9,2,0
S263,Loops,0,1,19.5,1,43.5,50.0,0,1
S263,OOP,1,1,29.1,1,45.8,0.0,1,1
S263,Loops,1,1,25.0,1,48.0,66.7,2,2
S263,Functions,2,0,126.7,2,50.0,37.5,3,0
S263,Loops,0,1,21.3,1,48.1,75.0,0,2
S263,OOP,1,1,23.0,1,50.0,50.0,1,2
S263,Loops,0,1,13.0,1,51.7,80.0,2,2
S263,Loops,0,1,16.5,2,53.3,83.3,3,2
S263,Variables,0,1,15.1,1,54.8,50.0,4,2
S263,Variables,2,0,79.4,3,56.2,57.1,5,0
S263,Data Structures,1,0,41.8,2,54.5,50.0,0,1
S263,Variables,1,1,22.5,1,52.9,50.0,0,1
S263,Data Structures,1,0,19.0,2,54.3,42.9,1,0
S263,Variables,0,1,10.8,3,52.8,55.6,0,1
S263,Loops,1,1,27.1,1,54.1,85.7,1,2
S263,Data Structures,2,0,84.0,1,55.3,37.5,2,0
S263,Variables,0,1,14.6,1,53.8,60.0,0,2
S264,Loops,1,1,25.7,1,60.0,60.0,0,2
S264,Data Structures,2,1,30.0,1,100.0,100.0,1,2
S264,Functions,2,0,59.7,2,100.0,100.0,2,1
S264,Functions,1,1,22.4,1,66.7,0.0,0,1
S264,Loops,1,0,31.9,2,75.0,100.0,1,1
S264,Loops,1,0,41.8,3,60.0,50.0,0,0
S264,Data Structures,2,1,31.1,1,50.0,100.0,0,2
S264,OOP,2,1,15.7,1,57.1,57.1,1,2
S264,Functions,2,0,31.0,3,62.5,50.0,2,0
S264,Variables,0,1,17.4,1,55.6,55.6,0,2
S264,OOP,2,0,45.1,3,60.0,100.0,1,1
S264,Data Structures,1,1,17.8,1,54.5,100.0,0,2
S264,Loops,1,1,32.8,1,58.3,33.3,1,1
S264,Loops,1,1,27.6,1,61.5,50.0,2,2
S264,Variables,2,0,57.4,2,64.3,100.0,3,1
S264,Data Structures,1,1,23.7,1,60.0,100.0,0,2
S264,Variables,0,1,15.0,1,62.5,50.0,1,2
S264,OOP,2,1,18.8,1,64.7,50.0,2,2
S264,Loops,2,0,69.3,3,66.7,60.0,3,0
S264,OOP,0,1,22.1,1,63.2,66.7,0,2
S264,OOP,2,0,57.6,3,65.0,75.0,1,0
S264,Functions,2,1,27.8,1,61.9,33.3,0,2
S264,Loops,2,0,35.2,3,63.6,50.0,1,0
S264,Loops,0,1,15.2,1,60.9,42.9,0,1
S264,Variables,1,1,19.8,1,62.5,66.7,1,2
S264,OOP,2,1,26.6,1,64.0,60.0,2,2
S264,Data Structures,2,1,28.6,1,65.4,100.0,3,2
S264,Variables,2,1,37.5,1,66.7,75.0,4,2
S264,Functions,1,1,21.9,1,67.9,50.0,5,2
S264,Data Structures,2,1,20.5,1,69.0,100.0,6,2
S264,Loops,2,0,46.2,3,70.0,50.0,7,0
S264,Functions,0,1,8.9,1,67.7,60.0,0,2
S264,OOP,2,0,37.0,3,68.8,66.7,1,0
S264,Data Structures,0,1,10.0,1,66.7,100.0,0,2
S264,OOP,2,1,33.0,1,67.6,57.1,1,2
S264,Loops,0,1,19.7,1,68.6,44.4,2,1
S264,OOP,1,1,31.5,1,69.4,62.5,3,2
S264,Loops,0,1,12.8,1,70.3,50.0,4,2
S264,Data Structures,1,1,17.1,1,71.1,100.0,5,2
S264,OOP,1,1,21.7,1,71.8,66.7,6,2
S265,Variables,1,0,43.3,2,60.0,60.0,0,0
S265,Variables,1,1,33.1,3,0.0,0.0,0,1
S265,Functions,0,1,8.1,1,50.0,50.0,1,2
S265,Functions,2,0,36.8,2,66.7,100.0,2,1
S265,Variables,1,0,29.6,2,50.0,50.0,0,0
S265,Variables,0,1,12.7,1,40.0,33.3,0,1
S265,Loops,1,1,20.1,1,50.0,50.0,1,2
S265,OOP,2,1,43.8,1,57.1,57.1,2,2
S265,Variables,2,1,41.2,1,62.5,50.0,3,1
S265,Data Structures,1,1,34.4,1,66.7,66.7,4,2
S265,Functions,2,1,58.0,1,70.0,50.0,5,2
S265,Data Structures,2,1,44.2,1,72.7,100.0,6,2
S265,Data Structures,2,0,96.0,2,75.0,100.0,7,1
S265,OOP,0,1,24.8,1,69.2,100.0,0,2
S265,Data Structures,2,0,40.0,3,71.4,66.7,1,0
S265,Functions,0,1,12.2,1,66.7,66.7,0,2
S265,Functions,1,1,36.8,1,68.8,75.0,1,1
S265,Data Structures,1,1,18.8,3,70.6,50.0,2,1
S265,Variables,1,1,39.6,1,72.2,60.0,3,2
S265,Variables,2,0,55.5,2,73.7,66.7,4,0
S265,Variables,0,1,17.4,2,70.0,57.1,0,1
S265,Functions,1,1,15.1,1,71.4,80.0,1,2
S265,Variables,2,1,54.0,1,72.7,62.5,2,2
S265,Functions,2,0,26.0,2,73.9,83.3,3,1
S265,OOP,1,1,25.8,1,70.8,100.0,0,2
S265,Variables,1,1,30.9,1,72.0,66.7,1,2
S265,Loops,2,0,51.4,2,73.1,100.0,2,1
S265,OOP,2,1,42.0,1,70.4,100.0,0,2
S265,Functions,2,1,38.0,1,71.4,71.4,1,2
S265,Data Structures,2,0,52.4,2,72.4,60.0,2,0
S265,Functions,1,1,31.7,1,70.0,75.0,0,2
S265,Functions,2,1,32.1,1,71.0,77.8,1,2
S265,Loops,2,0,80.0,3,71.9,50.0,2,0
S265,OOP,0,1,13.4,1,69.7,100.0,0,2
S265,Functions,2,0,61.3,2,70.6,80.0,1,0
S265,Data Structures,0,1,12.2,3,68.6,50.0,0,1
S265,Variables,1,1,49.6,1,69.4,70.0,1,2
S265,Loops,2,1,63.7,1,70.3,33.3,2,2
S265,Variables,2,1,24.7,1,71.1,72.7,3,2
S265,Data Structures,2,1,33.9,1,71.8,57.1,4,2
S266,Variables,1,1,17.1,1,60.0,60.0,0,2
S266,Variables,1,0,32.3,2,100.0,100.0,1,1
S266,Variables,1,1,19.6,1,50.0,50.0,0,2
S266,Data Structures,2,0,62.4,3,66.7,66.7,1,0
S266,Functions,0,1,16.3,1,50.0,50.0,0,1
S266,Data Structures,1,1,34.4,1,60.0,0.0,1,1
S266,Loops,1,1,27.9,1,66.7,66.7,2,2
S266,Functions,2,1,30.3,1,71.4,100.0,3,2
S266,Functions,2,1,44.3,1,75.0,100.0,4,2
S266,OOP,2,0,56.1,3,77.8,77.8,5,0
S266,Data Structures,0,1,25.5,1,70.0,50.0,0,1
S266,Data Structures,1,1,27.4,1,72.7,66.7,1,2
S266,Data Structures,2,0,85.9,3,75.0,75.0,2,0
S266,Data Structures,0,1,12.5,1,69.2,60.0,0,2
S266,Functions,2,1,32.9,1,71.4,100.0,1,2
S266,Data Structures,2,0,65.2,3,73.3,66.7,2,0
S266,Variables,0,1,8.9,1,68.8,66.7,0,2
S266,Data Structures,2,1,54.3,1,70.6,57.1,1,2
S266,OOP,2,0,48.3,2,72.2,0.0,2,0
S266,OOP,2,1,59.1,1,68.4,0.0,0,1
S266,Functions,1,1,21.1,1,70.0,100.0,1,2
S266,Functions,2,1,21.3,1,71.4,100.0,2,2
S266,Functions,1,1,27.5,1,72.7,100.0,3,2
S266,Data Structures,2,1,54.2,1,73.9,62.5,4,2
S266,Variables,2,0,60.0,2,75.0,75.0,5,0
S266,Data Structures,1,1,30.3,1,72.0,66.7,0,2
S266,Data Structures,2,0,61.6,2,73.1,70.0,1,0
S266,Data Structures,0,1,17.5,1,70.4,63.6,0,2
S266,Variables,2,0,88.1,2,71.4,60.0,1,0
S266,Data Structures,0,1,22.4,1,69.0,66.7,0,2
S266,OOP,0,1,20.5,1,70.0,33.3,1,1
S266,Loops,1,1,97.4,1,71.0,100.0,2,2
S266,Variables,2,1,18.5,1,71.9,50.0,3,1
S266,Variables,1,1,21.9,1,72.7,57.1,4,2
S266,Variables,0,1,17.0,1,73.5,62.5,5,2
S266,Functions,2,1,41.8,1,74.3,100.0,6,2
S266,Data Structures,2,0,63.2,1,75.0,69.2,7,1
S266,Data Structures,1,1,26.1,1,73.0,64.3,0,2
S266,Variables,2,1,41.4,1,73.7,66.7,1,2
S266,Functions,2,1,27.9,1,74.4,100.0,2,2
S267,Data Structures,1,0,58.4,1,60.0,60.0,0,0
S267,Data Structures,0,0,17.1,3,0.0,0.0,0,0
S267,Functions,0,0,40.7,2,0.0,0.0,0,0
S267,Data Structures,2,0,143.7,3,0.0,0.0,0,0
S267,OOP,0,1,14.5,1,0.0,0.0,0,1
S267,OOP,1,0,45.4,3,20.0,100.0,1,0
S267,Data Structures,0,0,35.8,2,16.7,0.0,0,0
S267,Variables,0,1,32.3,1,14.3,14.3,0,1
S267,Variables,1,0,60.3,2,25.0,100.0,1,0
S267,Functions,0,0,30.0,2,22.2,0.0,0,0
S267,Data Structures,0,1,25.8,1,20.0,0.0,0,1
S267,Data Structures,1,0,74.8,3,27.3,20.0,1,0
S267,Loops,0,1,38.4,1,25.0,25.0,0,1
S267,Variables,1,1,35.4,1,30.8,50.0,1,1
S267,OOP,1,0,60.6,2,35.7,50.0,2,0
S267,Loops,2,0,64.3,2,33.3,100.0,0,1
S267,Loops,1,0,51.6,3,31.2,50.0,0,0
S267,Functions,0,1,24.7,1,29.4,0.0,0,1
S267,Functions,1,0,67.1,3,33.3,33.3,1,0
S267,Loops,0,1,9.6,1,31.6,33.3,0,1
S267,Loops,2,0,101.3,3,35.0,50.0,1,0
S267,Variables,0,1,21.3,1,33.3,66.7,0,2
S267,Loops,2,0,46.0,1,36.4,40.0,1,0
S267,OOP,2,0,109.1,2,34.8,33.3,0,0
S267,OOP,0,1,19.1,1,33.3,25.0,0,1
S267,Data Structures,1,1,46.2,2,36.0,16.7,1,1
S267,OOP,1,0,40.7,3,38.5,40.0,2,0
S267,Functions,0,1,32.9,1,37.0,25.0,0,1
S267,Data Structures,0,1,28.7,1,39.3,28.6,1,1
S267,OOP,1,1,49.0,1,41.4,33.3,2,1
S267,Variables,1,0,60.6,3,43.3,75.0,3,0
S267,Data Structures,0,0,19.6,2,41.9,37.5,0,0
S267,Loops,0,1,17.2,1,40.6,33.3,0,1
S267,Functions,1,0,90.1,3,42.4,40.0,1,0
S267,Loops,0,1,13.7,1,41.2,42.9,0,1
S267,Functions,0,0,33.2,2,42.9,33.3,1,0
S267,OOP,0,1,27.5,1,41.7,42.9,0,1
S267,OOP,1,0,39.6,2,43.2,50.0,1,0
S267,Functions,0,0,59.3,2,42.1,28.6,0,1
S267,Variables,1,0,50.8,2,41.0,60.0,0,0
S268,Variables,1,0,36.1,2,60.0,60.0,0,0
S268,OOP,0,1,27.6,1,0.0,0.0,0,1
S268,Functions,1,1,12.6,1,50.0,50.0,1,2
S268,Functions,2,1,29.7,2,66.7,100.0,2,2
S268,OOP,0,1,23.5,1,75.0,100.0,3,2
S268,Loops,2,0,82.9,2,80.0,80.0,4,0
S268,Functions,0,1,13.8,1,66.7,100.0,0,2
S268,OOP,2,0,63.9,3,71.4,100.0,1,1
S268,Data Structures,1,1,19.6,1,62.5,62.5,0,2
S268,Loops,2,0,50.1,3,66.7,0.0,1,0
S268,OOP,0,1,16.8,1,60.0,66.7,0,2
S268,Variables,1,0,35.4,2,63.6,0.0,1,0
S268,Functions,0,1,8.7,1,58.3,100.0,0,2
S268,Functions,1,1,32.9,1,61.5,100.0,1,2
S268,Data Structures,2,1,29.0,1,64.3,100.0,2,2
S268,Variables,2,0,45.6,3,66.7,0.0,3,0
S268,Functions,0,1,20.9,1,62.5,100.0,0,2
S268,Variables,2,0,56.5,1,64.7,0.0,1,0
S268,Functions,0,1,20.2,1,61.1,100.0,0,2
S268,Loops,2,0,55.8,3,63.2,0.0,1,0
S268,OOP,0,1,21.0,1,60.0,75.0,0,2
S268,Functions,2,1,54.7,1,61.9,100.0,1,1
S268,Variables,1,1,30.0,1,63.6,0.0,2,1
S268,Data Structures,1,1,28.1,1,65.2,100.0,3,2
S268,Loops,2,0,72.8,2,66.7,0.0,4,0
S268,OOP,2,0,62.0,3,64.0,80.0,0,0
S268,Loops,0,1,11.6,1,61.5,0.0,0,1
S268,OOP,1,1,75.6,1,63.0,66.7,1,2
S268,Variables,1,1,14.9,1,64.3,20.0,2,1
S268,Functions,1,1,14.3,1,65.5,100.0,3,2
S268,OOP,2,0,72.2,2,66.7,71.4,4,0
S268,Data Structures,0,1,15.6,1,64.5,100.0,0,2
S268,Functions,2,1,28.8,1,65.6,100.0,1,2
S268,Functions,2,0,49.5,3,66.7,100.0,2,1
S268,Data Structures,1,1,33.6,1,64.7,100.0,0,2
S268,Variables,2,0,70.8,2,65.7,33.3,1,0
S268,Variables,0,1,20.1,2,63.9,28.6,0,1
S268,Functions,1,1,13.8,1,64.9,90.9,1,2
S268,Functions,2,0,42.1,3,65.8,91.7,2,1
S268,Functions,2,1,41.0,1,64.1,84.6,0,2
S269,Functions,1,1,26.1,1,60.0,60.0,0,2
S269,Loops,2,0,62.1,3,100.0,100.0,1,1
S269,Functions,2,0,49.4,2,50.0,100.0,0,1
S269,Data Structures,1,0,58.2,2,33.3,33.3,0,0
S269,OOP,0,1,14.3,1,25.0,25.0,0,1
S269,Loops,0,1,14.6,1,40.0,0.0,1,1
S269,Variables,1,1,26.2,1,50.0,50.0,2,2
S269,Loops,2,0,55.2,3,57.1,50.0,3,0
S269,Variables,0,1,28.7,1,50.0,100.0,0,2
S269,OOP,2,0,75.7,2,55.6,100.0,1,1
S269,Loops,2,0,56.3,2,50.0,33.3,0,0
S269,Loops,0,1,10.2,1,45.5,25.0,0,1
S269,OOP,1,1,39.6,1,50.0,50.0,1,2
S269,Data Structures,2,0,52.3,2,53.8,0.0,2,0
S269,OOP,0,1,15.2,1,50.0,66.7,0,2
S269,Variables,2,0,48.7,3,53.3,100.0,1,1
S269,Data Structures,1,1,14.4,1,50.0,0.0,0,1
S269,Variables,2,1,42.4,1,52.9,66.7,1,2
S269,Data Structures,1,1,26.8,1,55.6,33.3,2,1
S269,Loops,1,1,28.0,1,57.9,40.0,3,2
S269,OOP,2,0,67.9,2,60.0,75.0,4,0
S269,Variables,0,1,14.4,2,57.1,75.0,0,2
S269,OOP,2,0,99.9,3,59.1,60.0,1,0
S269,Variables,0,1,25.2,1,56.5,80.0,0,2
S269,Data Structures,2,0,34.3,3,58.3,50.0,1,0
S269,OOP,0,1,21.8,1,56.0,50.0,0,1
S269,Loops,2,1,39.0,1,57.7,50.0,1,2
S269,Variables,2,1,51.4,1,59.3,83.3,2,2
S269,OOP,2,0,51.6,3,60.7,57.1,3,0
S269,Functions,0,1,24.4,1,58.6,50.0,0,1
S269,OOP,1,0,36.4,3,60.0,50.0,1,0
S269,OOP,0,1,17.0,1,58.1,44.4,0,1
S269,Loops,1,1,21.6,1,59.4,57.1,1,2
S269,Functions,2,0,62.6,2,60.6,66.7,2,0
S269,Functions,2,1,24.6,1,58.8,50.0,0,2
S269,OOP,2,0,82.5,2,60.0,50.0,1,0
S269,Variables,0,1,17.0,1,58.3,85.7,0,2
S269,Data Structures,1,1,31.0,1,59.5,40.0,1,2
S269,Data Structures,0,1,13.1,1,60.5,50.0,2,2
S269,OOP,2,0,72.5,2,61.5,45.5,3,0
S270,Data Structures,1,1,39.2,1,60.0,60.0,0,2
S270,OOP,1,0,94.5,2,100.0,100.0,1,1
S270,Functions,1,1,41.2,1,50.0,50.0,0,2
S270,Loops,2,0,78.4,3,66.7,66.7,1,0
S270,Functions,0,1,11.0,1,50.0,100.0,0,2
S270,Data Structures,2,0,81.4,2,60.0,100.0,1,1
S270,Loops,1,0,70.3,2,50.0,0.0,0,0
S270,Loops,1,0,38.3,2,42.9,0.0,0,0
S270,Functions,0,1,22.3,1,37.5,100.0,0,1
S270,Functions,1,1,29.5,1,44.4,100.0,1,2
S270,Functions,2,0,88.7,2,50.0,100.0,2,0
S270,Loops,0,1,29.5,1,45.5,0.0,0,1
S270,Data Structures,1,0,79.9,2,50.0,50.0,1,0
S270,Loops,0,1,16.3,2,46.2,25.0,0,1
S270,Variables,1,1,41.4,2,50.0,50.0,1,1
S270,Data Structures,1,0,37.1,2,53.3,33.3,2,0
S270,Data Structures,0,1,21.6,1,50.0,25.0,0,1
S270,Loops,1,0,50.7,2,52.9,40.0,1,1
S270,Loops,2,0,127.7,2,50.0,33.3,0,0
S270,Loops,0,0,32.5,3,47.4,28.6,0,0
S270,Functions,0,1,18.5,1,45.0,80.0,0,2
S270,Data Structures,2,0,54.7,2,47.6,40.0,1,0
S270,OOP,2,0,128.6,3,45.5,0.0,0,0
S270,Data Structures,0,1,25.1,1,43.5,33.3,0,1
S270,Data Structures,1,0,60.6,2,45.8,42.9,1,0
S270,Data Structures,0,1,22.0,1,44.0,37.5,0,1
S270,Functions,0,1,13.2,1,46.2,83.3,1,2
S270,Functions,2,0,76.4,3,48.1,85.7,2,0
S270,Data Structures,0,1,15.8,1,46.4,44.4,0,1
S270,Data Structures,0,1,20.2,2,48.3,50.0,1,1
S270,Variables,1,0,46.6,2,50.0,100.0,2,1
S270,OOP,2,0,102.9,3,48.4,0.0,0,0
S270,OOP,0,1,17.2,2,46.9,0.0,0,1
S270,Functions,1,1,32.8,2,48.5,75.0,1,2
S270,Loops,2,0,115.7,3,50.0,25.0,2,0
S270,OOP,2,0,74.5,2,48.6,25.0,0,0
S270,OOP,0,1,25.9,1,47.2,20.0,0,1
S270,Variables,1,1,21.9,1,48.6,50.0,1,2
S270,OOP,2,0,114.0,1,50.0,33.3,2,0
S270,Functions,0,1,17.0,1,48.7,77.8,0,2
S271,OOP,1,0,34.5,3,60.0,60.0,0,0
S271,OOP,0,1,20.5,1,0.0,0.0,0,1
S271,OOP,1,1,30.5,1,50.0,50.0,1,2
S271,Loops,2,0,58.3,3,66.7,66.7,2,0
S271,OOP,0,1,13.1,1,50.0,66.7,0,2
S271,Loops,2,1,23.6,1,60.0,0.0,1,2
S271,Functions,2,1,29.0,1,66.7,66.7,2,2
S271,Loops,2,1,44.1,1,71.4,50.0,3,2
S271,Variables,2,1,48.4,1,75.0,75.0,4,2
S271,OOP,2,1,31.7,1,77.8,75.0,5,2
S271,Variables,2,1,23.7,1,80.0,100.0,6,2
S271,Data Structures,2,0,60.6,2,81.8,81.8,7,1
S271,Data Structures,1,1,29.3,1,75.0,0.0,0,1
S271,Variables,1,1,17.9,1,76.9,100.0,1,2
S271,Functions,0,1,13.5,1,78.6,100.0,2,2
S271,Variables,2,0,31.7,3,80.0,100.0,3,1
S271,Data Structures,1,1,37.5,1,75.0,50.0,0,2
S271,Loops,2,0,35.7,2,76.5,66.7,1,0
S271,Loops,0,1,14.6,2,72.2,50.0,0,1
S271,Data Structures,1,0,46.7,3,73.7,66.7,1,0
S271,Variables,0,1,7.6,1,70.0,75.0,0,2
S271,OOP,2,0,30.7,2,71.4,80.0,1,1
S271,Functions,1,1,16.3,1,68.2,100.0,0,2
S271,OOP,2,0,45.6,2,69.6,66.7,1,0
S271,Loops,0,1,14.9,1,66.7,60.0,0,2
S271,Variables,2,1,62.2,1,68.0,80.0,1,2
S271,Loops,2,0,29.0,2,69.2,66.7,2,0
S271,Variables,0,1,7.8,1,66.7,83.3,0,2
S271,Loops,2,0,29.5,3,67.9,57.1,1,0
S271,OOP,0,1,11.2,1,65.5,57.1,0,2
S271,Data Structures,2,0,64.1,3,66.7,50.0,1,0
S271,Data Structures,0,1,14.8,1,64.5,40.0,0,1
S271,Variables,1,1,15.0,1,65.6,85.7,1,2
S271,Variables,2,0,52.8,2,66.7,87.5,2,1
S271,Loops,1,1,16.3,1,64.7,50.0,0,2
S271,Loops,2,1,31.5,2,65.7,55.6,1,2
S271,Functions,2,1,37.1,1,66.7,100.0,2,2
S271,Functions,2,0,53.4,3,67.6,100.0,3,1
S271,OOP,1,1,25.1,1,65.8,62.5,0,2
S271,Variables,2,0,48.0,1,66.7,77.8,1,1
S272,Data Structures,1,0,52.7,3,60.0,60.0,0,0
S272,Loops,0,0,24.9,2,0.0,0.0,0,0
S272,Variables,0,1,19.7,1,0.0,0.0,0,1
S272,Variables,1,0,60.9,2,33.3,100.0,1,0
S272,Loops,0,0,23.6,2,25.0,0.0,0,0
S272,Loops,0,0,51.9,3,20.0,0.0,0,0
S272,Variables,0,0,31.8,3,16.7,50.0,0,0
S272,Loops,0,0,38.9,3,14.3,0.0,0,0
S272,Variables,2,0,169.9,2,12.5,33.3,0,0
S272,Loops,0,0,35.6,2,11.1,0.0,0,0
S272,Loops,0,0,33.6,3,10.0,0.0,0,0
S272,OOP,0,0,42.4,2,9.1,9.1,0,0
S272,OOP,0,0,26.5,3,8.3,0.0,0,0
S272,OOP,0,0,67.4,2,7.7,0.0,0,0
S272,Data Structures,0,0,44.7,3,7.1,0.0,0,0
S272,Variables,0,0,29.0,2,6.7,25.0,0,0
S272,Functions,1,0,57.4,2,6.2,6.2,0,0
S272,Loops,0,0,57.1,2,5.9,0.0,0,0
S272,Functions,0,0,35.9,3,5.6,0.0,0,0
S272,Variables,1,0,65.4,3,5.3,20.0,0,0
S272,OOP,0,0,30.4,1,5.0,0.0,0,0
S272,Variables,0,0,33.1,3,4.8,16.7,0,0
S272,OOP,1,0,63.8,2,4.5,0.0,0,0
S272,Loops,0,0,41.3,2,4.3,0.0,0,0
S272,Variables,0,1,36.9,1,4.2,14.3,0,1
S272,Functions,1,0,42.0,3,8.0,0.0,1,0
S272,OOP,0,0,36.6,2,7.7,0.0,0,0
S272,Variables,0,1,27.7,1,7.4,25.0,0,1
S272,Data Structures,2,0,88.0,2,10.7,0.0,1,0
S272,Functions,0,0,72.7,3,10.3,0.0,0,0
S272,Variables,0,0,28.4,2,10.0,33.3,0,0
S272,OOP,0,0,39.5,3,9.7,0.0,0,0
S272,OOP,0,0,38.1,2,9.4,0.0,0,0
S272,Functions,0,0,40.9,3,9.1,0.0,0,0
S272,Loops,0,0,47.7,1,8.8,0.0,0,0
S272,Variables,0,0,19.6,1,8.6,30.0,0,0
S272,Variables,0,0,33.8,1,8.3,27.3,0,0
S272,OOP,1,0,58.9,2,8.1,0.0,0,0
S272,Functions,0,0,70.6,2,7.9,0.0,0,0
S272,Variables,2,0,100.3,2,7.7,25.0,0,0
S273,OOP,1,1,13.1,1,60.0,60.0,0,2
S273,Data Structures,2,0,35.6,3,100.0,100.0,1,1
S273,Variables,2,1,26.3,1,50.0,50.0,0,2
S273,Variables,2,1,17.6,1,66.7,100.0,1,2
S273,Data Structures,2,1,33.4,1,75.0,0.0,2,1
S273,Functions,1,1,14.7,1,80.0,80.0,3,2
S273,Variables,2,1,29.1,1,83.3,100.0,4,2
S273,Data Structures,1,1,30.5,1,85.7,50.0,5,2
S273,Data Structures,2,1,29.4,1,87.5,66.7,6,2
S273,Loops,2,1,25.1,1,88.9,88.9,7,2
S273,OOP,2,1,26.3,1,90.0,100.0,8,2
S273,Functions,1,1,21.2,1,90.9,100.0,9,2
S273,Loops,2,1,26.0,2,91.7,100.0,10,2
S273,Functions,2,1,35.0,1,92.3,100.0,11,2
S273,Loops,2,1,24.7,1,92.9,100.0,12,2
S273,Functions,2,1,30.4,1,93.3,100.0,13,2
S273,Loops,2,1,40.0,1,93.8,100.0,14,2
S273,Functions,2,1,27.0,1,94.1,100.0,15,2
S273,OOP,2,1,21.7,2,94.4,100.0,16,2
S273,OOP,1,1,22.2,2,94.7,100.0,17,2
S273,OOP,2,1,22.6,1,95.0,100.0,18,2
S273,Data Structures,2,1,27.0,1,95.2,75.0,19,2
S273,Variables,1,1,16.4,1,95.5,100.0,20,2
S273,Variables,2,1,26.7,1,95.7,100.0,21,2
S273,Data Structures,2,1,28.3,1,95.8,80.0,22,2
S273,OOP,2,1,24.4,1,96.0,100.0,23,2
S273,Functions,2,1,32.1,1,96.2,100.0,24,2
S273,Data Structures,2,1,32.5,1,96.3,83.3,25,2
S273,Functions,2,0,58.0,3,96.4,100.0,26,1
S273,Data Structures,1,1,21.4,1,93.1,85.7,0,2
S273,OOP,2,1,39.8,3,93.3,100.0,1,2
S273,OOP,2,0,63.7,2,93.5,100.0,2,1
S273,OOP,1,1,18.1,1,90.6,87.5,0,2
S273,Functions,2,1,35.0,3,90.9,85.7,1,2
S273,Loops,0,1,11.1,1,91.2,100.0,2,2
S273,Data Structures,0,1,15.5,1,91.4,87.5,3,2
S273,Loops,2,1,17.6,1,91.7,100.0,4,2
S273,Variables,0,1,10.4,1,91.9,100.0,5,2
S273,Variables,2,1,30.3,1,92.1,100.0,6,2
S273,Variables,2,0,40.9,2,92.3,100.0,7,1
S274,Data Structures,1,1,21.2,1,60.0,60.0,0,2
S274,Variables,2,1,31.6,1,100.0,100.0,1,2
S274,Loops,1,1,14.9,1,100.0,100.0,2,2
S274,Loops,2,1,39.8,1,100.0,100.0,3,2
S274,Loops,2,0,40.5,2,100.0,100.0,4,1
S274,Loops,2,0,53.7,1,80.0,66.7,0,1
S274,Data Structures,2,1,105.8,1,66.7,100.0,0,2
S274,Data Structures,2,0,49.1,3,71.4,100.0,1,1
S274,Variables,1,1,19.9,1,62.5,100.0,0,2
S274,OOP,2,1,38.1,1,66.7,66.7,1,2
S274,Variables,2,1,35.1,1,70.0,100.0,2,2
S274,Data Structures,2,0,80.8,1,72.7,66.7,3,0
S274,OOP,0,1,7.1,1,66.7,100.0,0,2
S274,Loops,2,0,43.9,3,69.2,50.0,1,0
S274,OOP,0,1,17.5,1,64.3,100.0,0,2
S274,Functions,2,1,41.6,1,66.7,66.7,1,2
S274,Data Structures,2,0,60.8,3,68.8,50.0,2,0
S274,Variables,1,1,22.5,1,64.7,100.0,0,2
S274,Loops,2,0,44.4,3,66.7,40.0,1,0
S274,Variables,0,1,10.8,1,63.2,100.0,0,2
S274,OOP,2,1,22.6,1,65.0,100.0,1,2
S274,Variables,2,1,60.7,1,66.7,100.0,2,2
S274,Variables,0,1,19.9,1,68.2,100.0,3,2
S274,Functions,2,1,33.4,1,69.6,100.0,4,2
S274,Variables,1,1,19.4,1,70.8,100.0,5,2
S274,Variables,2,0,37.2,2,72.0,100.0,6,1
S274,Data Structures,1,1,24.3,1,69.2,40.0,0,2
S274,Data Structures,0,1,13.3,1,70.4,50.0,1,2
S274,Data Structures,2,0,80.5,3,71.4,57.1,2,0
S274,Loops,0,1,9.1,1,69.0,33.3,0,1
S274,Functions,1,1,40.4,1,70.0,100.0,1,2
S274,Data Structures,2,0,41.6,2,71.0,50.0,2,0
S274,Data Structures,0,1,13.2,1,68.8,44.4,0,2
S274,Functions,2,1,50.0,1,69.7,100.0,1,2
S274,OOP,2,1,28.4,1,70.6,100.0,2,2
S274,OOP,2,1,26.5,1,71.4,100.0,3,2
S274,Variables,2,1,28.7,1,72.2,88.9,4,2
S274,Functions,2,0,43.2,2,73.0,100.0,5,1
S274,Data Structures,1,0,10.9,2,71.1,50.0,0,0
S274,Data Structures,1,1,23.3,1,69.2,45.5,0,2
S275,OOP,1,1,33.2,1,60.0,60.0,0,2
S275,Loops,2,0,82.7,3,100.0,100.0,1,1
S275,Loops,1,0,55.7,2,50.0,0.0,0,0
S275,Loops,0,1,17.8,1,33.3,0.0,0,1
S275,Variables,1,1,50.7,1,50.0,50.0,1,1
S275,Data Structures,1,1,29.4,1,60.0,60.0,2,2
S275,Variables,2,0,87.3,3,66.7,100.0,3,0
S275,Variables,0,0,29.0,3,57.1,50.0,0,0
S275,OOP,2,0,58.1,3,50.0,100.0,0,0
S275,Functions,0,1,22.1,1,44.4,44.4,0,1
S275,Data Structures,0,1,22.3,1,50.0,100.0,1,2
S275,Data Structures,2,1,51.9,1,54.5,100.0,2,1
S275,Functions,1,0,28.1,3,58.3,100.0,3,1
S275,Loops,1,1,27.1,1,53.8,33.3,0,1
S275,Functions,1,0,40.5,2,57.1,50.0,1,0
S275,Loops,0,1,23.3,1,53.3,50.0,0,1
S275,Variables,1,0,63.8,2,56.2,33.3,1,0
S275,Functions,0,1,25.6,1,52.9,33.3,0,1
S275,Variables,1,0,101.7,3,55.6,25.0,1,0
S275,Functions,0,1,31.3,1,52.6,50.0,0,1
S275,OOP,1,1,22.8,1,55.0,50.0,1,2
S275,OOP,2,0,54.3,2,57.1,66.7,2,0
S275,OOP,0,1,15.7,1,54.5,50.0,0,2
S275,Data Structures,2,0,102.1,2,56.5,100.0,1,0
S275,OOP,0,1,16.9,3,54.2,60.0,0,1
S275,Loops,1,0,42.9,3,56.0,60.0,1,0
S275,Variables,1,0,57.5,2,53.8,20.0,0,0
S275,Data Structures,2,0,56.3,2,51.9,75.0,0,0
S275,Functions,0,1,26.0,1,50.0,60.0,0,1
S275,Variables,2,0,93.1,2,51.7,16.7,1,0
S275,Variables,2,0,87.2,2,50.0,14.3,0,0
S275,Functions,0,0,35.2,2,48.4,66.7,0,0
S275,Data Structures,0,1,18.9,1,46.9,60.0,0,2
S275,Data Structures,2,0,108.7,1,48.5,66.7,1,0
S275,Functions,0,1,34.1,3,47.1,57.1,0,1
S275,Loops,1,0,29.7,2,48.6,50.0,1,0
S275,Variables,0,1,26.8,1,47.2,12.5,0,1
S275,Variables,0,1,15.8,1,48.6,22.2,1,1
S275,Data Structures,2,0,102.3,2,50.0,57.1,2,0
S275,Functions,0,1,16.2,1,48.7,62.5,0,2
S276,Variables,1,1,14.0,1,60.0,60.0,0,2
S276,Variables,2,0,27.7,1,100.0,100.0,1,1
S276,Data Structures,0,1,23.7,1,50.0,50.0,0,1
S276,Loops,1,1,27.9,1,66.7,66.7,1,2
S276,Loops,1,0,36.1,2,75.0,100.0,2,1
S276,Variables,1,1,17.2,1,60.0,50.0,0,2
S276,OOP,0,1,22.1,1,66.7,66.7,1,2
S276,Data Structures,2,0,59.6,2,71.4,100.0,2,1
S276,Loops,2,1,38.3,1,62.5,50.0,0,2
S276,OOP,2,1,50.6,1,66.7,100.0,1,2
S276,Data Structures,2,0,47.8,2,70.0,50.0,2,0
S276,OOP,0,1,16.5,1,63.6,100.0,0,2
S276,Loops,2,0,28.8,3,66.7,66.7,1,0
S276,Variables,0,1,7.8,1,61.5,66.7,0,2
S276,Variables,2,1,18.3,1,64.3,75.0,1,2
S276,OOP,2,0,42.9,3,66.7,100.0,2,1
S276,Variables,1,1,18.2,1,62.5,80.0,0,2
S276,Functions,0,1,8.8,1,64.7,64.7,1,2
S276,Loops,2,0,63.3,3,66.7,50.0,2,0
S276,Functions,0,1,11.1,1,63.2,100.0,0,2
S276,OOP,0,1,10.2,1,65.0,75.0,1,2
S276,Variables,2,0,33.4,2,66.7,83.3,2,1
S276,Loops,1,1,22.8,1,63.6,40.0,0,2
S276,Variables,2,1,17.6,1,65.2,71.4,1,2
S276,OOP,1,1,21.7,1,66.7,80.0,2,2
S276,Functions,2,1,56.4,1,68.0,100.0,3,2
S276,Functions,2,0,42.4,1,69.2,100.0,4,1
S276,OOP,1,1,13.0,1,66.7,83.3,0,2
S276,Functions,2,1,29.5,2,67.9,75.0,1,2
S276,Variables,2,1,18.6,1,69.0,75.0,2,2
S276,OOP,1,1,23.6,1,70.0,85.7,3,2
S276,OOP,2,1,40.9,1,71.0,87.5,4,2
S276,Variables,2,1,27.1,1,71.9,77.8,5,2
S276,Data Structures,1,1,34.4,1,72.7,33.3,6,2
S276,Functions,1,1,28.4,1,73.5,80.0,7,2
S276,Functions,2,1,44.7,1,74.3,83.3,8,2
S276,Data Structures,2,0,57.9,3,75.0,50.0,9,0
S276,Data Structures,0,0,18.9,2,73.0,40.0,0,0
S276,Functions,0,1,7.7,1,71.1,85.7,0,2
S276,OOP,2,0,40.0,2,71.8,88.9,1,1
S277,OOP,1,1,33.4,1,60.0,60.0,0,2
S277,Loops,2,1,33.5,1,100.0,100.0,1,2
S277,Variables,2,1,23.3,1,100.0,100.0,2,2
S277,Variables,0,1,9.8,1,100.0,100.0,3,2
S277,Data Structures,2,1,46.7,1,100.0,100.0,4,2
S277,Variables,2,1,35.1,1,100.0,100.0,5,2
S277,Variables,0,1,5.4,1,100.0,100.0,6,2
S277,Functions,2,1,47.4,1,100.0,100.0,7,2
S277,Data Structures,1,1,36.5,1,100.0,100.0,8,2
S277,Variables,2,1,30.2,2,100.0,100.0,9,2
S277,Functions,2,0,59.9,3,100.0,100.0,10,1
S277,Data Structures,1,1,20.3,3,90.9,100.0,0,2
S277,Loops,2,1,36.5,1,91.7,100.0,1,2
S277,Loops,2,1,36.4,2,92.3,100.0,2,2
S277,Functions,2,0,81.9,3,92.9,50.0,3,0
S277,Loops,0,1,11.9,1,86.7,100.0,0,2
S277,Functions,2,1,31.5,1,87.5,33.3,1,2
S277,Data Structures,2,1,37.1,1,88.2,100.0,2,2
S277,Data Structures,2,0,24.1,2,88.9,100.0,3,1
S277,Functions,2,1,40.7,1,84.2,50.0,0,2
S277,Functions,2,1,54.4,1,85.0,60.0,1,2
S277,Loops,2,1,26.3,1,85.7,100.0,2,2
S277,OOP,2,0,49.3,3,86.4,100.0,3,1
S277,Variables,1,1,13.2,1,82.6,100.0,0,2
S277,OOP,2,0,79.0,3,83.3,50.0,1,0
S277,Functions,0,1,11.3,1,80.0,66.7,0,2
S277,Loops,1,1,19.1,1,80.8,100.0,1,2
S277,Loops,2,0,25.8,3,81.5,100.0,2,1
S277,Variables,1,1,19.9,1,78.6,100.0,0,2
S277,Variables,1,1,26.4,1,79.3,100.0,1,2
S277,Functions,2,0,78.9,2,80.0,71.4,2,0
S277,Loops,0,1,7.8,1,77.4,85.7,0,2
S277,Functions,2,1,29.4,1,78.1,62.5,1,2
S277,Loops,2,0,31.9,2,78.8,87.5,2,1
S277,Data Structures,1,1,39.8,1,76.5,80.0,0,2
S277,Loops,2,0,57.9,2,77.1,77.8,1,0
S277,Loops,0,1,14.6,1,75.0,70.0,0,2
S277,OOP,2,1,46.4,1,75.7,33.3,1,2
S277,OOP,2,1,38.6,1,76.3,50.0,2,2
S277,Variables,0,1,5.8,1,76.9,100.0,3,2
S278,Functions,1,1,29.9,1,60.0,60.0,0,2
S278,Functions,2,0,65.0,1,100.0,100.0,1,1
S278,Variables,1,1,18.7,1,50.0,50.0,0,2
S278,Functions,0,1,14.9,1,66.7,50.0,1,2
S278,Variables,2,1,36.8,1,75.0,100.0,2,2
S278,Data Structures,2,0,44.2,3,80.0,80.0,3,0
S278,Loops,0,1,11.7,1,66.7,66.7,0,2
S278,Loops,1,0,43.7,2,71.4,100.0,1,1
S278,Functions,1,1,44.5,1,62.5,66.7,0,2
S278,Loops,2,0,23.7,2,66.7,50.0,1,0
S278,Variables,0,0,18.3,3,60.0,100.0,0,1
S278,Variables,1,1,17.4,1,54.5,66.7,0,2
S278,Functions,2,1,49.0,1,58.3,75.0,1,2
S278,Loops,2,0,40.2,3,61.5,33.3,2,0
S278,Variables,1,1,22.8,3,57.1,75.0,0,2
S278,Variables,0,1,17.8,1,60.0,80.0,1,2
S278,OOP,2,0,87.9,2,62.5,62.5,2,0
S278,Functions,0,1,18.5,1,58.8,80.0,0,2
S278,OOP,2,0,64.2,2,61.1,0.0,1,0
S278,Loops,0,1,13.2,1,57.9,25.0,0,1
S278,Loops,1,1,30.2,1,60.0,40.0,1,2
S278,Loops,2,0,76.4,2,61.9,50.0,2,0
S278,Variables,0,1,16.0,1,59.1,83.3,0,2
S278,Functions,2,0,40.5,3,60.9,83.3,1,0
S278,OOP,0,1,13.5,1,58.3,0.0,0,1
S278,Data Structures,1,1,23.8,1,60.0,0.0,1,1
S278,Data Structures,1,1,18.6,1,61.5,50.0,2,2
S278,OOP,1,1,31.0,1,63.0,33.3,3,1
S278,Functions,1,1,28.9,1,64.3,71.4,4,2
S278,OOP,2,0,83.3,2,65.5,50.0,5,0
S278,Variables,0,1,14.4,1,63.3,85.7,0,2
S278,Variables,2,1,28.4,1,64.5,87.5,1,2
S278,OOP,2,0,42.4,2,65.6,40.0,2,0
S278,Data Structures,0,1,11.8,1,63.6,66.7,0,2
S278,Loops,2,0,57.4,2,64.7,42.9,1,0
S278,Functions,0,1,17.1,1,62.9,75.0,0,2
S278,OOP,1,0,51.7,2,63.9,33.3,1,0
S278,OOP,2,0,52.3,2,62.2,28.6,0,0
S278,Loops,0,1,15.4,1,60.5,37.5,0,1
S278,Data Structures,1,1,16.5,1,61.5,75.0,1,2
S279,Variables,1,1,26.6,1,60.0,60.0,0,2
S279,Functions,1,1,23.4,1,100.0,100.0,1,2
S279,Data Structures,2,0,43.3,3,100.0,100.0,2,1
S279,Loops,1,0,44.2,3,66.7,66.7,0,0
S279,Data Structures,1,1,22.8,1,50.0,0.0,0,1
S279,Data Structures,1,1,29.2,1,60.0,50.0,1,2
S279,Variables,0,1,14.8,1,66.7,100.0,2,2
S279,Functions,2,0,61.0,2,71.4,100.0,3,1
S279,Loops,1,1,14.8,1,62.5,0.0,0,1
S279,Variables,1,1,15.1,1,66.7,100.0,1,2
S279,OOP,2,0,60.9,2,70.0,70.0,2,0
S279,Data Structures,0,1,23.6,1,63.6,66.7,0,2
S279,Functions,2,1,43.7,1,66.7,50.0,1,2
S279,OOP,2,0,26.1,1,69.2,0.0,2,0
S279,Functions,0,1,14.5,1,64.3,66.7,0,2
S279,Loops,1,1,27.5,1,66.7,50.0,1,2
S279,OOP,2,0,58.1,2,68.8,0.0,2,0
S279,OOP,1,1,32.1,1,64.7,0.0,0,1
S279,Functions,1,1,25.4,1,66.7,75.0,1,2
S279,Loops,2,0,53.0,2,68.4,66.7,2,0
S279,OOP,0,1,12.8,1,65.0,25.0,0,1
S279,OOP,1,1,17.3,1,66.7,40.0,1,2
S279,Loops,2,0,76.7,3,68.2,50.0,2,0
S279,OOP,0,1,12.9,1,65.2,50.0,0,2
S279,Variables,2,1,45.5,1,66.7,100.0,1,2
S279,OOP,2,0,69.0,3,68.0,57.1,2,0
S279,OOP,0,1,10.0,1,65.4,50.0,0,2
S279,OOP,0,1,16.3,1,66.7,55.6,1,2
S279,Data Structures,2,0,77.3,2,67.9,75.0,2,0
S279,Loops,0,1,18.4,1,65.5,40.0,0,1
S279,Variables,1,1,26.1,3,66.7,100.0,1,2
S279,Data Structures,1,1,28.0,1,67.7,60.0,2,2
S279,Functions,2,0,77.6,2,68.8,80.0,3,0
S279,Data Structures,0,1,12.5,2,66.7,66.7,0,2
S279,Functions,2,0,56.6,2,67.6,66.7,1,0
S279,Functions,0,1,14.6,1,65.7,57.1,0,2
S279,Loops,2,1,51.2,1,66.7,50.0,1,2
S279,Loops,2,0,66.7,3,67.6,57.1,2,0
S279,OOP,0,1,15.5,1,65.8,60.0,0,2
S279,Functions,2,0,50.6,2,66.7,62.5,1,0
S280,OOP,1,1,51.9,3,60.0,60.0,0,0
S280,OOP,2,0,63.0,2,100.0,100.0,1,1
S280,Loops,0,1,14.0,3,50.0,50.0,0,1
S280,Data Structures,1,0,58.2,3,66.7,66.7,1,0
S280,OOP,0,1,11.3,1,50.0,50.0,0,2
S280,OOP,2,0,101.7,2,60.0,66.7,1,0
S280,Variables,1,0,43.6,3,50.0,50.0,0,0
S280,Functions,0,1,36.8,1,42.9,42.9,0,1
S280,Functions,1,1,35.8,1,50.0,100.0,1,2
S280,Loops,2,0,49.8,2,55.6,100.0,2,1
S280,Functions,0,1,19.9,1,50.0,100.0,0,2
S280,OOP,2,0,77.7,3,54.5,50.0,1,0
S280,OOP,0,1,19.2,1,50.0,40.0,0,0
S280,Functions,0,1,19.6,1,53.8,100.0,1,2
S280,Functions,0,1,18.6,2,57.1,100.0,2,2
S280,Data Structures,2,0,60.3,1,60.0,0.0,3,0
S280,OOP,0,1,18.9,1,56.2,50.0,0,1
S280,Data Structures,1,0,45.7,3,58.8,0.0,1,0
S280,Data Structures,0,1,31.6,1,55.6,0.0,0,1
S280,Loops,1,1,36.6,1,57.9,50.0,1,2
S280,Functions,2,0,96.1,3,60.0,100.0,2,0
S280,OOP,0,1,12.1,1,57.1,57.1,0,2
S280,OOP,2,0,68.6,3,59.1,62.5,1,0
S280,OOP,0,1,18.8,1,56.5,55.6,0,2
S280,OOP,2,0,72.8,3,58.3,60.0,1,0
S280,Variables,0,1,27.0,1,56.0,0.0,0,1
S280,Data Structures,1,0,47.7,2,57.7,25.0,1,0
S280,OOP,0,1,27.8,1,55.6,54.5,0,1
S280,Data Structures,2,0,70.5,2,57.1,20.0,1,0
S280,Loops,0,1,14.2,1,55.2,66.7,0,2
S280,Data Structures,2,0,98.4,2,56.7,16.7,1,0
S280,Loops,0,1,17.6,1,54.8,75.0,0,2
S280,Loops,2,1,42.7,1,56.2,80.0,1,2
S280,OOP,0,1,25.6,1,57.6,58.3,2,2
S280,Loops,2,0,75.6,2,58.8,83.3,3,0
S280,Data Structures,1,0,87.8,2,57.1,14.3,0,0
S280,Data Structures,0,1,19.0,1,55.6,12.5,0,1
S280,Functions,1,1,22.0,1,56.8,83.3,1,2
S280,Data Structures,2,0,64.6,2,57.9,22.2,2,0
S280,Data Structures,0,1,23.1,2,56.4,20.0,0,1
S281,Data Structures,1,1,38.5,1,60.0,60.0,0,2
S281,Functions,2,1,43.8,1,100.0,100.0,1,2
S281,OOP,2,0,46.5,3,100.0,100.0,2,1
S281,Data Structures,1,1,42.8,1,66.7,100.0,0,2
S281,Loops,2,1,23.7,1,75.0,75.0,1,2
S281,Variables,2,0,42.3,3,80.0,80.0,2,1
S281,Data Structures,1,1,35.7,3,66.7,100.0,0,2
S281,Variables,2,1,38.1,1,71.4,0.0,1,1
S281,Variables,2,1,62.2,1,75.0,50.0,2,2
S281,Functions,2,0,67.3,2,77.8,100.0,3,1
S281,Variables,1,1,36.0,2,70.0,66.7,0,2
S281,OOP,2,0,45.3,3,72.7,0.0,1,0
S281,Variables,0,1,11.6,1,66.7,75.0,0,2
S281,Variables,2,0,38.9,1,69.2,80.0,1,1
S281,Data Structures,0,1,12.1,1,64.3,100.0,0,2
S281,Functions,2,1,45.3,1,66.7,50.0,1,2
S281,Variables,2,1,21.7,1,68.8,66.7,2,2
S281,Data Structures,2,0,59.2,3,70.6,100.0,3,1
S281,Functions,1,1,30.8,1,66.7,66.7,0,2
S281,Variables,2,0,63.7,2,68.4,71.4,1,0
S281,Data Structures,0,1,11.9,3,65.0,80.0,0,2
S281,Functions,2,0,59.9,3,66.7,75.0,1,0
S281,OOP,2,0,77.8,3,63.6,0.0,0,0
S281,Loops,0,1,15.2,2,60.9,100.0,0,2
S281,Variables,2,0,45.4,2,62.5,62.5,1,0
S281,OOP,0,1,22.3,1,60.0,0.0,0,1
S281,Variables,1,1,22.3,1,61.5,55.6,1,2
S281,OOP,2,0,108.0,2,63.0,25.0,2,0
S281,Variables,0,1,11.1,1,60.7,60.0,0,2
S281,Data Structures,2,0,48.3,3,62.1,83.3,1,0
S281,Variables,0,1,12.4,1,60.0,63.6,0,2
S281,Functions,2,0,94.1,1,61.3,60.0,1,0
S281,Functions,2,0,53.7,3,59.4,50.0,0,0
S281,Loops,0,1,12.3,1,57.6,100.0,0,2
S281,OOP,2,0,38.8,2,58.8,20.0,1,0
S281,Data Structures,0,1,16.7,1,57.1,71.4,0,2
S281,Variables,2,1,31.3,1,58.3,66.7,1,2
S281,Variables,2,0,52.5,3,59.5,69.2,2,0
S281,OOP,0,1,12.9,1,57.9,16.7,0,1
S281,Functions,1,1,23.6,3,59.0,42.9,1,1
S282,Data Structures,1,0,62.1,3,60.0,60.0,0,0
S282,Variables,0,0,48.2,3,0.0,0.0,0,0
S282,Data Structures,0,0,21.9,2,0.0,0.0,0,0
S282,Loops,0,0,36.8,3,0.0,0.0,0,0
S282,Data Structures,1,0,40.5,3,0.0,0.0,0,0
S282,Variables,0,0,73.2,2,0.0,0.0,0,0
S282,Variables,0,1,24.2,1,0.0,0.0,0,1
S282,Functions,2,0,128.0,3,14.3,14.3,1,0
S282,Loops,0,0,35.0,3,12.5,0.0,0,0
S282,Loops,2,0,151.0,2,11.1,0.0,0,0
S282,Loops,0,0,18.8,2,10.0,0.0,0,0
S282,Loops,0,1,20.2,1,9.1,0.0,0,1
S282,Functions,1,0,62.3,3,16.7,0.0,1,0
S282,OOP,0,0,49.3,2,15.4,15.4,0,0
S282,Functions,0,0,34.4,3,14.3,0.0,0,0
S282,Data Structures,0,1,24.9,1,13.3,0.0,0,1
S282,Variables,1,0,39.4,3,18.8,33.3,1,0
S282,Loops,0,0,27.9,3,17.6,20.0,0,0
S282,Variables,0,0,43.2,2,16.7,25.0,0,0
S282,Data Structures,0,0,40.3,2,15.8,25.0,0,0
S282,OOP,1,0,45.0,3,15.0,0.0,0,0
S282,Variables,0,0,27.5,2,14.3,20.0,0,0
S282,Functions,0,0,40.3,2,13.6,0.0,0,0
S282,Data Structures,0,1,33.6,2,13.0,20.0,0,1
S282,Data Structures,1,0,50.3,2,16.7,33.3,1,0
S282,Variables,0,1,10.0,1,16.0,16.7,0,1
S282,Variables,1,0,33.9,3,19.2,28.6,1,0
S282,Functions,0,0,27.0,3,18.5,0.0,0,0
S282,Variables,0,0,32.7,3,17.9,25.0,0,0
S282,Data Structures,0,0,44.9,2,17.2,28.6,0,0
S282,Data Structures,0,1,22.3,1,16.7,25.0,0,1
S282,Variables,1,0,117.5,3,19.4,22.2,1,0
S282,Variables,0,1,22.7,1,18.8,20.0,0,1
S282,OOP,0,0,41.7,3,21.2,0.0,1,0
S282,OOP,0,0,22.1,3,20.6,0.0,0,0
S282,Variables,0,0,30.0,3,20.0,27.3,0,0
S282,Variables,0,0,29.9,2,19.4,25.0,0,0
S282,OOP,0,0,40.1,3,18.9,0.0,0,0
S282,Functions,0,1,33.3,1,18.4,0.0,0,1
S282,Loops,1,0,55.8,3,20.5,16.7,1,0
S283,Functions,1,0,36.1,2,60.0,60.0,0,0
S283,OOP,0,1,19.7,1,0.0,0.0,0,1
S283,Data Structures,1,0,70.8,3,50.0,50.0,1,0
S283,Variables,0,1,26.1,1,33.3,33.3,0,1
S283,Variables,1,0,34.2,2,50.0,100.0,1,1
S283,OOP,0,1,13.0,1,40.0,100.0,0,2
S283,Data Structures,2,0,95.6,3,50.0,0.0,1,0
S283,Variables,0,0,24.5,3,42.9,50.0,0,0
S283,Variables,1,0,59.4,2,37.5,33.3,0,0
S283,Loops,0,1,27.4,1,33.3,33.3,0,1
S283,Variables,2,0,113.9,3,40.0,25.0,1,0
S283,Functions,0,0,54.1,3,36.4,0.0,0,0
S283,Variables,0,0,25.7,3,33.3,20.0,0,0
S283,Loops,0,0,48.3,1,30.8,100.0,0,0
S283,Data Structures,0,1,22.8,1,28.6,0.0,0,1
S283,OOP,0,0,31.0,3,33.3,100.0,1,0
S283,Functions,0,0,24.3,2,31.2,0.0,0,0
S283,Data Structures,0,0,36.5,2,29.4,33.3,0,0
S283,Data Structures,0,1,16.9,1,27.8,25.0,0,1
S283,Loops,1,0,68.7,3,31.6,50.0,1,0
S283,Loops,0,1,21.7,1,30.0,33.3,0,1
S283,Functions,1,0,53.2,1,33.3,0.0,1,0
S283,Loops,0,1,26.5,1,31.8,50.0,0,1
S283,Functions,1,1,40.1,1,34.8,0.0,1,1
S283,Variables,2,0,70.8,2,37.5,16.7,2,0
S283,Functions,0,1,15.7,1,36.0,20.0,0,1
S283,Loops,1,0,66.5,2,38.5,60.0,1,0
S283,Functions,0,1,17.3,1,37.0,33.3,0,1
S283,Loops,1,1,39.2,1,39.3,50.0,1,1
S283,OOP,1,0,82.4,3,41.4,66.7,2,0
S283,Variables,0,1,32.4,1,40.0,14.3,0,1
S283,OOP,1,0,45.4,2,41.9,50.0,1,0
S283,Loops,2,0,79.1,1,40.6,57.1,0,0
S283,OOP,0,1,24.3,1,39.4,40.0,0,1
S283,Functions,1,1,26.8,1,41.2,42.9,1,2
S283,Loops,2,0,117.2,3,42.9,50.0,2,0
S283,Data Structures,1,0,33.8,2,41.7,40.0,0,0
S283,Data Structures,0,1,20.0,1,40.5,33.3,0,1
S283,Variables,1,0,66.0,3,42.1,25.0,1,0
S283,Loops,0,1,35.4,1,41.0,44.4,0,1
S284,Data Structures,1,0,116.7,3,60.0,60.0,0,0
S284,OOP,0,0,36.4,2,0.0,0.0,0,0
S284,Loops,0,0,51.2,3,0.0,0.0,0,0
S284,Data Structures,0,0,75.2,2,0.0,0.0,0,0
S284,OOP,0,1,23.1,1,0.0,0.0,0,1
S284,OOP,1,1,35.9,1,20.0,50.0,1,1
S284,OOP,1,1,41.7,1,33.3,66.7,2,2
S284,Data Structures,2,0,180.0,3,42.9,0.0,3,0
S284,Variables,1,0,61.6,3,37.5,37.5,0,0
S284,OOP,2,0,82.2,3,33.3,75.0,0,0
S284,Data Structures,0,0,16.6,2,30.0,0.0,0,0
S284,Functions,0,0,60.6,3,27.3,27.3,0,0
S284,OOP,1,0,52.8,3,25.0,60.0,0,0
S284,OOP,0,0,33.7,3,23.1,50.0,0,0
S284,Loops,0,1,16.4,1,21.4,0.0,0,1
S284,Variables,1,0,93.0,2,26.7,0.0,1,0
S284,Variables,2,0,63.2,2,25.0,0.0,0,0
S284,Functions,0,0,17.0,2,23.5,0.0,0,0
S284,Functions,0,0,27.2,3,22.2,0.0,0,0
S284,Variables,0,1,17.0,2,21.1,0.0,0,1
S284,Functions,1,0,63.3,2,25.0,0.0,1,0
S284,Variables,0,1,24.3,1,23.8,25.0,0,1
S284,Loops,1,0,60.6,2,27.3,50.0,1,0
S284,Variables,2,0,49.8,3,26.1,40.0,0,0
S284,Variables,0,1,24.7,1,25.0,33.3,0,1
S284,Data Structures,1,0,75.4,1,28.0,0.0,1,0
S284,Loops,0,0,45.7,3,26.9,33.3,0,0
S284,Loops,0,0,39.9,3,25.9,25.0,0,0
S284,Loops,0,0,31.9,3,25.0,20.0,0,0
S284,Loops,0,0,57.9,1,24.1,16.7,0,0
S284,Data Structures,0,0,76.0,2,23.3,0.0,0,0
S284,Functions,0,0,26.6,2,22.6,0.0,0,0
S284,Data Structures,0,0,56.9,2,21.9,0.0,0,0
S284,Loops,0,0,42.5,3,21.2,14.3,0,0
S284,Variables,0,0,36.3,3,20.6,42.9,0,0
S284,Functions,0,0,37.9,2,20.0,0.0,0,0
S284,Functions,0,0,32.5,3,19.4,0.0,0,0
S284,Loops,2,0,121.5,2,18.9,12.5,0,0
S284,Loops,0,0,53.5,1,18.4,11.1,0,0
S284,Data Structures,0,0,38.7,3,17.9,0.0,0,0
S285,Data Structures,1,1,24.9,1,60.0,60.0,0,2
S285,Data Structures,2,1,35.8,1,100.0,100.0,1,2
S285,OOP,1,1,14.0,1,100.0,100.0,2,2
S285,Variables,0,1,14.4,1,100.0,100.0,3,2
S285,Loops,1,1,18.4,1,100.0,100.0,4,2
S285,OOP,1,1,13.9,1,100.0,100.0,5,2
S285,OOP,2,0,36.3,3,100.0,100.0,6,1
S285,Loops,1,1,21.9,1,85.7,100.0,0,2
S285,Variables,2,1,23.6,3,87.5,100.0,1,2
S285,Data Structures,2,1,63.4,1,88.9,100.0,2,2
S285,OOP,1,1,19.4,1,90.0,66.7,3,1
S285,Loops,1,1,19.1,1,90.9,100.0,4,2
S285,Functions,0,1,20.7,1,91.7,91.7,5,2
S285,Variables,0,1,18.9,1,92.3,100.0,6,2
S285,Data Structures,2,1,36.2,1,92.9,100.0,7,2
S285,OOP,0,1,10.3,1,93.3,75.0,8,2
S285,OOP,2,1,30.7,1,93.8,80.0,9,2
S285,Variables,2,0,42.3,2,94.1,100.0,10,1
S285,Variables,1,1,35.3,3,88.9,75.0,0,2
S285,Functions,2,0,62.5,2,89.5,100.0,1,1
S285,Variables,1,1,25.6,2,85.0,80.0,0,2
S285,Loops,1,1,21.7,1,85.7,100.0,1,2
S285,OOP,1,1,19.0,1,86.4,83.3,2,2
S285,Functions,2,1,61.5,2,87.0,50.0,3,2
S285,Functions,0,1,12.2,1,87.5,66.7,4,2
S285,Functions,2,1,53.9,1,88.0,75.0,5,2
S285,Data Structures,2,0,72.5,3,88.5,100.0,6,1
S285,OOP,1,1,15.7,1,85.2,85.7,0,2
S285,Data Structures,2,1,63.9,1,85.7,80.0,1,2
S285,OOP,2,1,21.6,1,86.2,87.5,2,2
S285,OOP,2,1,26.1,1,86.7,88.9,3,2
S285,Data Structures,2,0,57.3,2,87.1,83.3,4,1
S285,Data Structures,1,1,26.8,1,84.4,71.4,0,2
S285,Data Structures,2,1,37.2,1,84.8,75.0,1,2
S285,Loops,0,1,13.0,1,85.3,100.0,2,2
S285,Functions,2,0,42.1,3,85.7,80.0,3,1
S285,Data Structures,1,1,32.7,1,83.3,77.8,0,2
S285,Loops,1,1,22.1,1,83.8,100.0,1,2
S285,Loops,2,0,41.4,3,84.2,100.0,2,1
S285,Loops,1,1,29.8,1,82.1,85.7,0,2
S286,Functions,1,0,55.7,2,60.0,60.0,0,0
S286,Functions,0,1,24.1,1,0.0,0.0,0,1
S286,OOP,1,0,52.5,3,50.0,50.0,1,0
S286,OOP,0,1,26.9,1,33.3,0.0,0,1
S286,OOP,1,1,33.1,1,50.0,50.0,1,2
S286,Functions,2,0,106.6,3,60.0,50.0,2,0
S286,Functions,0,1,25.4,3,50.0,33.3,0,1
S286,Data Structures,2,0,93.9,3,57.1,57.1,1,0
S286,Functions,0,1,34.6,1,50.0,50.0,0,1
S286,OOP,1,0,57.5,2,55.6,66.7,1,0
S286,Data Structures,0,0,27.6,3,50.0,0.0,0,0
S286,Variables,0,0,38.9,2,45.5,45.5,0,0
S286,Loops,0,1,22.2,1,41.7,41.7,0,1
S286,Loops,1,0,58.9,2,46.2,100.0,1,0
S286,Data Structures,2,0,92.3,3,42.9,0.0,0,0
S286,OOP,0,0,26.2,2,40.0,50.0,0,0
S286,Loops,0,1,18.7,1,37.5,50.0,0,1
S286,OOP,1,0,53.9,2,41.2,40.0,1,0
S286,Loops,0,0,24.0,2,38.9,66.7,0,0
S286,OOP,0,1,22.0,1,36.8,33.3,0,1
S286,Variables,1,0,94.7,2,40.0,0.0,1,0
S286,Functions,0,1,21.3,1,38.1,60.0,0,1
S286,Data Structures,1,1,51.4,1,40.9,0.0,1,1
S286,Loops,1,1,43.0,1,43.5,50.0,2,1
S286,Data Structures,1,0,52.9,3,45.8,25.0,3,0
S286,Data Structures,0,1,25.8,1,44.0,20.0,0,1
S286,OOP,0,0,30.4,3,46.2,42.9,1,0
S286,Functions,0,0,35.7,3,44.4,66.7,0,0
S286,Data Structures,0,1,24.0,1,42.9,33.3,0,1
S286,Variables,1,0,92.8,2,44.8,0.0,1,0
S286,Functions,0,0,35.4,2,43.3,57.1,0,0
S286,Variables,0,0,41.6,3,41.9,0.0,0,0
S286,Data Structures,0,1,18.2,2,40.6,42.9,0,1
S286,Data Structures,1,0,44.4,3,42.4,50.0,1,0
S286,OOP,0,1,22.0,1,41.2,37.5,0,1
S286,OOP,0,0,28.3,3,42.9,44.4,1,1
S286,Variables,1,0,78.2,2,41.7,0.0,0,0
S286,Data Structures,2,0,130.0,3,40.5,44.4,0,0
S286,Loops,0,0,69.5,3,39.5,60.0,0,0
S286,Variables,2,0,104.3,3,38.5,0.0,0,0
S287,Data Structures,1,0,68.3,2,60.0,60.0,0,0
S287,Loops,0,1,14.2,1,0.0,0.0,0,1
S287,OOP,1,0,31.3,3,50.0,50.0,1,0
S287,Variables,2,1,18.9,1,33.3,33.3,0,2
S287,Data Structures,0,1,22.7,1,50.0,0.0,1,1
S287,Loops,2,0,57.5,2,60.0,100.0,2,1
S287,OOP,1,1,33.4,1,50.0,0.0,0,1
S287,Data Structures,1,0,77.5,2,57.1,50.0,1,0
S287,Functions,0,1,15.7,1,50.0,50.0,0,1
S287,Functions,1,1,35.8,1,55.6,100.0,1,2
S287,Variables,1,1,20.7,1,60.0,100.0,2,2
S287,Functions,2,1,64.5,1,63.6,100.0,3,2
S287,Variables,0,1,19.3,1,66.7,100.0,4,2
S287,Loops,2,1,69.2,1,69.2,50.0,5,2
S287,Loops,2,1,29.1,1,71.4,66.7,6,1
S287,Data Structures,1,0,24.9,1,73.3,33.3,7,0
S287,OOP,0,1,14.1,1,68.8,50.0,0,2
S287,Loops,0,1,16.2,1,70.6,75.0,1,1
S287,OOP,1,0,36.5,2,72.2,66.7,2,0
S287,Variables,0,1,15.3,1,68.4,100.0,0,2
S287,Variables,0,1,14.3,1,70.0,100.0,1,2
S287,Variables,1,1,25.8,1,71.4,100.0,2,2
S287,Data Structures,1,0,39.8,3,72.7,25.0,3,0
S287,Loops,1,1,36.8,1,69.6,80.0,0,2
S287,Loops,2,0,84.2,2,70.8,83.3,1,0
S287,Variables,0,1,25.3,1,68.0,100.0,0,2
S287,Data Structures,2,0,108.7,3,69.2,20.0,1,0
S287,Loops,0,1,13.6,1,66.7,71.4,0,2
S287,Data Structures,1,1,43.2,1,67.9,16.7,1,1
S287,Data Structures,1,0,31.4,2,69.0,28.6,2,0
S287,Data Structures,0,1,19.7,1,66.7,25.0,0,1
S287,Functions,1,0,39.4,2,67.7,100.0,1,1
S287,Variables,2,1,29.0,1,65.6,100.0,0,2
S287,Functions,2,0,76.5,2,66.7,75.0,1,0
S287,Functions,0,1,16.8,1,64.7,60.0,0,2
S287,Functions,2,0,97.0,2,65.7,66.7,1,0
S287,OOP,0,1,16.2,1,63.9,50.0,0,2
S287,Loops,2,1,50.2,1,64.9,75.0,1,2
S287,Functions,2,0,82.3,2,65.8,57.1,2,0
S287,Functions,0,0,23.7,2,64.1,50.0,0,0
S288,Variables,1,1,33.7,1,60.0,60.0,0,2
S288,Data Structures,2,0,23.5,3,100.0,100.0,1,1
S288,Data Structures,1,1,22.0,1,50.0,0.0,0,1
S288,Functions,1,1,27.7,1,66.7,66.7,1,2
S288,Data Structures,2,1,32.2,1,75.0,50.0,2,2
S288,Variables,2,1,29.8,1,80.0,100.0,3,2
S288,OOP,2,0,78.5,3,83.3,83.3,4,0
S288,OOP,0,1,11.3,1,71.4,0.0,0,1
S288,Variables,1,1,20.5,1,75.0,100.0,1,2
S288,Functions,2,1,22.4,1,77.8,100.0,2,2
S288,Functions,2,1,39.2,1,80.0,100.0,3,2
S288,Loops,2,1,19.2,1,81.8,81.8,4,2
S288,OOP,2,1,41.9,1,83.3,50.0,5,2
S288,Data Structures,2,0,39.9,3,84.6,66.7,6,0
S288,Variables,0,1,21.5,1,78.6,100.0,0,2
S288,Functions,2,0,37.4,3,80.0,100.0,1,1
S288,OOP,1,1,24.1,1,75.0,66.7,0,2
S288,OOP,2,1,25.8,1,76.5,75.0,1,2
S288,Functions,1,1,19.6,1,77.8,75.0,2,2
S288,Variables,2,1,34.2,1,78.9,100.0,3,2
S288,Functions,2,0,34.3,3,80.0,80.0,4,1
S288,Loops,0,1,9.5,1,76.2,100.0,0,2
S288,Functions,2,0,56.4,2,77.3,66.7,1,0
S288,OOP,0,1,10.0,3,73.9,80.0,0,2
S288,Data Structures,2,1,35.1,1,75.0,50.0,1,2
S288,Variables,2,0,40.1,2,76.0,100.0,2,1
S288,OOP,1,1,26.3,1,73.1,83.3,0,2
S288,Loops,2,1,36.8,1,74.1,100.0,1,2
S288,Functions,2,1,27.9,1,75.0,57.1,2,2
S288,Variables,2,1,27.9,1,75.9,83.3,3,2
S288,Variables,2,1,55.1,1,76.7,85.7,4,2
S288,Functions,2,1,19.3,1,77.4,62.5,5,2
S288,Data Structures,1,1,26.8,1,78.1,60.0,6,2
S288,OOP,2,0,53.6,2,78.8,85.7,7,1
S288,OOP,0,1,16.3,1,76.5,75.0,0,1
S288,Variables,1,1,25.2,1,77.1,87.5,1,2
S288,Variables,2,0,47.5,2,77.8,88.9,2,1
S288,OOP,1,1,24.3,1,75.7,77.8,0,2
S288,Loops,2,1,26.7,1,76.3,100.0,1,2
S288,OOP,0,1,12.2,1,76.9,80.0,2,2
S289,Variables,1,0,45.8,2,60.0,60.0,0,0
S289,Loops,0,1,21.7,1,0.0,0.0,0,1
S289,OOP,1,0,76.0,3,50.0,50.0,1,0
S289,Loops,0,0,33.2,2,33.3,100.0,0,0
S289,Data Structures,0,0,19.6,2,25.0,25.0,0,0
S289,Variables,0,0,45.8,2,20.0,0.0,0,0
S289,OOP,0,1,17.6,1,16.7,0.0,0,1
S289,Variables,1,0,69.8,2,28.6,0.0,1,0
S289,Data Structures,2,0,78.8,3,25.0,0.0,0,0
S289,Functions,1,0,63.0,2,22.2,22.2,0,0
S289,Functions,0,0,20.8,3,20.0,0.0,0,0
S289,Functions,0,0,26.6,3,18.2,0.0,0,0
S289,Functions,0,0,43.9,2,16.7,0.0,0,0
S289,Functions,0,1,25.7,1,15.4,0.0,0,1
S289,Variables,1,0,92.7,3,21.4,0.0,1,0
S289,OOP,0,1,39.7,1,20.0,50.0,0,1
S289,Functions,1,0,68.7,2,25.0,20.0,1,0
S289,OOP,1,0,75.5,3,23.5,66.7,0,0
S289,Variables,0,0,44.2,2,22.2,0.0,0,0
S289,OOP,0,0,40.2,2,21.1,50.0,0,0
S289,Data Structures,0,0,68.7,2,20.0,0.0,0,0
S289,Data Structures,0,0,26.8,2,19.0,0.0,0,0
S289,Variables,0,1,23.5,3,18.2,0.0,0,0
S289,OOP,0,0,42.3,3,21.7,40.0,1,0
S289,Data Structures,0,0,54.6,2,20.8,0.0,0,0
S289,Loops,1,0,106.9,2,20.0,50.0,0,0
S289,Loops,0,1,32.1,1,19.2,33.3,0,1
S289,Variables,1,0,90.0,2,22.2,16.7,1,0
S289,Variables,0,0,33.5,2,21.4,14.3,0,0
S289,OOP,0,0,29.8,3,20.7,33.3,0,0
S289,Loops,0,0,46.3,1,20.0,50.0,0,0
S289,Data Structures,0,0,23.8,3,19.4,0.0,0,0
S289,Functions,0,1,17.7,1,18.8,16.7,0,1
S289,Data Structures,1,1,41.3,1,21.2,0.0,1,1
S289,Loops,1,0,59.2,3,23.5,40.0,2,0
S289,Loops,0,1,21.1,1,22.9,33.3,0,1
S289,Loops,1,0,98.8,2,25.0,42.9,1,0
S289,Loops,0,1,26.0,2,24.3,37.5,0,1
S289,Data Structures,1,0,48.6,1,26.3,14.3,1,0
S289,Loops,0,1,20.2,1,25.6,44.4,0,1
S290,Data Structures,1,1,47.0,1,60.0,60.0,0,2
S290,Variables,2,0,126.2,2,100.0,100.0,1,1
S290,Functions,1,0,36.6,2,50.0,50.0,0,0
S290,Variables,0,1,17.4,1,33.3,0.0,0,1
S290,Functions,1,1,36.9,1,50.0,0.0,1,1
S290,OOP,1,0,34.5,2,60.0,60.0,2,0
S290,Variables,0,1,20.7,1,50.0,50.0,0,1
S290,Loops,1,0,46.2,3,57.1,57.1,1,0
S290,Data Structures,0,1,15.4,1,50.0,100.0,0,1
S290,OOP,1,1,35.8,1,55.6,0.0,1,1
S290,Data Structures,1,1,45.7,1,60.0,100.0,2,2
S290,Functions,2,0,95.1,3,63.6,50.0,3,0
S290,OOP,0,1,15.0,1,58.3,50.0,0,2
S290,OOP,2,0,60.5,1,61.5,66.7,1,1
S290,Data Structures,2,0,128.5,3,57.1,100.0,0,0
S290,Loops,2,0,101.0,3,53.3,0.0,0,0
S290,Variables,0,1,19.3,1,50.0,66.7,0,2
S290,Data Structures,2,0,86.3,3,52.9,75.0,1,0
S290,Functions,0,1,23.2,1,50.0,33.3,0,1
S290,OOP,1,0,53.2,2,52.6,50.0,1,0
S290,Loops,0,1,14.7,1,50.0,0.0,0,1
S290,OOP,1,0,58.3,2,52.4,40.0,1,0
S290,OOP,0,1,24.4,1,50.0,33.3,0,1
S290,OOP,1,0,92.8,2,52.2,42.9,1,0
S290,Data Structures,0,1,35.9,1,50.0,60.0,0,1
S290,Functions,1,0,60.8,2,52.0,50.0,1,0
S290,Data Structures,0,1,33.1,1,50.0,66.7,0,1
S290,Variables,1,0,90.9,3,51.9,75.0,1,0
S290,Loops,0,1,26.2,1,50.0,33.3,0,1
S290,Loops,1,0,46.9,2,51.7,50.0,1,0
S290,Loops,0,1,20.4,1,50.0,40.0,0,1
S290,Variables,1,0,34.2,3,51.6,60.0,1,0
S290,Data Structures,0,0,21.2,1,50.0,71.4,0,1
S290,Variables,1,0,48.7,3,48.5,50.0,0,0
S290,Data Structures,0,1,24.1,2,47.1,62.5,0,1
S290,Loops,1,1,26.0,1,48.6,50.0,1,2
S290,Data Structures,2,0,145.9,3,50.0,66.7,2,0
S290,OOP,0,1,29.3,1,48.6,37.5,0,1
S290,OOP,1,1,41.4,1,50.0,44.4,1,1
S290,Loops,1,1,46.3,1,51.3,57.1,2,2
S291,Functions,1,1,32.6,1,60.0,60.0,0,2
S291,Data Structures,2,0,60.3,3,100.0,100.0,1,1
S291,Functions,1,1,17.6,2,50.0,100.0,0,2
S291,OOP,2,0,66.3,2,66.7,66.7,1,0
S291,OOP,0,1,16.2,1,50.0,0.0,0,1
S291,Data Structures,1,1,13.4,1,60.0,0.0,1,1
S291,Functions,1,1,19.5,1,66.7,100.0,2,2
S291,Functions,2,0,32.7,3,71.4,100.0,3,1
S291,Loops,1,1,16.0,1,62.5,62.5,0,2
S291,OOP,2,0,52.7,2,66.7,50.0,1,0
S291,Loops,0,1,8.6,1,60.0,100.0,0,2
S291,Functions,2,1,32.0,1,63.6,75.0,1,2
S291,Data Structures,2,1,50.7,1,66.7,50.0,2,2
S291,Data Structures,2,1,31.9,1,69.2,66.7,3,2
S291,Variables,2,0,34.9,2,71.4,71.4,4,0
S291,OOP,0,1,21.2,1,66.7,33.3,0,2
S291,Data Structures,2,0,57.0,2,68.8,75.0,1,0
S291,Variables,0,1,21.5,1,64.7,0.0,0,1
S291,Functions,1,1,17.3,1,66.7,80.0,1,2
S291,Functions,2,1,28.2,1,68.4,83.3,2,2
S291,Data Structures,2,0,50.0,2,70.0,60.0,3,0
S291,Loops,0,1,8.1,1,66.7,100.0,0,2
S291,Variables,2,0,39.8,3,68.2,50.0,1,0
S291,Data Structures,0,1,12.6,1,65.2,50.0,0,2
S291,OOP,0,1,13.8,1,66.7,50.0,1,2
S291,Variables,1,1,25.6,1,68.0,33.3,2,2
S291,OOP,2,1,42.5,2,69.2,60.0,3,2
S291,Variables,2,1,20.5,1,70.4,50.0,4,2
S291,Functions,2,1,30.6,1,71.4,85.7,5,2
S291,Loops,1,1,14.8,1,72.4,100.0,6,2
S291,Variables,2,1,40.6,1,73.3,60.0,7,2
S291,Loops,2,1,27.8,1,74.2,100.0,8,2
S291,Data Structures,2,1,38.4,1,75.0,57.1,9,2
S291,Variables,2,0,49.9,3,75.8,66.7,10,0
S291,OOP,0,1,25.0,1,73.5,66.7,0,2
S291,Data Structures,2,1,61.8,1,74.3,62.5,1,2
S291,Data Structures,2,0,44.8,3,75.0,66.7,2,0
S291,Functions,2,0,35.0,2,73.0,87.5,0,1
S291,Data Structures,1,1,24.6,1,71.1,60.0,0,2
S291,Data Structures,2,0,48.1,3,71.8,63.6,1,0
S292,Functions,1,0,65.0,3,60.0,60.0,0,0
S292,Functions,0,1,30.9,1,0.0,0.0,0,1
S292,Loops,1,1,31.0,3,50.0,50.0,1,1
S292,Variables,1,0,60.7,2,66.7,66.7,2,0
S292,Functions,0,1,34.0,1,50.0,50.0,0,1
S292,Loops,0,1,12.8,1,60.0,100.0,1,1
S292,Variables,1,0,56.2,3,66.7,0.0,2,1
S292,Variables,0,0,25.2,2,57.1,0.0,0,0
S292,Loops,0,1,14.6,1,50.0,100.0,0,2
S292,Functions,2,0,86.8,3,55.6,66.7,1,0
S292,OOP,0,1,12.2,1,50.0,50.0,0,2
S292,Data Structures,2,0,63.4,3,54.5,54.5,1,0
S292,Loops,0,1,17.7,2,50.0,100.0,0,2
S292,Data Structures,1,1,21.0,2,53.8,0.0,1,1
S292,Functions,1,0,56.2,2,57.1,50.0,2,0
S292,Variables,0,1,30.2,1,53.3,0.0,0,1
S292,Loops,1,1,37.5,1,56.2,100.0,1,2
S292,Loops,2,0,51.6,2,58.8,100.0,2,1
S292,Data Structures,1,0,37.8,3,55.6,50.0,0,0
S292,Functions,0,1,14.3,1,52.6,40.0,0,1
S292,OOP,1,1,35.3,1,55.0,100.0,1,2
S292,Data Structures,2,1,46.0,1,57.1,33.3,2,2
S292,Variables,2,0,79.2,3,59.1,25.0,3,0
S292,Loops,0,1,15.7,1,56.5,83.3,0,2
S292,Variables,2,0,81.1,3,58.3,20.0,1,0
S292,Loops,0,1,19.9,1,56.0,85.7,0,2
S292,Loops,2,0,73.0,3,57.7,87.5,1,0
S292,OOP,0,1,13.8,1,55.6,100.0,0,2
S292,Data Structures,2,0,51.7,2,57.1,50.0,1,0
S292,OOP,0,1,12.8,1,55.2,100.0,0,2
S292,Loops,2,0,61.1,3,56.7,77.8,1,0
S292,Data Structures,0,1,13.9,1,54.8,40.0,0,1
S292,OOP,0,1,10.5,1,56.2,100.0,1,2
S292,Loops,2,0,64.3,2,57.6,70.0,2,0
S292,Data Structures,0,0,25.8,2,55.9,50.0,0,0
S292,Functions,0,1,15.9,1,54.3,50.0,0,2
S292,OOP,0,1,17.5,1,55.6,100.0,1,2
S292,Functions,2,0,51.2,2,56.8,57.1,2,0
S292,Variables,0,1,19.8,1,55.3,16.7,0,1
S292,Loops,1,1,33.5,1,56.4,63.6,1,2
S293,Loops,1,1,23.5,1,60.0,60.0,0,2
S293,OOP,2,0,54.9,3,100.0,100.0,1,1
S293,Variables,1,0,34.3,3,50.0,50.0,0,0
S293,Functions,0,1,18.2,1,33.3,33.3,0,1
S293,Loops,2,1,33.8,3,50.0,100.0,1,2
S293,Variables,2,1,36.4,1,60.0,0.0,2,1
S293,OOP,1,1,36.9,1,66.7,0.0,3,1
S293,Variables,1,1,42.1,1,71.4,50.0,4,2
S293,Data Structures,0,1,21.2,1,75.0,75.0,5,2
S293,Loops,2,1,35.8,1,77.8,100.0,6,2
S293,OOP,2,0,60.2,3,80.0,50.0,7,0
S293,Data Structures,0,1,17.6,1,72.7,100.0,0,2
S293,Data Structures,1,0,50.0,3,75.0,100.0,1,2
S293,Functions,2,0,50.1,2,69.2,100.0,0,0
S293,Variables,0,1,15.0,1,64.3,66.7,0,2
S293,Functions,1,1,38.1,1,66.7,50.0,1,2
S293,OOP,2,0,112.1,3,68.8,33.3,2,0
S293,OOP,0,1,20.6,1,64.7,25.0,0,1
S293,OOP,1,0,36.1,2,66.7,40.0,1,0
S293,OOP,0,1,15.9,1,63.2,33.3,0,1
S293,Variables,1,1,41.9,1,65.0,75.0,1,2
S293,Variables,2,0,61.5,2,66.7,80.0,2,0
S293,Functions,0,1,16.8,1,63.6,66.7,0,2
S293,OOP,2,0,112.6,1,65.2,42.9,1,0
S293,Functions,0,1,16.2,1,62.5,75.0,0,2
S293,OOP,2,0,114.5,2,64.0,37.5,1,0
S293,Loops,0,1,25.2,1,61.5,100.0,0,2
S293,Variables,2,1,55.8,1,63.0,66.7,1,2
S293,OOP,2,0,67.9,2,64.3,33.3,2,0
S293,Loops,0,1,9.1,1,62.1,100.0,0,1
S293,Loops,1,1,28.5,1,63.3,100.0,1,2
S293,OOP,2,0,81.7,3,64.5,30.0,2,0
S293,OOP,1,1,60.1,1,62.5,27.3,0,1
S293,Data Structures,1,1,30.1,1,63.6,66.7,1,2
S293,OOP,2,0,116.5,3,64.7,33.3,2,0
S293,Loops,0,1,13.8,1,62.9,100.0,0,2
S293,OOP,1,0,53.2,3,63.9,30.8,1,0
S293,Loops,0,1,17.3,1,62.2,100.0,0,2
S293,Variables,2,0,60.0,2,63.2,71.4,1,0
S293,OOP,1,1,39.8,1,61.5,28.6,0,1
S294,Data Structures,1,0,49.6,3,60.0,60.0,0,0
S294,Functions,2,0,46.0,2,0.0,0.0,0,0
S294,Loops,0,0,29.0,2,0.0,0.0,0,1
S294,Loops,2,1,54.8,2,0.0,0.0,0,1
S294,Loops,2,0,89.9,3,25.0,50.0,1,0
S294,Loops,0,1,19.5,3,20.0,33.3,0,1
S294,Functions,1,0,48.8,3,33.3,0.0,1,1
S294,Loops,2,0,56.0,3,28.6,50.0,0,0
S294,OOP,0,1,17.5,1,25.0,25.0,0,1
S294,OOP,0,1,19.1,1,33.3,100.0,1,2
S294,Functions,2,0,77.8,2,40.0,0.0,2,0
S294,Variables,2,0,114.3,2,36.4,36.4,0,0
S294,Data Structures,1,0,53.8,3,33.3,0.0,0,0
S294,Data Structures,0,1,18.5,1,30.8,0.0,0,1
S294,Data Structures,1,1,27.4,1,35.7,33.3,1,1
S294,Variables,1,0,43.8,2,40.0,0.0,2,0
S294,Data Structures,0,0,29.2,3,37.5,50.0,0,0
S294,OOP,0,1,12.9,1,35.3,100.0,0,2
S294,Data Structures,2,0,109.1,2,38.9,40.0,1,0
S294,OOP,0,1,24.9,1,36.8,100.0,0,2
S294,Loops,2,0,110.4,2,40.0,40.0,1,0
S294,Variables,0,1,32.1,1,38.1,0.0,0,1
S294,OOP,1,0,38.4,2,40.9,100.0,1,1
S294,Loops,1,1,52.2,1,39.1,33.3,0,1
S294,OOP,1,1,32.3,1,41.7,80.0,1,2
S294,Functions,1,0,40.0,3,44.0,0.0,2,0
S294,OOP,0,1,14.3,2,42.3,83.3,0,2
S294,OOP,2,0,87.6,2,44.4,85.7,1,0
S294,Loops,1,0,54.7,2,42.9,42.9,0,0
S294,Functions,0,1,22.5,1,41.4,0.0,0,1
S294,Variables,1,0,42.7,2,43.3,33.3,1,0
S294,Loops,0,1,17.2,1,41.9,37.5,0,1
S294,Data Structures,1,0,47.1,3,43.8,33.3,1,0
S294,Data Structures,0,0,24.5,2,42.4,28.6,0,0
S294,Functions,0,1,21.3,1,41.2,20.0,0,1
S294,Functions,1,1,49.0,1,42.9,33.3,1,1
S294,Data Structures,0,1,24.3,1,44.4,25.0,2,1
S294,OOP,1,0,65.7,3,45.9,75.0,3,0
S294,Loops,1,0,50.8,2,44.7,44.4,0,0
S294,Loops,0,1,15.0,1,43.6,40.0,0,1
S295,Functions,1,1,46.9,1,60.0,60.0,0,2
S295,Variables,2,0,110.3,2,100.0,100.0,1,1
S295,Data Structures,1,0,41.3,2,50.0,50.0,0,0
S295,Variables,0,1,20.4,1,33.3,0.0,0,1
S295,Functions,1,1,31.0,1,50.0,100.0,1,2
S295,Loops,2,0,64.1,2,60.0,60.0,2,0
S295,Loops,0,1,23.3,1,50.0,0.0,0,1
S295,Variables,1,0,42.3,2,57.1,50.0,1,0
S295,Functions,0,1,16.0,1,50.0,100.0,0,1
S295,OOP,1,1,32.4,2,55.6,55.6,1,1
S295,OOP,1,1,25.6,1,60.0,100.0,2,2
S295,OOP,2,0,58.5,2,63.6,100.0,3,1
S295,OOP,1,0,66.1,3,58.3,66.7,0,0
S295,Functions,0,1,17.3,1,53.8,100.0,0,2
S295,Variables,2,0,98.4,3,57.1,33.3,1,0
S295,Functions,0,1,12.5,1,53.3,100.0,0,2
S295,Variables,2,0,60.8,3,56.2,25.0,1,0
S295,OOP,0,1,10.1,1,52.9,50.0,0,2
S295,Loops,2,0,116.1,3,55.6,50.0,1,0
S295,Data Structures,0,0,40.6,3,52.6,0.0,0,0
S295,Data Structures,0,1,20.7,1,50.0,0.0,0,1
S295,Variables,1,0,68.0,2,52.4,20.0,1,0
S295,Data Structures,0,0,41.2,2,50.0,33.3,0,0
S295,OOP,0,1,25.3,1,47.8,60.0,0,1
S295,OOP,1,0,36.1,3,50.0,66.7,1,0
S295,Variables,0,1,28.7,1,48.0,16.7,0,1
S295,Functions,1,1,25.0,1,50.0,100.0,1,2
S295,Data Structures,2,0,84.5,3,51.9,25.0,2,0
S295,OOP,0,1,49.4,1,50.0,57.1,0,1
S295,Variables,1,1,33.6,1,51.7,28.6,1,1
S295,Loops,1,1,26.5,1,53.3,33.3,2,1
S295,Loops,1,0,22.1,2,54.8,50.0,3,0
S295,Functions,0,1,17.6,1,53.1,100.0,0,2
S295,OOP,2,0,52.8,3,54.5,62.5,1,0
S295,Functions,0,1,23.0,3,52.9,100.0,0,2
S295,Data Structures,2,0,44.3,1,54.3,20.0,1,0
S295,Functions,0,1,15.4,1,52.8,100.0,0,2
S295,Loops,2,0,77.1,2,54.1,40.0,1,0
S295,OOP,2,1,52.1,1,52.6,55.6,0,1
S295,Data Structures,1,1,38.9,1,53.8,16.7,1,1
S296,Loops,1,0,90.5,2,60.0,60.0,0,0
S296,Variables,0,1,19.4,1,0.0,0.0,0,1
S296,Variables,2,0,71.4,2,50.0,100.0,1,1
S296,Loops,1,0,42.2,3,33.3,0.0,0,0
S296,Functions,0,1,21.7,1,25.0,25.0,0,1
S296,OOP,1,0,56.2,3,40.0,40.0,1,0
S296,Loops,0,1,32.5,1,33.3,0.0,0,1
S296,Data Structures,1,0,42.2,3,42.9,42.9,1,0
S296,Data Structures,0,0,46.1,2,37.5,0.0,0,0
S296,Functions,0,0,34.8,3,33.3,100.0,0,0
S296,Functions,0,0,47.2,2,30.0,50.0,0,0
S296,Variables,0,1,27.8,1,27.3,50.0,0,1
S296,Data Structures,1,0,87.2,3,33.3,0.0,1,0
S296,OOP,1,0,85.5,2,30.8,0.0,0,0
S296,Functions,0,0,39.4,2,28.6,33.3,0,0
S296,OOP,0,0,28.0,2,26.7,0.0,0,0
S296,OOP,0,0,29.1,2,25.0,0.0,0,0
S296,Variables,0,1,20.4,1,23.5,66.7,0,1
S296,Data Structures,1,0,75.4,3,27.8,0.0,1,0
S296,Loops,0,1,27.3,1,26.3,33.3,0,1
S296,OOP,2,0,180.0,3,30.0,0.0,1,0
S296,Functions,0,0,38.0,3,28.6,25.0,0,0
S296,Functions,0,1,26.7,1,27.3,20.0,0,1
S296,OOP,1,0,73.6,3,30.4,0.0,1,0
S296,Variables,0,1,29.7,2,29.2,75.0,0,1
S296,Loops,1,0,83.9,2,32.0,50.0,1,0
S296,Loops,0,1,27.7,1,30.8,40.0,0,1
S296,Variables,1,0,60.6,2,33.3,80.0,1,0
S296,Variables,0,0,30.8,3,32.1,66.7,0,0
S296,OOP,0,0,41.3,3,31.0,0.0,0,0
S296,Data Structures,0,0,59.0,1,30.0,0.0,0,0
S296,Functions,0,0,50.7,3,29.0,33.3,0,0
S296,Functions,0,0,28.1,1,28.1,28.6,0,0
S296,OOP,0,1,29.0,1,27.3,0.0,0,1
S296,OOP,1,0,44.8,2,29.4,12.5,1,0
S296,Loops,0,0,37.7,2,28.6,50.0,0,0
S296,Variables,1,1,36.1,1,27.8,57.1,0,2
S296,Loops,2,0,109.6,2,29.7,42.9,1,0
S296,Functions,0,0,44.3,3,28.9,25.0,0,0
S296,Variables,0,1,20.8,1,28.2,62.5,0,1
S297,Functions,1,1,39.1,1,60.0,60.0,0,2
S297,OOP,2,0,37.5,2,100.0,100.0,1,1
S297,Functions,2,0,62.6,1,50.0,100.0,0,1
S297,Loops,0,1,16.9,1,33.3,33.3,0,1
S297,Data Structures,1,1,29.2,1,50.0,50.0,1,2
S297,Variables,0,0,23.1,1,60.0,60.0,2,0
S297,OOP,0,1,14.1,1,50.0,0.0,0,1
S297,Functions,1,0,68.4,2,57.1,50.0,1,0
S297,OOP,2,1,29.3,1,50.0,50.0,0,2
S297,Loops,2,0,68.6,2,55.6,100.0,1,1
S297,Variables,1,0,42.6,2,50.0,0.0,0,0
S297,Variables,0,1,19.5,1,45.5,0.0,0,1
S297,OOP,1,1,22.6,2,50.0,66.7,1,2
S297,Loops,2,0,98.7,3,53.8,50.0,2,0
S297,Variables,0,1,14.7,1,50.0,33.3,0,1
S297,Functions,1,0,66.0,3,53.3,33.3,1,0
S297,Data Structures,0,1,15.1,1,50.0,100.0,0,2
S297,OOP,2,0,79.3,3,52.9,75.0,1,0
S297,Loops,2,0,53.3,3,50.0,33.3,0,0
S297,Functions,0,1,9.8,1,47.4,25.0,0,1
S297,Loops,0,1,13.6,2,50.0,25.0,1,1
S297,Loops,1,1,27.4,1,52.4,40.0,2,2
S297,Loops,2,0,54.3,1,54.5,50.0,3,0
S297,Loops,0,1,14.6,1,52.2,42.9,0,1
S297,Data Structures,1,1,38.4,1,54.2,100.0,1,2
S297,Data Structures,2,0,50.8,2,56.0,100.0,2,1
S297,OOP,1,1,29.8,1,53.8,60.0,0,2
S297,Functions,1,0,28.1,2,55.6,40.0,1,0
S297,Variables,2,0,47.6,3,53.6,50.0,0,0
S297,Loops,0,1,13.5,1,51.7,50.0,0,2
S297,Functions,2,0,48.8,3,53.3,33.3,1,0
S297,Variables,0,1,21.6,1,51.6,40.0,0,1
S297,Functions,2,0,120.7,3,53.1,28.6,1,0
S297,Data Structures,0,1,13.4,1,51.5,75.0,0,2
S297,Loops,2,1,52.8,1,52.9,55.6,1,2
S297,Data Structures,2,0,51.1,2,54.3,80.0,2,0
S297,Functions,0,1,15.4,1,52.8,25.0,0,1
S297,Variables,2,0,93.6,3,54.1,50.0,1,0
S297,OOP,0,1,15.0,1,52.6,66.7,0,2
S297,Variables,2,0,55.2,3,53.8,42.9,1,0
S298,OOP,1,1,19.0,1,60.0,60.0,0,2
S298,OOP,2,1,33.0,1,100.0,100.0,1,2
S298,Loops,2,0,69.7,2,100.0,100.0,2,1
S298,Loops,1,1,50.3,1,66.7,0.0,0,1
S298,OOP,1,1,13.5,1,75.0,100.0,1,2
S298,Data Structures,2,0,56.1,3,80.0,80.0,2,0
S298,Variables,2,0,78.1,3,66.7,66.7,0,0
S298,Loops,0,1,13.7,1,57.1,50.0,0,2
S298,OOP,2,1,36.6,1,62.5,100.0,1,2
S298,Variables,2,0,73.5,2,66.7,0.0,2,0
S298,Data Structures,0,1,15.6,1,60.0,0.0,0,2
S298,Variables,0,1,21.5,1,63.6,0.0,1,1
S298,Data Structures,1,1,24.8,1,66.7,50.0,2,2
S298,Data Structures,2,1,40.3,1,69.2,66.7,3,2
S298,Data Structures,2,0,36.6,3,71.4,75.0,4,0
S298,Data Structures,0,1,20.9,1,66.7,60.0,0,2
S298,Loops,2,0,56.7,2,68.8,66.7,1,0
S298,Data Structures,0,1,15.0,1,64.7,66.7,0,2
S298,Variables,1,1,37.3,1,66.7,33.3,1,1
S298,Data Structures,2,1,58.3,1,68.4,71.4,2,2
S298,OOP,2,1,32.2,2,70.0,100.0,3,2
S298,OOP,2,0,48.2,3,71.4,100.0,4,1
S298,Loops,1,1,30.3,1,68.2,50.0,0,2
S298,Data Structures,2,0,71.8,3,69.6,75.0,1,0
S298,Variables,0,1,15.0,1,66.7,50.0,0,2
S298,Loops,0,1,12.5,1,68.0,60.0,1,2
S298,Functions,2,1,25.5,1,69.2,69.2,2,2
S298,OOP,2,1,39.9,2,70.4,83.3,3,2
S298,Data Structures,2,0,35.4,2,71.4,66.7,4,0
S298,Data Structures,0,1,13.7,1,69.0,60.0,0,2
S298,OOP,2,0,42.0,2,70.0,85.7,1,1
S298,Data Structures,0,1,12.9,1,67.7,63.6,0,2
S298,Variables,2,0,60.9,2,68.8,60.0,1,0
S298,Data Structures,0,1,18.2,1,66.7,66.7,0,2
S298,Data Structures,2,0,97.1,2,67.6,69.2,1,0
S298,Loops,0,1,18.3,1,65.7,66.7,0,2
S298,Data Structures,2,0,61.5,2,66.7,64.3,1,0
S298,Loops,1,1,32.1,1,64.9,71.4,0,2
S298,Variables,2,0,59.6,3,65.8,50.0,1,0
S298,Loops,0,1,11.1,1,64.1,75.0,0,2
S299,Variables,1,1,64.0,1,60.0,60.0,0,2
S299,Variables,2,0,125.4,2,100.0,100.0,1,1
S299,Variables,1,1,22.5,1,50.0,50.0,0,2
S299,Data Structures,0,1,22.5,1,66.7,66.7,1,2
S299,OOP,2,0,157.5,2,75.0,75.0,2,0
S299,Loops,0,1,16.5,1,60.0,60.0,0,2
S299,Loops,2,0,61.9,2,66.7,100.0,1,0
S299,Data Structures,0,1,25.8,1,57.1,100.0,0,2
S299,Data Structures,2,0,41.5,2,62.5,100.0,1,1
S299,Loops,1,1,46.6,1,55.6,50.0,0,2
S299,Variables,2,0,72.3,3,60.0,66.7,1,0
S299,OOP,2,0,51.5,3,54.5,0.0,0,0
S299,OOP,0,1,23.2,1,50.0,0.0,0,1
S299,Functions,1,1,24.8,1,53.8,53.8,1,2
S299,Loops,0,1,20.6,1,57.1,66.7,2,2
S299,Functions,2,0,57.4,2,60.0,100.0,3,1
S299,Variables,1,0,38.6,3,56.2,50.0,0,0
S299,OOP,0,0,26.1,3,52.9,33.3,0,0
S299,Loops,0,1,11.5,1,50.0,75.0,0,2
S299,Loops,2,0,49.2,1,52.6,80.0,1,1
S299,Functions,2,0,67.8,2,50.0,50.0,0,0
S299,OOP,0,1,14.4,1,47.6,25.0,0,1
S299,OOP,1,1,24.1,1,50.0,40.0,1,2
S299,Data Structures,2,0,78.5,2,52.2,66.7,2,0
S299,OOP,0,1,18.0,1,50.0,50.0,0,1
S299,Loops,1,1,45.5,1,52.0,66.7,1,2
S299,Variables,2,0,67.0,3,53.8,40.0,2,0
S299,Functions,0,1,14.6,1,51.9,33.3,0,1
S299,OOP,1,1,35.6,1,53.6,57.1,1,2
S299,Data Structures,2,0,150.8,2,55.2,50.0,2,0
S299,Variables,0,1,20.2,1,53.3,33.3,0,1
S299,Functions,1,0,48.9,2,54.8,50.0,1,0
S299,Data Structures,0,1,18.8,2,53.1,40.0,0,1
S299,Loops,1,0,72.6,3,54.5,71.4,1,0
S299,OOP,0,1,20.4,1,52.9,62.5,0,2
S299,Loops,2,0,61.5,1,54.3,62.5,1,0
S299,Data Structures,0,1,17.9,1,52.8,50.0,0,2
S299,Loops,2,1,36.0,1,54.1,55.6,1,2
S299,Loops,0,1,21.2,1,55.3,60.0,2,1
S299,Functions,1,0,60.3,2,56.4,40.0,3,0
S300,Data Structures,1,0,51.8,2,60.0,60.0,0,0
S300,Loops,0,1,20.1,1,0.0,0.0,0,1
S300,Loops,1,0,46.0,2,50.0,100.0,1,1
S300,Variables,1,0,81.9,2,33.3,33.3,0,0
S300,Data Structures,0,1,17.3,1,25.0,0.0,0,1
S300,OOP,1,0,43.1,2,40.0,40.0,1,0
S300,Functions,2,0,54.1,2,33.3,33.3,0,0
S300,Functions,0,0,26.4,2,28.6,0.0,0,0
S300,Functions,0,0,24.1,2,25.0,0.0,0,0
S300,Data Structures,0,0,24.2,3,22.2,50.0,0,0
S300,Loops,0,1,18.9,1,20.0,50.0,0,2
S300,Functions,2,0,64.1,3,27.3,0.0,1,0
S300,Functions,0,0,37.0,2,25.0,0.0,0,0
S300,Loops,0,1,28.0,1,23.1,66.7,0,1
S300,Data Structures,1,0,59.6,3,28.6,33.3,1,0
S300,Loops,0,1,34.2,1,26.7,75.0,0,1
S300,Functions,1,0,64.7,3,31.2,0.0,1,0
S300,Loops,0,1,21.6,1,29.4,80.0,0,2
S300,Data Structures,2,0,93.5,2,33.3,25.0,1,0
S300,Data Structures,0,1,29.3,1,31.6,20.0,0,1
S300,Loops,1,1,30.6,1,35.0,83.3,1,2
S300,Functions,1,0,55.6,3,38.1,0.0,2,0
S300,Functions,0,1,28.1,1,36.4,0.0,0,0
S300,Variables,0,0,68.0,3,39.1,0.0,1,0
S300,OOP,0,1,25.3,3,37.5,0.0,0,1
S300,OOP,1,0,58.5,2,40.0,50.0,1,0
S300,Data Structures,0,0,41.8,3,38.5,33.3,0,0
S300,Loops,2,0,122.5,2,37.0,85.7,0,0
S300,Functions,2,1,46.1,1,35.7,12.5,0,1
S300,Loops,1,0,72.1,3,37.9,75.0,1,1
S300,Functions,1,0,50.6,1,36.7,22.2,0,0
S300,Variables,0,0,36.3,2,35.5,0.0,0,0
S300,Data Structures,0,0,34.9,1,34.4,28.6,0,0
S300,Loops,0,0,21.0,3,33.3,66.7,0,0
S300,Functions,0,0,46.5,3,32.4,20.0,0,0
S300,Functions,0,1,21.6,1,31.4,18.2,0,1
S300,Variables,1,0,56.3,3,33.3,0.0,1,0
S300,Functions,0,1,15.2,1,32.4,25.0,0,1
S300,Loops,1,0,62.0,3,34.2,60.0,1,0
S300,Variables,0,0,38.0,2,33.3,0.0,0,0
S301,Functions,1,1,18.8,1,60.0,60.0,0,2
S301,Loops,2,1,15.8,1,100.0,100.0,1,2
S301,Functions,0,1,10.1,1,100.0,100.0,2,2
S301,Variables,2,1,30.0,1,100.0,100.0,3,1
S301,Functions,1,1,23.2,1,100.0,100.0,4,2
S301,Loops,2,1,26.5,1,100.0,100.0,5,2
S301,Variables,2,0,61.3,3,100.0,100.0,6,1
S301,Data Structures,1,1,17.7,1,85.7,85.7,0,2
S301,Variables,2,1,33.3,1,87.5,50.0,1,2
S301,Loops,2,1,35.9,1,88.9,100.0,2,2
S301,Loops,2,1,32.8,1,90.0,100.0,3,2
S301,Data Structures,2,1,23.2,1,90.9,100.0,4,1
S301,Data Structures,1,1,20.8,1,91.7,100.0,5,2
S301,Data Structures,2,1,22.5,1,92.3,100.0,6,2
S301,OOP,2,1,35.6,1,92.9,92.9,7,2
S301,Functions,2,1,32.2,1,93.3,100.0,8,2
S301,Variables,2,1,33.4,2,93.8,66.7,9,2
S301,Loops,2,1,30.5,1,94.1,100.0,10,2
S301,Functions,1,1,7.4,1,94.4,100.0,11,2
S301,Variables,2,0,38.5,3,94.7,75.0,12,1
S301,Variables,1,1,15.3,1,90.0,60.0,0,2
S301,Variables,2,0,58.1,3,90.5,66.7,1,0
S301,Data Structures,0,1,13.3,1,86.4,100.0,0,2
S301,Loops,2,1,28.3,1,87.0,100.0,1,2
S301,Variables,0,1,10.8,1,87.5,57.1,2,2
S301,Data Structures,2,1,24.6,1,88.0,100.0,3,2
S301,Loops,2,1,41.2,1,88.5,100.0,4,2
S301,Loops,2,1,33.9,1,88.9,100.0,5,2
S301,OOP,2,1,23.0,1,89.3,100.0,6,2
S301,OOP,2,1,22.6,1,89.7,100.0,7,2
S301,OOP,2,1,33.4,1,90.0,100.0,8,2
S301,Functions,2,0,46.0,2,90.3,100.0,9,1
S301,Functions,1,1,11.3,2,87.5,83.3,0,2
S301,OOP,2,1,20.6,1,87.9,100.0,1,2
S301,Data Structures,2,1,25.4,3,88.2,100.0,2,2
S301,Loops,0,1,9.5,1,88.6,100.0,3,2
S301,Loops,2,1,22.0,1,88.9,100.0,4,2
S301,Functions,2,1,29.2,1,89.2,85.7,5,2
S301,Data Structures,2,1,22.0,1,89.5,100.0,6,2
S301,Variables,1,1,17.2,1,89.7,62.5,7,2
S302,Variables,1,1,28.3,1,60.0,60.0,0,2
S302,Data Structures,2,0,38.5,3,100.0,100.0,1,1
S302,Data Structures,1,1,12.9,1,50.0,0.0,0,1
S302,Loops,1,1,16.7,1,66.7,66.7,1,2
S302,OOP,2,0,45.7,3,75.0,75.0,2,0
S302,Variables,0,1,18.2,1,60.0,100.0,0,2
S302,Loops,2,0,77.6,3,66.7,100.0,1,0
S302,Loops,0,1,17.7,1,57.1,50.0,0,1
S302,OOP,1,1,36.2,1,62.5,0.0,1,0
S302,Data Structures,0,1,7.7,1,66.7,50.0,2,2
S302,Variables,2,1,45.1,1,70.0,100.0,3,2
S302,Loops,1,1,28.4,2,72.7,66.7,4,2
S302,Functions,2,1,48.2,1,75.0,75.0,5,2
S302,Loops,1,1,32.1,1,76.9,75.0,6,2
S302,Data Structures,2,1,30.3,1,78.6,66.7,7,2
S302,Data Structures,2,0,34.6,2,80.0,75.0,8,1
S302,Variables,1,1,36.8,1,75.0,100.0,0,2
S302,Data Structures,1,1,17.8,1,76.5,60.0,1,2
S302,Data Structures,2,1,36.1,1,77.8,66.7,2,2
S302,Data Structures,2,0,24.1,2,78.9,71.4,3,1
S302,OOP,1,0,51.0,2,75.0,50.0,0,0
S302,OOP,0,1,10.8,1,71.4,33.3,0,1
S302,Data Structures,1,1,21.5,1,72.7,62.5,1,2
S302,Variables,2,1,42.6,1,73.9,100.0,2,2
S302,OOP,2,0,34.6,3,75.0,50.0,3,0
S302,Loops,0,1,12.1,1,72.0,80.0,0,2
S302,OOP,2,0,83.9,2,73.1,40.0,1,0
S302,Data Structures,0,1,16.7,1,70.4,66.7,0,2
S302,Functions,0,1,12.2,1,71.4,100.0,1,2
S302,OOP,2,0,63.2,3,72.4,33.3,2,0
S302,Variables,2,0,59.2,1,70.0,100.0,0,1
S302,Functions,1,0,34.4,3,67.7,100.0,0,1
S302,Functions,1,1,34.0,1,65.6,66.7,0,2
S302,Data Structures,2,1,49.7,1,66.7,70.0,1,2
S302,OOP,2,1,55.9,1,67.6,28.6,2,2
S302,Loops,2,0,36.7,2,68.6,83.3,3,1
S302,Functions,1,1,27.5,1,66.7,75.0,0,2
S302,Functions,2,0,58.1,3,67.6,80.0,1,0
S302,Data Structures,0,1,16.0,1,65.8,72.7,0,2
S302,Loops,0,1,18.8,1,66.7,71.4,1,2
S303,Variables,1,0,64.4,2,60.0,60.0,0,0
S303,Variables,0,0,49.8,3,0.0,0.0,0,0
S303,Functions,0,0,52.5,2,0.0,0.0,0,0
S303,OOP,0,0,41.8,3,0.0,0.0,0,0
S303,Data Structures,0,0,30.1,2,0.0,0.0,0,0
S303,Functions,0,1,27.9,1,0.0,0.0,0,1
S303,Variables,2,0,86.8,3,16.7,0.0,1,0
S303,Data Structures,0,0,45.9,2,14.3,0.0,0,0
S303,Variables,0,1,22.8,1,12.5,0.0,0,1
S303,Functions,1,0,58.0,2,22.2,50.0,1,0
S303,Variables,0,0,29.8,2,20.0,25.0,0,0
S303,Data Structures,0,0,36.8,2,18.2,0.0,0,0
S303,OOP,0,0,36.5,2,16.7,0.0,0,0
S303,Functions,0,1,19.9,1,15.4,33.3,0,2
S303,OOP,2,0,49.5,3,21.4,0.0,1,0
S303,Variables,0,0,37.5,3,20.0,20.0,0,0
S303,OOP,0,1,34.9,1,18.8,0.0,0,1
S303,Functions,1,0,55.5,2,23.5,50.0,1,0
S303,Variables,0,0,44.1,3,22.2,16.7,0,0
S303,Data Structures,0,0,28.1,3,21.1,0.0,0,0
S303,Loops,0,0,49.9,3,20.0,20.0,0,0
S303,Functions,0,0,40.9,3,19.0,40.0,0,0
S303,Functions,2,0,146.1,2,18.2,33.3,0,0
S303,Functions,0,0,18.9,3,17.4,28.6,0,0
S303,Data Structures,0,0,34.9,2,16.7,0.0,0,0
S303,Data Structures,0,0,19.9,2,16.0,0.0,0,0
S303,Variables,0,0,46.1,3,15.4,14.3,0,0
S303,Data Structures,1,0,39.1,3,14.8,0.0,0,0
S303,Functions,2,0,128.7,3,14.3,25.0,0,0
S303,Variables,0,0,34.2,2,13.8,12.5,0,0
S303,OOP,0,0,42.1,2,13.3,25.0,0,0
S303,Functions,0,0,41.7,2,12.9,22.2,0,0
S303,Functions,2,0,84.0,2,12.5,20.0,0,0
S303,Functions,0,0,43.7,3,12.1,18.2,0,0
S303,Loops,0,0,49.0,3,11.8,0.0,0,0
S303,OOP,0,0,35.0,2,11.4,20.0,0,0
S303,Data Structures,0,0,20.4,1,11.1,0.0,0,0
S303,OOP,0,0,14.9,2,10.8,16.7,0,0
S303,Functions,0,0,41.6,2,10.5,16.7,0,0
S303,Loops,0,0,44.1,3,10.3,0.0,0,0
S304,Loops,1,1,29.8,1,60.0,60.0,0,2
S304,Functions,2,0,103.9,2,100.0,100.0,1,1
S304,Data Structures,1,1,32.7,1,50.0,50.0,0,2
S304,Functions,2,0,79.3,2,66.7,0.0,1,0
S304,OOP,0,1,26.4,1,50.0,50.0,0,1
S304,Loops,1,1,20.4,1,60.0,100.0,1,2
S304,OOP,0,1,17.4,2,66.7,100.0,2,2
S304,Variables,2,0,53.3,3,71.4,71.4,3,0
S304,OOP,0,1,20.5,1,62.5,100.0,0,2
S304,Data Structures,2,0,180.0,2,66.7,100.0,1,0
S304,Loops,0,1,19.1,1,60.0,100.0,0,2
S304,Variables,2,0,85.8,3,63.6,0.0,1,0
S304,Data Structures,0,1,11.1,1,58.3,50.0,0,2
S304,Loops,2,1,56.2,1,61.5,100.0,1,2
S304,Loops,2,1,37.8,1,64.3,100.0,2,2
S304,Data Structures,2,0,90.6,3,66.7,66.7,3,0
S304,Functions,2,0,101.5,3,62.5,0.0,0,0
S304,Data Structures,0,0,20.5,2,58.8,50.0,0,0
S304,Functions,0,1,10.6,1,55.6,0.0,0,1
S304,OOP,2,0,74.1,2,57.9,100.0,1,1
S304,Data Structures,1,1,35.8,1,55.0,40.0,0,1
S304,Functions,0,1,22.5,1,57.1,25.0,1,1
S304,Variables,2,1,55.5,1,59.1,0.0,2,1
S304,Functions,1,1,38.6,1,60.9,40.0,3,1
S304,Data Structures,1,1,29.1,1,62.5,50.0,4,2
S304,OOP,2,0,72.0,3,64.0,75.0,5,0
S304,Loops,0,1,16.8,1,61.5,100.0,0,2
S304,Loops,1,1,21.3,1,63.0,100.0,1,2
S304,Functions,2,0,77.7,1,64.3,50.0,2,0
S304,Functions,0,1,17.2,1,62.1,42.9,0,1
S304,Loops,1,1,23.8,1,63.3,100.0,1,2
S304,Functions,2,0,115.0,1,64.5,50.0,2,0
S304,OOP,2,1,87.3,1,62.5,60.0,0,2
S304,Data Structures,2,0,100.2,3,63.6,57.1,1,0
S304,Loops,0,1,22.0,1,61.8,100.0,0,2
S304,Functions,2,0,60.7,3,62.9,44.4,1,0
S304,Functions,0,0,36.5,2,61.1,40.0,0,0
S304,OOP,0,0,25.4,2,59.5,66.7,0,0
S304,Variables,0,1,18.1,1,57.9,33.3,0,1
S304,Functions,1,0,55.2,2,59.0,36.4,1,0
S305,OOP,1,1,15.8,1,60.0,60.0,0,2
S305,OOP,1,1,23.5,1,100.0,100.0,1,2
S305,Data Structures,2,0,66.1,3,100.0,100.0,2,1
S305,Variables,1,0,65.7,2,66.7,66.7,0,0
S305,OOP,1,1,20.9,1,50.0,100.0,0,2
S305,Data Structures,2,0,82.0,2,60.0,0.0,1,0
S305,OOP,0,1,11.3,1,50.0,100.0,0,2
S305,Variables,2,0,56.6,2,57.1,0.0,1,0
S305,Loops,0,1,11.5,2,50.0,50.0,0,1
S305,OOP,1,1,21.6,1,55.6,100.0,1,1
S305,Loops,1,1,31.6,2,60.0,100.0,2,2
S305,Variables,2,0,61.6,3,63.6,0.0,3,0
S305,Functions,0,1,17.1,1,58.3,58.3,0,2
S305,Functions,2,0,51.3,1,61.5,100.0,1,1
S305,OOP,1,1,19.2,1,57.1,100.0,0,2
S305,OOP,2,1,29.0,1,60.0,100.0,1,2
S305,Data Structures,2,1,40.6,1,62.5,0.0,2,1
S305,Data Structures,1,1,27.2,1,64.7,33.3,3,2
S305,Loops,2,0,74.5,2,66.7,100.0,4,1
S305,OOP,2,0,68.3,3,63.2,100.0,0,1
S305,Functions,1,1,30.6,1,60.0,50.0,0,2
S305,Variables,2,1,65.5,3,61.9,0.0,1,1
S305,OOP,1,1,16.5,1,63.6,87.5,2,2
S305,OOP,2,0,55.1,3,65.2,88.9,3,0
S305,Data Structures,1,0,19.9,2,62.5,50.0,0,0
S305,OOP,0,1,10.8,1,60.0,80.0,0,2
S305,Variables,2,0,74.6,2,61.5,25.0,1,0
S305,OOP,0,1,19.0,1,59.3,81.8,0,1
S305,OOP,1,1,27.6,1,60.7,83.3,1,2
S305,Variables,2,0,61.1,1,62.1,20.0,2,0
S305,Loops,0,1,15.9,1,60.0,66.7,0,2
S305,Data Structures,2,1,50.0,1,61.3,40.0,1,2
S305,Variables,2,0,79.7,2,62.5,16.7,2,0
S305,Functions,0,1,25.1,1,60.6,66.7,0,2
S305,Loops,2,0,53.1,3,61.8,75.0,1,0
S305,Functions,0,1,12.1,1,60.0,75.0,0,2
S305,Functions,2,0,48.3,2,61.1,80.0,1,0
S305,OOP,0,1,11.5,1,59.5,84.6,0,2
S305,Loops,2,0,53.5,3,60.5,60.0,1,0
S305,OOP,0,1,14.6,1,59.0,85.7,0,2
S306,Data Structures,1,0,58.6,2,60.0,60.0,0,0
S306,Loops,0,1,24.9,1,0.0,0.0,0,1
S306,Functions,0,1,34.2,1,50.0,50.0,1,1
S306,Functions,1,0,58.3,2,66.7,100.0,2,1
S306,Variables,1,0,44.2,2,50.0,50.0,0,0
S306,Functions,0,0,25.0,2,40.0,50.0,0,0
S306,Data Structures,0,1,19.6,1,33.3,0.0,0,1
S306,Variables,1,1,47.5,1,42.9,0.0,1,1
S306,Data Structures,0,1,22.8,1,50.0,50.0,2,1
S306,OOP,1,1,29.0,1,55.6,55.6,3,2
S306,OOP,2,0,63.9,3,60.0,100.0,4,1
S306,Data Structures,1,0,59.5,1,54.5,66.7,0,0
S306,Functions,0,1,19.8,1,50.0,33.3,0,1
S306,Variables,1,0,53.6,2,53.8,50.0,1,0
S306,Data Structures,0,1,17.4,1,50.0,50.0,0,1
S306,OOP,1,1,43.5,1,53.3,50.0,1,2
S306,Loops,2,0,76.1,2,56.2,100.0,2,1
S306,Data Structures,1,1,17.6,1,52.9,60.0,0,2
S306,Loops,2,0,122.6,2,55.6,50.0,1,0
S306,Data Structures,0,1,20.0,1,52.6,66.7,0,2
S306,Variables,2,0,79.6,2,55.0,33.3,1,0
S306,Data Structures,0,1,30.1,1,52.4,71.4,0,2
S306,Loops,2,0,57.4,2,54.5,33.3,1,0
S306,OOP,1,0,70.0,2,52.2,66.7,0,0
S306,OOP,0,1,24.3,1,50.0,50.0,0,1
S306,Functions,1,0,53.3,3,52.0,50.0,1,0
S306,Variables,0,1,26.4,1,50.0,25.0,0,1
S306,Functions,1,0,100.2,2,51.9,40.0,1,0
S306,Variables,0,1,21.0,3,50.0,40.0,0,1
S306,OOP,1,1,30.9,2,51.7,60.0,1,1
S306,Functions,1,0,46.4,3,53.3,33.3,2,0
S306,Data Structures,1,0,40.1,3,51.6,75.0,0,0
S306,Functions,0,0,22.1,2,50.0,28.6,0,0
S306,Variables,0,0,15.7,3,48.5,50.0,0,0
S306,Loops,0,0,66.9,2,47.1,25.0,0,0
S306,Functions,0,1,33.1,2,45.7,25.0,0,1
S306,Functions,1,0,46.1,2,47.2,33.3,1,0
S306,Variables,0,1,15.3,1,45.9,42.9,0,1
S306,Variables,1,1,48.6,2,47.4,50.0,1,1
S306,OOP,1,0,41.5,3,48.7,66.7,2,0
S307,OOP,1,0,106.5,2,60.0,60.0,0,0
S307,Functions,1,1,38.7,1,0.0,0.0,0,1
S307,OOP,1,0,51.1,2,50.0,0.0,1,0
S307,Data Structures,0,0,26.2,2,33.3,33.3,0,0
S307,OOP,0,0,16.7,3,25.0,0.0,0,0
S307,Loops,0,1,19.8,1,20.0,20.0,0,1
S307,Variables,1,0,45.4,2,33.3,33.3,1,0
S307,Variables,0,1,38.2,1,28.6,0.0,0,1
S307,Functions,1,1,18.4,1,37.5,100.0,1,2
S307,Data Structures,2,0,103.8,2,44.4,0.0,2,0
S307,Data Structures,0,1,36.3,1,40.0,0.0,0,1
S307,Data Structures,1,1,48.6,1,45.5,33.3,1,1
S307,Loops,1,1,57.4,1,50.0,100.0,2,2
S307,Data Structures,2,0,63.2,1,53.8,50.0,3,0
S307,Variables,0,1,35.1,1,50.0,50.0,0,1
S307,Variables,1,0,53.2,2,53.3,66.7,1,0
S307,Loops,0,1,33.6,1,50.0,100.0,0,2
S307,Variables,1,0,67.6,1,52.9,50.0,1,0
S307,Variables,0,1,16.0,1,50.0,40.0,0,1
S307,Variables,1,1,40.8,1,52.6,50.0,1,2
S307,OOP,2,0,61.1,2,55.0,0.0,2,0
S307,OOP,0,1,17.2,1,52.4,0.0,0,1
S307,Data Structures,1,1,31.2,1,54.5,40.0,1,2
S307,Data Structures,2,0,96.0,2,56.5,50.0,2,0
S307,Functions,0,0,13.3,3,54.2,100.0,0,1
S307,Data Structures,1,0,49.5,2,52.0,42.9,0,0
S307,Loops,0,1,32.1,1,50.0,100.0,0,2
S307,OOP,2,0,116.6,2,51.9,20.0,1,0
S307,OOP,0,0,38.9,3,50.0,16.7,0,0
S307,OOP,0,0,32.8,3,48.3,14.3,0,0
S307,Loops,0,1,26.9,1,46.7,100.0,0,2
S307,Functions,2,0,73.0,3,48.4,66.7,1,0
S307,Functions,0,1,16.4,1,46.9,50.0,0,1
S307,Data Structures,1,0,54.8,3,48.5,37.5,1,0
S307,Variables,0,0,32.9,3,47.1,57.1,0,0
S307,OOP,0,1,27.5,1,45.7,12.5,0,1
S307,Functions,1,1,33.3,1,47.2,60.0,1,2
S307,Variables,2,0,76.0,2,48.6,50.0,2,0
S307,Functions,2,0,86.8,3,47.4,66.7,0,0
S307,Variables,0,0,25.7,2,46.2,44.4,0,0
S308,Loops,1,0,89.2,2,60.0,60.0,0,0
S308,Loops,2,0,69.3,3,0.0,0.0,0,0
S308,OOP,0,1,20.5,1,0.0,0.0,0,1
S308,Variables,1,0,55.0,3,33.3,33.3,1,0
S308,OOP,0,1,18.5,1,25.0,100.0,0,2
S308,Functions,2,0,26.6,3,40.0,40.0,1,0
S308,Loops,0,1,14.8,1,33.3,0.0,0,1
S308,Data Structures,1,0,63.9,3,42.9,42.9,1,0
S308,Loops,0,1,51.8,2,37.5,33.3,0,1
S308,OOP,1,0,55.9,3,44.4,100.0,1,0
S308,Functions,0,1,27.3,1,40.0,0.0,0,1
S308,Loops,2,0,45.1,2,45.5,50.0,1,0
S308,OOP,0,1,12.8,1,41.7,66.7,0,2
S308,Functions,1,1,48.6,1,46.2,50.0,1,0
S308,Loops,0,1,13.7,1,50.0,40.0,2,1
S308,Loops,1,0,51.5,3,53.3,50.0,3,0
S308,Data Structures,0,1,13.1,1,50.0,0.0,0,1
S308,Loops,1,0,44.1,3,52.9,42.9,1,0
S308,OOP,1,0,56.1,2,50.0,75.0,0,0
S308,Functions,0,1,18.9,1,47.4,66.7,0,2
S308,Variables,2,0,93.1,2,50.0,0.0,1,0
S308,Loops,0,1,35.3,1,47.6,37.5,0,1
S308,Data Structures,1,1,24.0,1,50.0,50.0,1,2
S308,OOP,2,0,48.7,3,52.2,60.0,2,0
S308,Data Structures,0,1,10.7,1,50.0,66.7,0,2
S308,OOP,2,0,72.7,2,52.0,50.0,1,0
S308,Loops,0,1,23.1,1,50.0,44.4,0,1
S308,Loops,1,1,43.3,3,51.9,50.0,1,1
S308,OOP,1,0,59.8,2,53.6,42.9,2,0
S308,OOP,0,1,13.1,1,51.7,37.5,0,0
S308,OOP,0,1,23.0,1,53.3,44.4,1,1
S308,OOP,1,0,35.1,2,54.8,50.0,2,0
S308,Data Structures,0,1,14.2,1,53.1,75.0,0,2
S308,Data Structures,2,0,69.6,3,54.5,80.0,1,0
S308,Variables,0,1,36.9,1,52.9,0.0,0,1
S308,Loops,1,0,63.0,2,54.3,54.5,1,0
S308,Data Structures,0,1,13.8,1,52.8,66.7,0,2
S308,Data Structures,2,0,42.5,3,54.1,71.4,1,0
S308,OOP,0,0,31.1,2,52.6,45.5,0,0
S308,OOP,0,0,25.9,3,51.3,41.7,0,0
S309,Loops,1,1,21.5,3,60.0,60.0,0,1
S309,Variables,1,0,45.1,2,100.0,100.0,1,1
S309,OOP,1,1,23.9,1,50.0,50.0,0,2
S309,Functions,2,0,32.9,2,66.7,66.7,1,0
S309,Functions,0,1,14.3,1,50.0,0.0,0,1
S309,Data Structures,1,1,35.4,1,60.0,60.0,1,2
S309,Functions,2,0,35.8,2,66.7,50.0,2,0
S309,Variables,0,1,30.4,1,57.1,0.0,0,1
S309,OOP,1,1,36.4,1,62.5,100.0,1,2
S309,Variables,2,0,154.9,3,66.7,50.0,2,0
S309,Variables,0,0,34.4,2,60.0,33.3,0,0
S309,Functions,0,1,10.0,2,54.5,33.3,0,1
S309,OOP,1,1,33.5,1,58.3,100.0,1,2
S309,Variables,1,1,29.5,1,61.5,25.0,2,1
S309,OOP,1,1,20.9,1,64.3,100.0,3,2
S309,Data Structures,2,1,63.8,1,66.7,100.0,4,2
S309,Data Structures,2,1,44.6,1,68.8,100.0,5,2
S309,Variables,2,0,149.7,3,70.6,40.0,6,0
S309,Functions,0,1,11.5,1,66.7,50.0,0,2
S309,OOP,2,1,64.4,1,68.4,100.0,1,2
S309,Data Structures,2,1,41.0,1,70.0,100.0,2,2
S309,Data Structures,2,0,74.0,3,71.4,100.0,3,1
S309,Variables,1,1,32.9,1,68.2,33.3,0,2
S309,Variables,2,0,80.0,2,69.6,42.9,1,0
S309,Functions,0,1,9.7,1,66.7,60.0,0,2
S309,Variables,2,0,80.4,3,68.0,37.5,1,0
S309,Variables,0,1,31.6,1,65.4,33.3,0,1
S309,OOP,1,1,33.3,1,66.7,100.0,1,2
S309,Functions,2,1,25.7,1,67.9,66.7,2,2
S309,Variables,0,0,38.9,2,69.0,40.0,3,0
S309,OOP,0,1,17.4,1,66.7,100.0,0,2
S309,Variables,2,0,62.0,3,67.7,36.4,1,0
S309,Loops,0,1,18.7,1,65.6,100.0,0,2
S309,Functions,2,1,25.7,1,66.7,71.4,1,2
S309,Data Structures,2,0,75.8,2,67.6,80.0,2,0
S309,Functions,0,1,7.4,1,65.7,75.0,0,2
S309,OOP,1,1,35.5,2,66.7,100.0,1,2
S309,Data Structures,2,1,39.2,1,67.6,66.7,2,2
S309,OOP,2,0,70.4,2,68.4,100.0,3,1
S309,Functions,1,1,20.3,1,66.7,77.8,0,2
S310,Loops,1,1,11.8,1,60.0,60.0,0,2
S310,OOP,2,0,48.2,3,100.0,100.0,1,1
S310,Loops,2,1,20.5,1,50.0,100.0,0,1
S310,Loops,1,1,16.2,1,66.7,100.0,1,2
S310,OOP,2,0,34.1,2,75.0,0.0,2,0
S310,Loops,0,1,12.7,1,60.0,100.0,0,2
S310,Variables,2,1,31.6,1,66.7,66.7,1,2
S310,Functions,2,1,22.1,1,71.4,71.4,2,2
S310,OOP,2,1,64.8,1,75.0,0.0,3,1
S310,Functions,1,1,16.9,1,77.8,100.0,4,2
S310,OOP,0,1,16.1,1,80.0,33.3,5,1
S310,Functions,1,1,26.4,1,81.8,100.0,6,2
S310,Variables,2,0,46.0,3,83.3,100.0,7,1
S310,Loops,1,1,14.3,1,76.9,100.0,0,2
S310,OOP,2,0,87.1,3,78.6,50.0,1,0
S310,Functions,0,1,15.8,1,73.3,100.0,0,2
S310,OOP,2,0,45.8,1,75.0,40.0,1,0
S310,Functions,1,1,11.4,1,70.6,100.0,0,2
S310,OOP,0,1,16.6,1,72.2,33.3,1,1
S310,Variables,1,1,30.4,1,73.7,50.0,2,2
S310,Loops,2,1,18.0,1,75.0,100.0,3,2
S310,Functions,2,0,56.2,2,76.2,100.0,4,1
S310,Variables,1,1,22.0,1,72.7,66.7,0,2
S310,Functions,2,1,20.4,1,73.9,83.3,1,2
S310,Loops,2,1,19.6,2,75.0,100.0,2,2
S310,Loops,2,1,30.5,1,76.0,100.0,3,2
S310,Data Structures,2,1,37.3,1,76.9,76.9,4,2
S310,Functions,2,1,47.7,1,77.8,85.7,5,2
S310,Variables,2,0,41.2,2,78.6,75.0,6,1
S310,Variables,1,1,15.6,1,75.9,60.0,0,2
S310,Variables,2,1,43.5,1,76.7,66.7,1,2
S310,OOP,2,0,39.6,3,77.4,42.9,2,0
S310,Functions,0,1,10.1,1,75.0,87.5,0,2
S310,Data Structures,1,1,17.2,1,75.8,100.0,1,2
S310,Loops,2,1,25.1,2,76.5,100.0,2,2
S310,Data Structures,2,1,19.5,1,77.1,100.0,3,2
S310,OOP,1,1,21.1,1,77.8,37.5,4,2
S310,OOP,2,0,77.3,3,78.4,44.4,5,0
S310,Data Structures,0,1,16.1,1,76.3,100.0,0,2
S310,Loops,2,1,31.3,1,76.9,100.0,1,2
S311,Functions,1,0,54.6,2,60.0,60.0,0,0
S311,OOP,0,1,36.8,1,0.0,0.0,0,2
S311,Loops,2,0,61.9,3,50.0,50.0,1,0
S311,OOP,0,0,30.6,2,33.3,100.0,0,0
S311,OOP,0,0,25.5,2,25.0,50.0,0,0
S311,Data Structures,0,1,24.7,1,20.0,20.0,0,1
S311,Data Structures,1,0,68.2,2,33.3,100.0,1,0
S311,Variables,0,0,60.4,2,28.6,28.6,0,0
S311,Functions,0,1,26.7,1,25.0,0.0,0,1
S311,Loops,1,0,52.1,3,33.3,0.0,1,0
S311,Variables,0,1,28.1,3,30.0,0.0,0,0
S311,OOP,0,1,21.6,1,36.4,33.3,1,1
S311,Data Structures,1,0,41.6,2,41.7,50.0,2,0
S311,Variables,0,0,30.3,2,38.5,50.0,0,0
S311,Loops,0,1,25.4,1,35.7,0.0,0,1
S311,Loops,1,0,40.0,3,40.0,33.3,1,0
S311,Data Structures,0,0,33.7,3,37.5,33.3,0,0
S311,Variables,0,0,40.6,3,35.3,33.3,0,0
S311,Functions,0,1,13.3,1,33.3,50.0,0,1
S311,Data Structures,1,0,40.9,3,36.8,25.0,1,0
S311,Data Structures,0,1,27.2,1,35.0,20.0,0,1
S311,OOP,1,0,66.7,3,38.1,50.0,1,0
S311,Functions,0,1,18.3,1,36.4,66.7,0,2
S311,Functions,2,0,46.2,3,39.1,75.0,1,0
S311,Data Structures,0,0,20.8,3,37.5,33.3,0,0
S311,Functions,0,1,14.8,1,36.0,60.0,0,2
S311,Functions,2,0,133.4,3,38.5,66.7,1,0
S311,Functions,0,0,20.0,3,37.0,57.1,0,0
S311,OOP,0,1,40.7,1,35.7,40.0,0,1
S311,Variables,1,0,45.4,3,37.9,25.0,1,0
S311,OOP,0,0,30.2,2,36.7,50.0,0,0
S311,Variables,1,1,26.0,1,35.5,20.0,0,1
S311,Variables,1,0,72.5,1,37.5,33.3,1,0
S311,Variables,1,0,71.5,3,36.4,28.6,0,0
S311,Loops,0,0,14.6,3,35.3,25.0,0,0
S311,Variables,0,1,33.5,1,34.3,25.0,0,1
S311,Data Structures,1,0,61.9,2,36.1,28.6,1,0
S311,Loops,0,1,25.9,1,35.1,20.0,0,1
S311,Functions,1,0,67.2,3,36.8,50.0,1,0
S311,Data Structures,0,1,22.8,1,35.9,25.0,0,1
S312,Data Structures,1,0,83.5,3,60.0,60.0,0,0
S312,OOP,0,1,47.4,1,0.0,0.0,0,1
S312,Data Structures,1,0,139.5,3,50.0,0.0,1,0
S312,Data Structures,2,0,151.8,2,33.3,0.0,0,0
S312,Functions,0,1,17.4,1,25.0,25.0,0,1
S312,Loops,1,0,31.1,3,40.0,40.0,1,0
S312,Data Structures,0,0,33.0,3,33.3,0.0,0,0
S312,Data Structures,2,0,180.0,2,28.6,0.0,0,0
S312,OOP,0,0,42.9,3,25.0,100.0,0,0
S312,Functions,0,0,28.5,2,22.2,100.0,0,0
S312,Data Structures,0,0,37.5,3,20.0,0.0,0,0
S312,Variables,0,0,30.1,3,18.2,18.2,0,0
S312,Data Structures,0,0,38.0,3,16.7,0.0,0,0
S312,Data Structures,0,0,33.7,3,15.4,0.0,0,0
S312,Loops,0,0,37.2,3,14.3,0.0,0,0
S312,Functions,0,0,24.9,2,13.3,50.0,0,1
S312,Functions,1,0,109.2,3,12.5,33.3,0,0
S312,Functions,0,1,35.1,1,11.8,25.0,0,1
S312,Variables,1,0,89.9,2,16.7,0.0,1,0
S312,Functions,0,0,29.3,3,15.8,40.0,0,1
S312,Functions,1,0,59.0,2,15.0,33.3,0,0
S312,Data Structures,0,0,51.5,2,14.3,0.0,0,0
S312,Variables,0,0,36.0,2,13.6,0.0,0,0
S312,Variables,0,1,32.1,1,13.0,0.0,0,1
S312,Variables,1,0,75.0,3,16.7,25.0,1,0
S312,Data Structures,2,0,108.2,3,16.0,0.0,0,0
S312,Functions,0,0,34.3,2,15.4,28.6,0,0
S312,Functions,0,0,24.7,2,14.8,25.0,0,0
S312,Functions,0,0,36.3,2,14.3,22.2,0,0
S312,Loops,0,0,50.1,2,13.8,0.0,0,1
S312,Loops,1,0,37.4,3,13.3,0.0,0,0
S312,Loops,0,1,20.8,2,12.9,0.0,0,1
S312,Loops,1,0,80.3,3,15.6,20.0,1,0
S312,OOP,0,0,66.2,3,15.2,50.0,0,0
S312,Loops,0,0,32.9,2,14.7,16.7,0,0
S312,Data Structures,0,1,31.1,1,14.3,0.0,0,1
S312,Loops,1,0,69.4,3,16.7,14.3,1,1
S312,OOP,1,0,62.0,3,16.2,33.3,0,0
S312,Data Structures,0,1,18.1,3,15.8,9.1,0,1
S312,Functions,1,0,57.3,3,17.9,20.0,1,0
S313,OOP,1,1,50.6,1,60.0,60.0,0,2
S313,Variables,2,0,65.5,2,100.0,100.0,1,1
S313,Functions,1,1,46.6,1,50.0,50.0,0,1
S313,Functions,2,0,82.5,3,66.7,100.0,1,0
S313,Loops,0,1,20.8,1,50.0,50.0,0,1
S313,Variables,1,0,50.4,3,60.0,0.0,1,0
S313,Variables,0,1,21.3,1,50.0,0.0,0,1
S313,Loops,1,0,39.2,2,57.1,100.0,1,1
S313,Data Structures,1,0,60.1,2,50.0,50.0,0,0
S313,Data Structures,0,1,14.1,1,44.4,0.0,0,1
S313,Data Structures,1,0,66.5,2,50.0,50.0,1,0
S313,OOP,0,1,21.3,1,45.5,100.0,0,2
S313,Data Structures,2,0,64.4,2,50.0,33.3,1,0
S313,Data Structures,0,0,33.5,3,46.2,25.0,0,0
S313,Functions,0,1,32.8,1,42.9,50.0,0,1
S313,Loops,1,0,49.3,2,46.7,50.0,1,0
S313,Functions,0,1,11.8,1,43.8,66.7,0,2
S313,Variables,2,0,81.0,1,47.1,33.3,1,0
S313,Variables,0,1,24.5,1,44.4,25.0,0,1
S313,Functions,1,1,37.8,1,47.4,75.0,1,2
S313,Variables,2,0,91.0,3,50.0,40.0,2,0
S313,OOP,2,0,63.5,3,47.6,100.0,0,0
S313,OOP,0,1,16.1,1,45.5,66.7,0,2
S313,Loops,2,0,89.2,2,47.8,33.3,1,0
S313,Data Structures,0,1,42.7,1,45.8,20.0,0,1
S313,Loops,1,0,71.4,2,48.0,25.0,1,0
S313,Variables,0,1,24.4,1,46.2,33.3,0,1
S313,Functions,0,1,19.8,1,48.1,80.0,1,2
S313,OOP,2,0,66.1,2,50.0,75.0,2,0
S313,Data Structures,0,0,46.9,2,48.3,33.3,0,0
S313,Functions,1,0,40.4,3,46.7,83.3,0,0
S313,OOP,2,0,97.2,3,45.2,60.0,0,0
S313,OOP,2,0,83.4,3,43.8,50.0,0,0
S313,OOP,0,0,30.8,2,42.4,42.9,0,0
S313,Data Structures,0,1,20.7,1,41.2,28.6,0,1
S313,Data Structures,1,0,36.9,2,42.9,37.5,1,1
S313,Functions,2,1,44.2,1,41.7,71.4,0,2
S313,Loops,2,0,135.6,2,43.2,20.0,1,0
S313,Data Structures,0,1,19.7,1,42.1,33.3,0,1
S313,Functions,1,0,38.7,2,43.6,75.0,1,0
S314,Data Structures,1,0,49.7,3,60.0,60.0,0,0
S314,Functions,0,1,20.1,1,0.0,0.0,0,1
S314,Variables,2,0,67.8,3,50.0,50.0,1,0
S314,Data Structures,0,1,21.0,3,33.3,0.0,0,1
S314,Functions,1,0,44.5,2,50.0,100.0,1,1
S314,Functions,0,1,19.3,1,40.0,50.0,0,1
S314,Functions,1,1,16.9,1,50.0,66.7,1,2
S314,Functions,2,0,81.0,3,57.1,75.0,2,0
S314,Data Structures,1,0,34.2,3,50.0,50.0,0,0
S314,OOP,0,1,11.7,1,44.4,44.4,0,1
S314,Functions,0,1,20.3,1,50.0,60.0,1,2
S314,Data Structures,0,1,16.4,1,54.5,33.3,2,1
S314,Variables,1,1,33.9,2,58.3,0.0,3,1
S314,Variables,1,0,64.1,2,61.5,50.0,4,0
S314,Functions,0,1,14.4,1,57.1,66.7,0,2
S314,Loops,2,0,20.5,3,60.0,60.0,1,0
S314,Loops,0,1,27.2,1,56.2,0.0,0,0
S314,Variables,0,1,26.1,1,58.8,33.3,1,1
S314,OOP,1,1,35.5,2,61.1,100.0,2,2
S314,Functions,2,0,68.0,3,63.2,71.4,3,0
S314,Loops,0,1,23.8,1,60.0,50.0,0,1
S314,Data Structures,1,1,28.1,1,61.9,50.0,1,2
S314,Variables,2,0,67.0,2,63.6,50.0,2,0
S314,Functions,2,1,28.3,1,60.9,62.5,0,2
S314,Variables,2,0,70.2,3,62.5,40.0,1,0
S314,Variables,0,1,25.2,1,60.0,33.3,0,1
S314,Functions,1,1,25.1,1,61.5,66.7,1,2
S314,Data Structures,2,1,40.3,1,63.0,60.0,2,2
S314,Loops,2,0,75.7,2,64.3,66.7,3,0
S314,Loops,0,1,23.6,1,62.1,50.0,0,1
S314,Data Structures,1,0,31.1,3,63.3,66.7,1,0
S314,Variables,0,1,16.7,1,61.3,42.9,0,1
S314,OOP,1,1,29.5,2,62.5,100.0,1,2
S314,OOP,2,0,72.6,2,63.6,100.0,2,1
S314,Functions,1,1,26.2,1,61.8,70.0,0,2
S314,Variables,2,0,90.3,2,62.9,50.0,1,0
S314,OOP,0,1,23.5,1,61.1,75.0,0,1
S314,OOP,1,0,55.9,2,62.2,80.0,1,0
S314,Variables,0,1,15.6,2,60.5,44.4,0,1
S314,Variables,1,0,59.3,2,61.5,50.0,1,0
S315,Data Structures,1,1,17.7,1,60.0,60.0,0,2
S315,OOP,2,1,29.2,1,100.0,100.0,1,2
S315,Data Structures,2,0,51.3,2,100.0,100.0,2,1
S315,Functions,1,1,24.7,1,66.7,66.7,0,2
S315,Functions,1,1,25.3,1,75.0,100.0,1,2
S315,Data Structures,2,1,57.6,1,80.0,50.0,2,2
S315,Functions,2,1,45.8,1,83.3,100.0,3,1
S315,Variables,1,1,24.5,1,85.7,85.7,4,2
S315,Loops,1,1,24.4,1,87.5,87.5,5,2
S315,Functions,0,1,11.2,1,88.9,100.0,6,2
S315,Functions,2,1,31.8,1,90.0,100.0,7,2
S315,Loops,2,1,23.3,1,90.9,100.0,8,2
S315,Variables,2,1,47.2,1,91.7,100.0,9,2
S315,Data Structures,2,0,42.8,3,92.3,66.7,10,0
S315,Data Structures,0,1,9.6,2,85.7,50.0,0,1
S315,Loops,1,1,11.9,1,86.7,100.0,1,2
S315,OOP,2,0,52.6,2,87.5,100.0,2,1
S315,Variables,1,1,33.5,1,82.4,100.0,0,2
S315,Data Structures,2,1,40.4,1,83.3,60.0,1,2
S315,Data Structures,2,0,52.0,2,84.2,66.7,2,1
S315,OOP,1,1,13.0,1,80.0,50.0,0,2
S315,Data Structures,2,0,70.1,3,81.0,57.1,1,0
S315,Functions,1,1,23.3,1,77.3,100.0,0,2
S315,OOP,2,1,40.1,1,78.3,66.7,1,2
S315,OOP,2,0,53.3,2,79.2,75.0,2,0
S315,OOP,0,1,14.5,1,76.0,60.0,0,2
S315,Functions,1,1,24.1,1,76.9,100.0,1,2
S315,Functions,2,1,32.2,1,77.8,100.0,2,2
S315,Loops,0,1,6.5,1,78.6,100.0,3,2
S315,OOP,2,1,27.2,1,79.3,66.7,4,2
S315,Data Structures,0,1,15.7,1,80.0,50.0,5,2
S315,Variables,2,1,49.5,1,80.6,100.0,6,1
S315,Variables,1,1,43.2,1,81.2,100.0,7,2
S315,Functions,2,1,38.2,1,81.8,100.0,8,2
S315,Functions,2,1,44.1,2,82.4,100.0,9,2
S315,OOP,2,1,56.0,1,82.9,71.4,10,1
S315,Loops,1,1,24.5,1,83.3,100.0,11,2
S315,Data Structures,2,1,35.8,1,83.8,55.6,12,2
S315,Variables,2,0,57.6,2,84.2,100.0,13,1
S315,Variables,1,1,38.3,1,82.1,83.3,0,2
S316,Data Structures,1,0,69.1,3,60.0,60.0,0,0
S316,Variables,0,1,21.7,1,0.0,0.0,0,1
S316,Loops,0,0,32.9,3,50.0,50.0,1,0
S316,Data Structures,0,0,25.6,2,33.3,0.0,0,0
S316,Variables,0,1,23.4,1,25.0,100.0,0,2
S316,Functions,2,0,70.8,2,40.0,40.0,1,0
S316,OOP,0,0,29.0,2,33.3,33.3,0,0
S316,Variables,0,1,34.9,1,28.6,100.0,0,2
S316,Data Structures,2,0,79.1,2,37.5,0.0,1,0
S316,Variables,2,0,50.6,3,33.3,100.0,0,0
S316,Variables,1,0,42.1,2,30.0,75.0,0,0
S316,Data Structures,1,0,108.4,3,27.3,0.0,0,0
S316,Variables,0,1,21.5,1,25.0,60.0,0,1
S316,Variables,1,0,61.0,2,30.8,66.7,1,0
S316,Variables,1,1,25.9,1,28.6,57.1,0,2
S316,Functions,2,0,89.4,3,33.3,0.0,1,0
S316,Loops,0,0,28.4,2,31.2,0.0,0,0
S316,Loops,0,0,32.1,2,29.4,0.0,0,0
S316,Variables,0,1,32.6,1,27.8,62.5,0,1
S316,Data Structures,1,0,42.8,3,31.6,0.0,1,0
S316,OOP,0,0,33.8,3,30.0,0.0,0,0
S316,OOP,0,0,41.3,2,28.6,0.0,0,0
S316,Data Structures,0,0,38.8,2,27.3,0.0,0,0
S316,Functions,1,0,55.3,3,26.1,0.0,0,0
S316,Loops,0,0,21.4,3,25.0,0.0,0,0
S316,Variables,0,1,21.7,1,24.0,66.7,0,1
S316,OOP,2,0,121.9,1,26.9,0.0,1,0
S316,Variables,1,0,67.9,2,25.9,70.0,0,0
S316,Data Structures,0,1,32.2,1,25.0,0.0,0,1
S316,Loops,1,0,49.4,3,27.6,0.0,1,0
S316,OOP,0,0,46.1,2,26.7,0.0,0,0
S316,Variables,0,1,21.5,1,25.8,63.6,0,1
S316,Functions,1,0,31.1,2,28.1,0.0,1,0
S316,Data Structures,0,0,37.7,3,27.3,14.3,0,0
S316,Loops,0,0,37.3,3,26.5,0.0,0,0
S316,Data Structures,0,0,33.2,3,25.7,12.5,0,0
S316,OOP,0,1,23.9,1,25.0,0.0,0,1
S316,Functions,1,0,39.1,3,27.0,0.0,1,0
S316,Loops,1,0,64.7,3,26.3,0.0,0,0
S316,Variables,0,1,22.4,1,25.6,66.7,0,1
S317,Data Structures,1,1,19.9,1,60.0,60.0,0,1
S317,OOP,1,1,34.0,1,100.0,100.0,1,2
S317,Variables,2,0,56.9,2,100.0,100.0,2,1
S317,Variables,1,1,29.0,1,66.7,0.0,0,1
S317,Functions,1,0,42.7,3,75.0,75.0,1,0
S317,OOP,0,0,17.5,2,60.0,100.0,0,1
S317,Functions,1,0,60.8,2,50.0,0.0,0,0
S317,Functions,0,1,18.7,1,42.9,0.0,0,1
S317,Functions,1,1,26.8,1,50.0,33.3,1,1
S317,Loops,1,1,30.1,1,55.6,55.6,2,2
S317,Loops,2,0,80.0,3,60.0,100.0,3,0
S317,Functions,0,1,20.8,1,54.5,50.0,0,1
S317,OOP,1,1,35.2,1,58.3,50.0,1,2
S317,Data Structures,2,0,48.3,2,61.5,100.0,2,1
S317,Data Structures,1,1,40.8,1,57.1,50.0,0,2
S317,Loops,2,0,76.4,2,60.0,50.0,1,0
S317,Data Structures,0,1,14.0,1,56.2,66.7,0,2
S317,Loops,2,0,70.6,1,58.8,33.3,1,1
S317,Loops,1,1,20.0,1,55.6,25.0,0,1
S317,Functions,1,1,33.2,1,57.9,60.0,1,2
S317,Variables,0,1,12.5,2,60.0,50.0,2,1
S317,Variables,1,0,82.0,3,61.9,66.7,3,0
S317,Data Structures,0,1,14.5,1,59.1,75.0,0,1
S317,Variables,1,1,26.6,1,60.9,50.0,1,2
S317,Variables,2,0,96.3,3,62.5,60.0,2,0
S317,Variables,0,1,12.7,1,60.0,50.0,0,2
S317,Variables,2,0,49.2,3,61.5,57.1,1,0
S317,Variables,0,1,12.1,1,59.3,50.0,0,2
S317,Data Structures,2,1,53.6,1,60.7,80.0,1,2
S317,Loops,0,1,19.0,1,62.1,40.0,2,1
S317,Variables,1,0,59.3,2,63.3,55.6,3,0
S317,Variables,0,1,21.1,1,61.3,50.0,0,1
S317,Data Structures,1,1,25.5,1,62.5,83.3,1,2
S317,Loops,2,0,78.3,3,63.6,50.0,2,0
S317,Data Structures,0,1,16.8,1,61.8,85.7,0,1
S317,OOP,1,1,42.6,1,62.9,66.7,1,2
S317,Data Structures,2,0,53.2,2,63.9,87.5,2,1
S317,Variables,1,1,33.6,1,62.2,54.5,0,2
S317,OOP,2,0,98.4,3,63.2,75.0,1,0
S317,Functions,0,1,25.7,1,61.5,66.7,0,1
S318,Data Structures,1,1,18.1,3,60.0,60.0,0,2
S318,Functions,2,0,81.9,2,100.0,100.0,1,1
S318,Data Structures,1,1,30.0,1,50.0,100.0,0,2
S318,Variables,2,0,42.6,3,66.7,66.7,1,0
S318,Functions,0,1,14.4,1,50.0,0.0,0,1
S318,Loops,1,0,67.1,3,60.0,60.0,1,0
S318,Loops,0,1,24.8,1,50.0,0.0,0,1
S318,OOP,1,1,29.9,1,57.1,57.1,1,1
S318,Data Structures,1,1,30.0,1,62.5,100.0,2,2
S318,Variables,2,0,61.0,3,66.7,0.0,3,0
S318,OOP,0,1,13.0,1,60.0,100.0,0,2
S318,Variables,2,0,74.0,2,63.6,0.0,1,0
S318,Functions,0,1,12.3,1,58.3,50.0,0,2
S318,OOP,2,0,76.6,2,61.5,100.0,1,1
S318,Data Structures,1,1,17.6,1,57.1,100.0,0,2
S318,Functions,2,0,85.9,2,60.0,66.7,1,0
S318,Variables,0,1,32.4,1,56.2,0.0,0,1
S318,Functions,1,0,48.4,1,58.8,50.0,1,0
S318,Data Structures,0,1,20.0,1,55.6,100.0,0,2
S318,OOP,2,1,32.3,1,57.9,66.7,1,2
S318,OOP,1,1,22.7,1,60.0,75.0,2,2
S318,Data Structures,2,0,47.8,3,61.9,100.0,3,1
S318,Data Structures,1,1,15.8,1,59.1,83.3,0,2
S318,Loops,2,0,62.9,2,60.9,50.0,1,0
S318,Variables,1,1,24.5,1,58.3,25.0,0,1
S318,OOP,2,0,64.1,3,60.0,80.0,1,0
S318,Data Structures,1,1,16.4,3,57.7,85.7,0,2
S318,Functions,2,1,64.5,1,59.3,40.0,1,2
S318,Functions,2,0,61.1,2,60.7,50.0,2,0
S318,Loops,0,1,15.8,1,58.6,33.3,0,1
S318,OOP,1,0,20.5,3,60.0,66.7,1,0
S318,Functions,0,1,25.6,1,58.1,42.9,0,1
S318,Functions,1,0,69.8,3,59.4,50.0,1,0
S318,Functions,1,0,38.5,1,57.6,44.4,0,0
S318,Data Structures,1,0,33.1,3,55.9,87.5,0,0
S318,Variables,1,0,45.7,3,54.3,40.0,0,0
S318,Data Structures,0,1,16.7,1,52.8,77.8,0,2
S318,Loops,2,0,63.7,2,54.1,50.0,1,0
S318,Functions,0,1,11.0,1,52.6,40.0,0,1
S318,OOP,1,1,21.9,1,53.8,57.1,1,2
S319,Variables,1,1,33.0,3,60.0,60.0,0,1
S319,OOP,1,1,84.5,1,100.0,100.0,1,2
S319,Functions,2,1,40.6,1,100.0,100.0,2,2
S319,Variables,2,0,48.5,2,100.0,100.0,3,1
S319,Data Structures,1,1,20.1,1,75.0,75.0,0,2
S319,Loops,0,1,16.5,1,80.0,80.0,1,2
S319,OOP,2,0,84.2,2,83.3,100.0,2,1
S319,Functions,2,1,34.6,1,71.4,100.0,0,2
S319,Functions,2,1,34.0,1,75.0,100.0,1,2
S319,Variables,2,0,69.8,3,77.8,50.0,2,0
S319,Data Structures,0,1,11.1,1,70.0,100.0,0,2
S319,Functions,2,1,25.9,1,72.7,100.0,1,2
S319,Functions,2,1,45.3,2,75.0,100.0,2,2
S319,Data Structures,2,1,37.1,1,76.9,100.0,3,2
S319,Variables,2,0,53.8,2,78.6,33.3,4,0
S319,Loops,0,1,10.5,3,73.3,100.0,0,2
S319,Functions,2,1,50.5,1,75.0,100.0,1,2
S319,Loops,2,0,67.1,2,76.5,100.0,2,1
S319,Data Structures,2,1,31.8,1,72.2,100.0,0,2
S319,OOP,2,1,48.6,1,73.7,50.0,1,2
S319,Loops,2,0,40.1,2,75.0,66.7,2,0
S319,Variables,0,1,17.7,1,71.4,25.0,0,1
S319,Functions,1,1,21.6,1,72.7,100.0,1,2
S319,Data Structures,2,1,36.7,3,73.9,100.0,2,2
S319,Variables,2,0,95.5,1,75.0,40.0,3,0
S319,Functions,0,1,18.0,1,72.0,100.0,0,2
S319,Loops,2,0,72.4,2,73.1,50.0,1,0
S319,Data Structures,0,1,5.4,1,70.4,100.0,0,2
S319,Variables,2,0,118.3,2,71.4,33.3,1,0
S319,Data Structures,1,1,22.8,1,69.0,100.0,0,2
S319,OOP,2,1,36.7,1,70.0,66.7,1,2
S319,Functions,2,1,58.6,1,71.0,100.0,2,2
S319,Data Structures,2,1,49.2,1,71.9,100.0,3,2
S319,OOP,2,1,31.0,1,72.7,75.0,4,2
S319,Variables,2,1,42.2,1,73.5,28.6,5,2
S319,Functions,0,1,14.7,1,74.3,100.0,6,2
S319,Functions,2,0,52.3,2,75.0,100.0,7,1
S319,Loops,1,1,38.8,1,73.0,40.0,0,1
S319,Functions,1,1,47.2,1,73.7,90.9,1,2
S319,Loops,2,1,65.7,1,74.4,50.0,2,2
S320,Functions,1,0,50.2,2,60.0,60.0,0,0
S320,Loops,0,1,22.9,1,0.0,0.0,0,1
S320,Variables,1,0,62.6,1,50.0,50.0,1,0
S320,Loops,1,0,50.8,2,33.3,100.0,0,0
S320,Functions,0,0,55.4,2,25.0,0.0,0,0
S320,Data Structures,2,0,75.7,3,20.0,20.0,0,0
S320,Loops,0,0,27.7,2,16.7,50.0,0,0
S320,Functions,0,0,14.4,2,14.3,0.0,0,0
S320,Data Structures,0,0,28.9,2,12.5,0.0,0,0
S320,Data Structures,0,1,21.7,1,11.1,0.0,0,1
S320,Data Structures,2,0,99.7,3,20.0,33.3,1,0
S320,OOP,2,0,152.9,2,18.2,18.2,0,0
S320,Loops,0,0,40.0,3,16.7,33.3,0,0
S320,Variables,0,0,44.3,2,15.4,0.0,0,0
S320,Data Structures,0,1,45.2,1,14.3,25.0,0,1
S320,Loops,1,0,64.5,3,20.0,25.0,1,0
S320,Data Structures,2,0,89.1,3,18.8,40.0,0,0
S320,Loops,0,0,43.6,2,17.6,20.0,0,0
S320,Loops,0,1,22.2,1,16.7,16.7,0,1
S320,Data Structures,1,0,74.2,3,21.1,33.3,1,0
S320,Functions,0,0,35.2,2,20.0,0.0,0,0
S320,OOP,0,0,30.6,2,19.0,0.0,0,0
S320,OOP,0,0,40.1,3,18.2,0.0,0,0
S320,OOP,1,0,59.3,2,17.4,0.0,0,0
S320,OOP,0,1,36.9,1,16.7,0.0,0,0
S320,Data Structures,0,1,27.3,1,20.0,28.6,1,1
S320,Loops,1,0,69.3,2,23.1,28.6,2,0
S320,Loops,0,0,45.1,2,22.2,25.0,0,0
S320,Functions,2,0,120.2,3,21.4,0.0,0,0
S320,OOP,0,1,17.2,1,20.7,20.0,0,1
S320,OOP,1,0,73.0,2,23.3,33.3,1,0
S320,Functions,0,1,26.8,1,22.6,0.0,0,1
S320,OOP,1,0,44.7,3,25.0,28.6,1,0
S320,Data Structures,1,0,62.2,3,24.2,37.5,0,0
S320,Functions,0,0,49.7,3,23.5,16.7,0,0
S320,Data Structures,0,0,21.9,1,22.9,33.3,0,0
S320,Functions,0,0,56.8,3,22.2,14.3,0,0
S320,Loops,0,0,35.4,2,21.6,22.2,0,0
S320,Functions,0,0,49.8,3,21.1,12.5,0,0
S320,Functions,0,1,33.2,1,20.5,11.1,0,1
S321,Functions,1,0,48.4,2,60.0,60.0,0,0
S321,OOP,0,1,31.9,1,0.0,0.0,0,1
S321,Data Structures,1,1,37.1,1,50.0,50.0,1,2
S321,OOP,2,0,105.2,2,66.7,100.0,2,0
S321,Variables,0,1,16.4,3,50.0,50.0,0,1
S321,Data Structures,0,1,19.6,1,60.0,100.0,1,2
S321,Loops,1,0,35.5,1,66.7,66.7,2,1
S321,OOP,1,1,33.1,1,57.1,50.0,0,2
S321,Loops,2,0,88.5,3,62.5,0.0,1,0
S321,Loops,0,1,20.4,1,55.6,0.0,0,1
S321,Data Structures,1,1,24.1,1,60.0,100.0,1,2
S321,OOP,2,0,81.9,3,63.6,66.7,2,0
S321,OOP,0,1,23.7,1,58.3,50.0,0,1
S321,OOP,1,0,39.4,2,61.5,60.0,1,0
S321,OOP,0,1,29.0,1,57.1,50.0,0,1
S321,Functions,1,1,26.0,1,60.0,0.0,1,1
S321,Variables,1,0,43.4,2,62.5,100.0,2,1
S321,Data Structures,0,1,12.6,1,58.8,100.0,0,2
S321,Functions,2,0,92.8,2,61.1,50.0,1,0
S321,Functions,0,1,20.6,1,57.9,33.3,0,1
S321,OOP,1,0,41.8,3,60.0,57.1,1,0
S321,OOP,0,0,25.6,3,57.1,50.0,0,0
S321,Data Structures,0,1,29.7,1,54.5,100.0,0,2
S321,Data Structures,1,1,34.4,1,56.5,100.0,1,2
S321,Loops,0,1,13.4,1,58.3,33.3,2,1
S321,Data Structures,1,1,33.0,1,60.0,100.0,3,2
S321,Loops,2,0,69.5,3,61.5,50.0,4,0
S321,Variables,0,1,21.9,1,59.3,50.0,0,1
S321,Functions,1,1,44.0,1,60.7,50.0,1,2
S321,Data Structures,2,0,85.7,2,62.1,100.0,2,1
S321,Loops,1,1,29.4,1,60.0,40.0,0,2
S321,Functions,2,0,78.7,3,61.3,60.0,1,0
S321,Loops,0,1,13.6,1,59.4,50.0,0,2
S321,OOP,2,0,38.0,3,60.6,44.4,1,0
S321,Functions,0,1,34.8,1,58.8,50.0,0,1
S321,Functions,1,0,60.9,2,60.0,57.1,1,0
S321,OOP,0,1,21.2,1,58.3,40.0,0,1
S321,Loops,1,0,72.9,3,59.5,57.1,1,0
S321,Functions,0,1,21.2,1,57.9,50.0,0,1
S321,OOP,2,0,113.2,3,59.0,45.5,1,0
S322,Variables,1,1,20.7,1,60.0,60.0,0,2
S322,Data Structures,2,0,53.6,3,100.0,100.0,1,1
S322,Data Structures,1,0,57.5,2,50.0,0.0,0,0
S322,Variables,0,1,27.5,1,33.3,100.0,0,2
S322,Functions,2,0,57.2,3,50.0,50.0,1,0
S322,Loops,0,1,10.5,1,40.0,40.0,0,1
S322,Loops,1,1,31.4,1,50.0,100.0,1,2
S322,Data Structures,2,0,63.8,2,57.1,0.0,2,0
S322,OOP,0,1,10.3,1,50.0,50.0,0,2
S322,Loops,2,0,48.2,3,55.6,100.0,1,1
S322,Data Structures,1,1,44.2,1,50.0,0.0,0,1
S322,Data Structures,1,0,47.2,3,54.5,25.0,1,0
S322,Loops,0,1,16.2,3,50.0,66.7,0,1
S322,OOP,1,1,27.8,1,53.8,100.0,1,2
S322,Functions,2,1,44.8,1,57.1,0.0,2,1
S322,Data Structures,1,1,30.7,1,60.0,20.0,3,1
S322,Loops,0,1,8.5,1,62.5,75.0,4,2
S322,Variables,2,0,87.7,3,64.7,100.0,5,0
S322,Loops,0,1,9.4,2,61.1,80.0,0,2
S322,Loops,2,0,63.4,3,63.2,83.3,1,0
S322,Loops,0,1,12.7,1,60.0,71.4,0,2
S322,Loops,1,1,22.2,1,61.9,75.0,1,2
S322,Data Structures,2,0,76.4,3,63.6,33.3,2,0
S322,Data Structures,0,1,9.8,1,60.9,28.6,0,1
S322,Variables,1,1,50.3,1,62.5,66.7,1,2
S322,Loops,2,1,49.6,1,64.0,77.8,2,2
S322,OOP,2,1,25.2,1,65.4,100.0,3,2
S322,OOP,2,0,55.2,3,66.7,100.0,4,1
S322,OOP,0,1,14.9,1,64.3,75.0,0,2
S322,Variables,2,0,51.8,3,65.5,75.0,1,0
S322,Functions,0,1,13.2,1,63.3,50.0,0,2
S322,Data Structures,2,0,56.3,3,64.5,37.5,1,0
S322,Variables,0,1,26.9,1,62.5,60.0,0,2
S322,Data Structures,2,0,72.3,2,63.6,33.3,1,0
S322,Functions,0,1,19.7,1,61.8,66.7,0,2
S322,Data Structures,2,0,96.4,1,62.9,30.0,1,0
S322,Functions,0,1,24.2,1,61.1,75.0,0,2
S322,Loops,0,1,12.5,1,62.2,80.0,1,2
S322,OOP,1,1,32.5,1,63.2,80.0,2,2
S322,Variables,2,0,109.4,2,64.1,66.7,3,0
S323,Data Structures,1,0,33.4,2,60.0,60.0,0,0
S323,Data Structures,0,1,21.5,1,0.0,0.0,0,1
S323,Functions,1,1,31.2,1,50.0,50.0,1,2
S323,Data Structures,2,0,50.4,2,66.7,50.0,2,0
S323,Data Structures,1,0,32.5,3,50.0,33.3,0,0
S323,Variables,1,0,50.9,2,40.0,40.0,0,0
S323,Variables,0,0,51.8,2,33.3,0.0,0,0
S323,OOP,0,1,12.8,1,28.6,28.6,0,1
S323,OOP,1,0,60.4,3,37.5,100.0,1,0
S323,Functions,0,1,19.8,1,33.3,100.0,0,2
S323,Data Structures,0,1,23.2,1,40.0,25.0,1,1
S323,Variables,1,0,71.7,1,45.5,0.0,2,0
S323,Functions,0,1,21.1,2,41.7,100.0,0,2
S323,Data Structures,2,0,74.7,3,46.2,40.0,1,1
S323,OOP,1,0,50.2,2,42.9,50.0,0,0
S323,Variables,0,0,26.5,3,40.0,0.0,0,0
S323,Variables,0,0,37.1,2,37.5,0.0,0,0
S323,Variables,0,0,39.2,2,35.3,0.0,0,0
S323,Loops,0,1,26.5,1,33.3,33.3,0,1
S323,Loops,1,0,54.0,2,36.8,100.0,1,0
S323,OOP,0,1,23.5,1,35.0,33.3,0,1
S323,Functions,1,0,35.2,3,38.1,100.0,1,0
S323,OOP,0,0,36.8,2,36.4,50.0,0,0
S323,Data Structures,0,0,21.6,3,34.8,33.3,0,0
S323,Variables,0,0,34.6,3,33.3,0.0,0,0
S323,Variables,0,0,62.0,3,32.0,0.0,0,0
S323,Variables,0,0,24.7,3,30.8,0.0,0,0
S323,Data Structures,0,0,36.4,3,29.6,28.6,0,0
S323,OOP,0,0,30.3,2,28.6,40.0,0,0
S323,Data Structures,0,0,32.0,2,27.6,25.0,0,0
S323,Data Structures,0,1,23.7,3,26.7,22.2,0,1
S323,Variables,1,0,70.1,1,29.0,0.0,1,0
S323,Functions,0,0,20.4,2,28.1,75.0,0,0
S323,Functions,0,0,17.1,3,27.3,60.0,0,0
S323,Data Structures,2,0,137.0,2,26.5,30.0,0,1
S323,Variables,1,0,57.2,2,25.7,0.0,0,0
S323,Functions,0,1,21.5,2,25.0,50.0,0,1
S323,Loops,1,0,51.6,3,27.0,50.0,1,0
S323,OOP,0,0,21.1,2,26.3,33.3,0,1
S323,Variables,1,0,60.6,2,25.6,0.0,0,0
S324,Loops,1,1,27.2,1,60.0,60.0,0,2
S324,Functions,2,0,74.2,3,100.0,100.0,1,1
S324,OOP,1,1,31.2,1,50.0,50.0,0,2
S324,OOP,2,0,86.1,2,66.7,100.0,1,1
S324,Variables,1,1,28.9,1,50.0,50.0,0,2
S324,Variables,2,0,65.7,3,60.0,100.0,1,1
S324,Loops,1,1,30.5,1,50.0,100.0,0,2
S324,OOP,2,0,39.1,2,57.1,50.0,1,0
S324,Loops,0,1,12.2,3,50.0,100.0,0,2
S324,Variables,2,0,51.9,2,55.6,50.0,1,0
S324,Data Structures,2,1,50.3,1,50.0,50.0,0,2
S324,Data Structures,2,1,50.4,3,54.5,100.0,1,2
S324,OOP,2,0,103.1,3,58.3,33.3,2,0
S324,Variables,0,1,17.2,1,53.8,33.3,0,1
S324,Loops,1,1,35.2,1,57.1,100.0,1,2
S324,Data Structures,2,0,67.8,2,60.0,100.0,2,1
S324,Functions,1,0,76.5,3,56.2,0.0,0,0
S324,OOP,2,0,37.1,3,52.9,25.0,0,0
S324,Functions,0,1,11.9,1,50.0,0.0,0,1
S324,Data Structures,2,1,43.9,1,52.6,66.7,1,2
S324,OOP,0,0,43.5,2,55.0,20.0,2,0
S324,Loops,0,1,11.2,1,52.4,100.0,0,2
S324,Data Structures,2,1,27.0,2,54.5,75.0,1,2
S324,Functions,2,1,30.8,1,56.5,33.3,2,2
S324,Functions,2,0,50.6,2,58.3,50.0,3,0
S324,Loops,0,1,11.2,1,56.0,100.0,0,2
S324,Loops,2,0,124.3,2,57.7,100.0,1,0
S324,Loops,0,1,15.3,1,55.6,85.7,0,2
S324,Variables,2,1,44.1,1,57.1,50.0,1,2
S324,Functions,2,0,67.9,2,58.6,40.0,2,0
S324,Data Structures,0,1,9.8,1,56.7,80.0,0,2
S324,Loops,2,1,51.7,1,58.1,87.5,1,2
S324,Functions,2,0,22.7,2,59.4,33.3,2,0
S324,Data Structures,2,1,35.9,1,57.6,83.3,0,2
S324,Functions,1,1,19.7,1,58.8,28.6,1,2
S324,Functions,2,0,63.6,2,60.0,37.5,2,0
S324,Variables,0,1,17.6,1,58.3,60.0,0,2
S324,OOP,2,1,37.4,1,59.5,16.7,1,1
S324,Loops,1,1,43.6,1,60.5,88.9,2,2
S324,Functions,2,0,65.5,3,61.5,33.3,3,0
S325,Loops,1,1,28.1,1,60.0,60.0,0,2
S325,Functions,2,0,45.7,2,100.0,100.0,1,1
S325,Variables,1,1,33.1,2,50.0,50.0,0,1
S325,Functions,1,1,29.2,1,66.7,0.0,1,1
S325,Variables,1,0,37.7,2,75.0,100.0,2,1
S325,Variables,2,0,76.2,3,60.0,50.0,0,0
S325,Variables,0,1,20.2,1,50.0,33.3,0,1
S325,Loops,1,0,38.5,2,57.1,100.0,1,1
S325,OOP,2,0,73.3,3,50.0,50.0,0,0
S325,OOP,2,0,78.4,2,44.4,0.0,0,0
S325,Loops,0,1,16.1,1,40.0,50.0,0,1
S325,Functions,1,0,28.1,1,45.5,50.0,1,0
S325,OOP,0,1,27.0,1,41.7,0.0,0,1
S325,Variables,1,0,109.4,2,46.2,50.0,1,0
S325,Functions,2,0,80.6,3,42.9,33.3,0,0
S325,OOP,0,0,36.3,2,40.0,33.3,0,0
S325,OOP,0,1,24.6,1,37.5,25.0,0,1
S325,OOP,0,1,28.5,1,41.2,40.0,1,1
S325,OOP,2,0,40.2,3,44.4,50.0,2,0
S325,Data Structures,0,1,18.5,1,42.1,42.1,0,1
S325,Variables,1,0,29.1,3,45.0,40.0,1,0
S325,OOP,0,1,26.8,1,42.9,42.9,0,1
S325,Loops,1,0,44.1,2,45.5,66.7,1,0
S325,OOP,0,1,16.3,1,43.5,50.0,0,1
S325,Functions,1,1,47.9,1,45.8,25.0,1,1
S325,Functions,1,0,42.9,1,48.0,40.0,2,0
S325,Functions,2,0,48.5,2,46.2,33.3,0,0
S325,Functions,0,1,25.6,1,44.4,28.6,0,1
S325,Loops,2,0,53.9,3,46.4,50.0,1,0
S325,Variables,0,0,32.0,3,44.8,33.3,0,0
S325,Functions,2,0,43.8,2,43.3,37.5,0,0
S325,Data Structures,0,0,40.4,2,41.9,100.0,0,0
S325,Functions,0,1,23.0,1,40.6,33.3,0,0
S325,OOP,0,1,10.4,1,42.4,55.6,1,2
S325,Loops,2,0,67.9,2,44.1,40.0,2,0
S325,Functions,0,1,10.3,1,42.9,40.0,0,1
S325,OOP,1,0,48.3,3,44.4,60.0,1,0
S325,Functions,0,1,17.4,1,43.2,45.5,0,1
S325,Data Structures,1,0,53.3,3,44.7,50.0,1,0
S325,Variables,0,1,14.1,1,43.6,28.6,0,1
S326,Functions,1,1,34.7,1,60.0,60.0,0,2
S326,OOP,2,0,47.8,3,100.0,100.0,1,1
S326,Functions,1,1,35.5,1,50.0,100.0,0,2
S326,Data Structures,2,0,89.4,3,66.7,66.7,1,0
S326,Functions,0,1,34.3,1,50.0,100.0,0,2
S326,Functions,2,0,70.1,2,60.0,100.0,1,1
S326,Data Structures,1,0,41.4,2,50.0,0.0,0,0
S326,Functions,2,0,52.8,2,42.9,75.0,0,0
S326,OOP,0,1,10.1,1,37.5,0.0,0,1
S326,OOP,1,1,31.0,1,44.4,50.0,1,2
S326,OOP,2,1,41.6,1,50.0,66.7,2,2
S326,Variables,2,0,67.2,2,54.5,54.5,3,0
S326,Loops,0,1,13.6,1,50.0,50.0,0,2
S326,OOP,2,0,67.5,3,53.8,75.0,1,0
S326,Data Structures,2,0,67.1,3,50.0,0.0,0,0
S326,OOP,0,1,18.6,1,46.7,60.0,0,2
S326,Variables,0,1,14.0,1,50.0,0.0,1,1
S326,Data Structures,1,0,38.2,3,52.9,0.0,2,0
S326,OOP,0,1,19.3,1,50.0,66.7,0,2
S326,Data Structures,2,0,88.3,3,52.6,0.0,1,0
S326,Data Structures,1,0,40.2,3,50.0,0.0,0,0
S326,Functions,0,1,22.8,1,47.6,60.0,0,1
S326,Functions,1,1,16.8,1,50.0,66.7,1,2
S326,Functions,2,0,63.0,3,52.2,71.4,2,0
S326,Loops,0,1,19.3,1,50.0,100.0,0,2
S326,Functions,2,0,82.3,3,52.0,62.5,1,1
S326,OOP,1,1,19.9,2,50.0,71.4,0,2
S326,Variables,2,0,57.0,3,51.9,50.0,1,0
S326,Data Structures,1,1,33.9,1,50.0,0.0,0,1
S326,Variables,1,0,38.3,3,51.7,33.3,1,0
S326,Loops,0,1,25.0,1,50.0,100.0,0,2
S326,Variables,2,0,64.3,2,51.6,25.0,1,0
S326,OOP,0,1,19.0,1,50.0,75.0,0,2
S326,Variables,2,0,64.9,2,51.5,20.0,1,0
S326,OOP,0,1,14.3,1,50.0,77.8,0,2
S326,Functions,2,0,65.9,3,51.4,55.6,1,0
S326,Data Structures,0,1,16.5,1,50.0,14.3,0,1
S326,Data Structures,0,1,16.4,1,51.4,25.0,1,1
S326,Variables,1,0,61.0,2,52.6,16.7,2,0
S326,OOP,1,1,25.2,1,51.3,80.0,0,2
S327,Data Structures,1,0,37.3,3,60.0,60.0,0,1
S327,Variables,1,0,44.5,2,0.0,0.0,0,0
S327,Variables,0,1,30.0,1,0.0,0.0,0,1
S327,Variables,1,1,24.1,2,33.3,50.0,1,1
S327,Functions,1,1,18.4,1,50.0,50.0,2,2
S327,Loops,0,1,21.2,2,60.0,60.0,3,1
S327,Variables,1,0,68.8,1,66.7,66.7,4,0
S327,OOP,0,1,18.6,1,57.1,57.1,0,2
S327,Loops,2,0,43.4,3,62.5,100.0,1,1
S327,OOP,1,1,22.4,1,55.6,100.0,0,2
S327,Functions,2,1,26.5,1,60.0,100.0,1,2
S327,OOP,1,1,31.9,1,63.6,100.0,2,2
S327,Variables,0,1,28.1,1,66.7,50.0,3,1
S327,Functions,2,0,83.7,3,69.2,100.0,4,0
S327,Data Structures,0,1,10.4,1,64.3,0.0,0,1
S327,Loops,1,1,19.0,1,66.7,50.0,1,2
S327,Data Structures,2,0,40.6,2,68.8,50.0,2,0
S327,Data Structures,0,1,21.3,1,64.7,33.3,0,2
S327,Functions,2,1,70.9,1,66.7,66.7,1,2
S327,Variables,2,0,91.9,3,68.4,60.0,2,0
S327,OOP,0,1,12.9,1,65.0,100.0,0,2
S327,Functions,2,0,63.0,3,66.7,75.0,1,0
S327,Functions,0,1,15.3,1,63.6,60.0,0,2
S327,OOP,2,1,45.8,1,65.2,100.0,1,2
S327,Loops,0,1,16.9,1,66.7,66.7,2,2
S327,OOP,2,0,80.5,2,68.0,100.0,3,1
S327,Loops,1,1,25.6,2,65.4,75.0,0,2
S327,Data Structures,2,0,55.3,3,66.7,50.0,1,0
S327,Loops,0,1,14.5,1,64.3,80.0,0,2
S327,Loops,2,0,57.8,1,65.5,83.3,1,1
S327,OOP,1,1,25.5,1,63.3,83.3,0,2
S327,OOP,1,1,33.5,1,64.5,85.7,1,2
S327,Functions,1,1,41.6,1,65.6,66.7,2,2
S327,Functions,2,0,42.3,2,66.7,71.4,3,0
S327,OOP,0,1,12.3,1,64.7,87.5,0,2
S327,Loops,2,0,89.8,3,65.7,71.4,1,0
S327,Variables,0,1,29.9,1,63.9,50.0,0,1
S327,Functions,2,0,58.6,3,64.9,62.5,1,0
S327,OOP,0,1,11.3,1,63.2,88.9,0,2
S327,Variables,2,0,59.4,2,64.1,57.1,1,0
S328,OOP,1,0,39.3,3,60.0,60.0,0,0
S328,Data Structures,0,1,14.2,1,0.0,0.0,0,1
S328,Variables,2,1,90.0,1,50.0,50.0,1,2
S328,Functions,2,0,54.5,2,66.7,66.7,2,0
S328,Loops,0,1,11.0,1,50.0,50.0,0,1
S328,OOP,1,0,81.8,3,60.0,0.0,1,0
S328,Data Structures,0,1,25.0,1,50.0,100.0,0,2
S328,Loops,2,0,90.4,1,57.1,100.0,1,1
S328,Functions,1,0,92.9,2,50.0,0.0,0,0
S328,Loops,0,0,50.0,3,44.4,50.0,0,0
S328,Loops,2,0,46.6,2,40.0,33.3,0,0
S328,Data Structures,0,0,33.0,3,36.4,100.0,0,0
S328,Loops,1,1,56.3,1,33.3,25.0,0,1
S328,Functions,1,0,56.4,2,38.5,0.0,1,0
S328,OOP,0,1,17.2,1,35.7,0.0,0,1
S328,Variables,1,1,20.6,1,40.0,100.0,1,2
S328,Variables,2,0,67.9,3,43.8,100.0,2,0
S328,OOP,2,0,144.2,3,41.2,33.3,0,0
S328,Loops,0,1,27.8,1,38.9,40.0,0,1
S328,Loops,1,0,56.5,2,42.1,50.0,1,0
S328,Functions,0,1,21.4,1,40.0,0.0,0,1
S328,Variables,1,0,24.1,3,42.9,66.7,1,0
S328,Functions,0,1,24.9,1,40.9,25.0,0,1
S328,Variables,1,0,40.6,3,43.5,50.0,1,0
S328,Variables,2,0,60.8,3,41.7,40.0,0,0
S328,Variables,0,1,14.6,1,40.0,33.3,0,1
S328,OOP,2,0,80.2,2,42.3,25.0,1,0
S328,OOP,1,0,32.5,2,40.7,20.0,0,0
S328,Loops,0,1,17.5,1,39.3,42.9,0,1
S328,OOP,1,0,35.2,2,41.4,16.7,1,0
S328,Functions,0,0,21.9,3,40.0,40.0,0,0
S328,Loops,0,1,20.4,1,38.7,50.0,0,1
S328,Loops,1,1,46.2,1,40.6,55.6,1,1
S328,Functions,1,1,35.3,1,42.4,33.3,2,1
S328,Loops,1,0,49.1,2,44.1,60.0,3,0
S328,Loops,0,1,31.3,1,42.9,54.5,0,1
S328,OOP,1,0,84.1,3,44.4,14.3,1,0
S328,Loops,1,0,48.8,3,43.2,58.3,0,0
S328,Data Structures,0,1,19.6,1,42.1,66.7,0,2
S328,Functions,2,0,103.6,2,43.6,42.9,1,0
S329,Data Structures,1,0,53.1,2,60.0,60.0,0,0
S329,Functions,0,1,14.6,1,0.0,0.0,0,1
S329,Data Structures,1,1,28.1,1,50.0,0.0,1,1
S329,Data Structures,1,0,26.0,2,66.7,50.0,2,0
S329,Data Structures,0,1,14.1,3,50.0,33.3,0,1
S329,Variables,1,1,31.9,1,60.0,60.0,1,2
S329,Functions,2,1,37.2,1,66.7,100.0,2,2
S329,Functions,2,0,32.2,3,71.4,100.0,3,1
S329,Loops,1,1,15.9,1,62.5,62.5,0,2
S329,Data Structures,2,0,67.0,2,66.7,50.0,1,0
S329,Loops,0,1,6.2,1,60.0,100.0,0,2
S329,OOP,2,1,23.9,1,63.6,63.6,1,2
S329,Functions,2,1,26.7,1,66.7,66.7,2,2
S329,OOP,2,1,29.1,1,69.2,100.0,3,2
S329,Loops,2,1,30.1,1,71.4,100.0,4,2
S329,OOP,2,1,29.6,1,73.3,100.0,5,2
S329,OOP,2,0,31.4,3,75.0,100.0,6,1
S329,Variables,1,0,27.3,1,70.6,100.0,0,1
S329,Variables,1,1,35.7,1,66.7,50.0,0,2
S329,OOP,2,1,26.1,1,68.4,75.0,1,2
S329,OOP,2,1,21.7,1,70.0,80.0,2,2
S329,Data Structures,1,0,46.3,2,71.4,40.0,3,0
S329,Loops,0,1,8.7,1,68.2,100.0,0,2
S329,Data Structures,2,0,58.8,1,69.6,33.3,1,0
S329,Functions,0,1,12.1,1,66.7,75.0,0,2
S329,OOP,2,1,25.1,1,68.0,83.3,1,2
S329,Variables,2,1,25.5,2,69.2,66.7,2,2
S329,Data Structures,2,1,60.3,1,70.4,28.6,3,2
S329,OOP,2,1,35.9,1,71.4,85.7,4,2
S329,Functions,2,0,48.7,2,72.4,80.0,5,1
S329,Functions,1,0,42.6,2,70.0,66.7,0,0
S329,Loops,0,1,9.0,1,67.7,100.0,0,2
S329,Loops,2,1,24.7,1,68.8,100.0,1,2
S329,Functions,2,0,87.0,3,69.7,57.1,2,0
S329,Loops,0,1,10.6,1,67.6,100.0,0,2
S329,Functions,0,1,9.3,1,68.6,50.0,1,2
S329,OOP,2,1,33.1,1,69.4,87.5,2,2
S329,OOP,2,1,43.6,1,70.3,88.9,3,2
S329,OOP,2,1,31.0,1,71.1,90.0,4,2
S329,Variables,2,0,37.5,3,71.8,75.0,5,0
S330,OOP,1,0,94.0,2,60.0,60.0,0,0
S330,OOP,0,0,24.2,3,0.0,0.0,0,0
S330,Loops,0,0,52.9,3,0.0,0.0,0,0
S330,Loops,0,0,18.9,2,0.0,0.0,0,0
S330,Loops,0,1,13.6,1,0.0,0.0,0,1
S330,Loops,1,0,86.5,2,20.0,33.3,1,0
S330,Variables,1,0,63.3,3,16.7,16.7,0,0
S330,Functions,0,0,56.7,3,14.3,14.3,0,0
S330,Variables,0,0,24.2,3,12.5,0.0,0,0
S330,Data Structures,0,0,40.7,3,11.1,11.1,0,0
S330,Data Structures,2,0,130.4,2,10.0,0.0,0,0
S330,Data Structures,0,0,18.4,1,9.1,0.0,0,0
S330,Loops,2,0,153.7,2,8.3,25.0,0,0
S330,Variables,0,0,55.3,3,7.7,0.0,0,0
S330,Functions,0,1,34.6,1,7.1,0.0,0,1
S330,Variables,1,0,50.4,3,13.3,0.0,1,0
S330,Variables,0,0,66.4,2,12.5,0.0,0,0
S330,Variables,0,0,37.6,3,11.8,0.0,0,0
S330,OOP,0,0,51.7,2,11.1,0.0,0,0
S330,Functions,1,0,97.1,2,10.5,50.0,0,0
S330,OOP,0,0,45.2,3,10.0,0.0,0,0
S330,Data Structures,0,0,42.2,2,9.5,0.0,0,0
S330,OOP,0,0,29.4,2,9.1,0.0,0,0
S330,Variables,0,1,36.4,2,8.7,0.0,0,0
S330,Data Structures,0,0,42.6,2,12.5,0.0,1,0
S330,Data Structures,0,0,35.8,3,12.0,0.0,0,0
S330,Data Structures,0,0,52.2,3,11.5,0.0,0,0
S330,Functions,0,0,27.1,2,11.1,33.3,0,0
S330,Data Structures,0,0,48.2,2,10.7,0.0,0,0
S330,Data Structures,0,0,71.8,3,10.3,0.0,0,0
S330,Functions,2,0,61.4,3,10.0,25.0,0,0
S330,Variables,2,0,180.0,3,9.7,14.3,0,0
S330,Data Structures,0,0,30.3,3,9.4,0.0,0,0
S330,OOP,0,0,38.4,2,9.1,0.0,0,0
S330,Variables,1,0,27.7,2,8.8,12.5,0,0
S330,Loops,0,1,22.1,1,8.6,20.0,0,0
S330,Loops,2,0,70.4,3,11.1,33.3,1,0
S330,Variables,0,0,28.0,3,10.8,11.1,0,0
S330,OOP,0,0,42.5,2,10.5,0.0,0,0
S330,Functions,0,1,35.3,1,10.3,20.0,0,1
S331,Loops,1,1,40.5,1,60.0,60.0,0,2
S331,Data Structures,2,0,44.0,2,100.0,100.0,1,1
S331,OOP,1,1,15.2,1,50.0,50.0,0,2
S331,Data Structures,0,1,16.7,1,66.7,0.0,1,1
S331,Data Structures,1,1,32.7,1,75.0,50.0,2,2
S331,Loops,2,1,63.3,1,80.0,100.0,3,2
S331,Loops,2,0,69.8,2,83.3,100.0,4,1
S331,OOP,0,1,5.9,1,71.4,100.0,0,2
S331,Data Structures,2,0,41.1,3,75.0,66.7,1,0
S331,Data Structures,0,1,10.3,1,66.7,50.0,0,2
S331,Data Structures,2,1,29.4,1,70.0,60.0,1,2
S331,Variables,2,0,43.7,2,72.7,72.7,2,0
S331,Data Structures,0,1,16.6,1,66.7,66.7,0,2
S331,Loops,2,1,60.3,1,69.2,66.7,1,2
S331,Functions,2,0,67.6,2,71.4,71.4,2,0
S331,Functions,0,1,20.1,1,66.7,0.0,0,1
S331,Variables,1,1,23.7,1,68.8,0.0,1,1
S331,OOP,1,1,19.0,1,70.6,100.0,2,2
S331,OOP,0,1,9.4,1,72.2,100.0,3,1
S331,Loops,0,1,23.4,1,73.7,75.0,4,2
S331,Functions,2,0,54.2,3,75.0,50.0,5,1
S331,Data Structures,2,1,46.6,1,71.4,71.4,0,2
S331,Variables,2,1,36.2,1,72.7,50.0,1,2
S331,Loops,2,1,34.2,1,73.9,80.0,2,2
S331,Loops,1,1,30.1,1,75.0,83.3,3,2
S331,Variables,2,0,59.7,3,76.0,66.7,4,0
S331,Functions,0,1,18.0,1,73.1,33.3,0,1
S331,Loops,1,1,34.9,1,74.1,85.7,1,2
S331,Data Structures,2,0,45.0,2,75.0,75.0,2,1
S331,Functions,0,1,17.4,1,72.4,50.0,0,2
S331,Data Structures,2,0,50.0,1,73.3,66.7,1,1
S331,Data Structures,1,1,30.5,1,71.0,60.0,0,2
S331,Variables,2,1,22.2,1,71.9,50.0,1,2
S331,Data Structures,2,1,33.9,1,72.7,63.6,2,2
S331,Variables,2,1,22.9,1,73.5,60.0,3,2
S331,Variables,0,1,14.4,1,74.3,66.7,4,2
S331,Data Structures,2,1,30.5,1,75.0,66.7,5,2
S331,Functions,2,0,49.9,3,75.7,60.0,6,0
S331,Data Structures,0,1,15.0,1,73.7,69.2,0,2
S331,OOP,2,1,42.9,2,74.4,100.0,1,2
S332,Loops,1,0,35.7,3,60.0,60.0,0,0
S332,Functions,0,1,16.2,1,0.0,0.0,0,1
S332,Variables,1,1,66.7,1,50.0,50.0,1,1
S332,Variables,1,0,50.6,3,66.7,100.0,2,0
S332,Data Structures,0,1,13.5,1,50.0,50.0,0,2
S332,Data Structures,1,0,61.2,3,60.0,100.0,1,0
S332,Variables,0,0,56.8,2,50.0,50.0,0,0
S332,Variables,0,1,15.7,1,42.9,33.3,0,1
S332,Data Structures,2,0,95.0,2,50.0,50.0,1,0
S332,Loops,1,1,48.8,1,44.4,0.0,0,1
S332,Functions,1,0,67.7,2,50.0,100.0,1,0
S332,Variables,0,1,24.7,1,45.5,50.0,0,1
S332,Functions,1,0,81.7,3,50.0,50.0,1,0
S332,Variables,0,1,18.0,1,46.2,60.0,0,2
S332,OOP,2,0,90.5,3,50.0,50.0,1,0
S332,Data Structures,0,0,28.3,3,46.7,33.3,0,0
S332,Variables,0,1,22.7,1,43.8,66.7,0,2
S332,Loops,2,0,82.3,3,47.1,50.0,1,0
S332,Loops,0,0,25.7,3,44.4,33.3,0,0
S332,OOP,0,1,27.2,2,42.1,0.0,0,1
S332,Loops,1,0,52.5,3,45.0,25.0,1,0
S332,Variables,0,0,33.6,2,42.9,71.4,0,0
S332,Data Structures,1,0,55.6,3,40.9,25.0,0,0
S332,Data Structures,1,0,51.8,2,39.1,20.0,0,0
S332,Data Structures,0,0,41.8,1,37.5,16.7,0,0
S332,OOP,0,1,18.0,1,36.0,50.0,0,1
S332,Data Structures,1,1,43.2,1,38.5,14.3,1,1
S332,Loops,1,0,53.3,2,40.7,20.0,2,0
S332,Loops,0,1,17.5,1,39.3,16.7,0,1
S332,Data Structures,2,0,92.7,2,41.4,25.0,1,0
S332,Data Structures,0,1,25.4,1,40.0,22.2,0,1
S332,OOP,1,1,47.2,1,41.9,66.7,1,2
S332,OOP,2,0,50.1,2,43.8,75.0,2,0
S332,OOP,0,1,11.4,1,42.4,60.0,0,2
S332,OOP,2,0,43.1,2,44.1,66.7,1,0
S332,OOP,0,0,19.1,3,42.9,57.1,0,0
S332,Functions,0,0,27.8,3,41.7,33.3,0,0
S332,Loops,0,1,24.8,1,40.5,28.6,0,1
S332,OOP,1,1,40.9,1,42.1,50.0,1,1
S332,Loops,1,1,33.3,1,43.6,37.5,2,1
S333,Data Structures,1,0,61.1,3,60.0,60.0,0,0
S333,Variables,0,1,18.2,1,0.0,0.0,0,1
S333,Data Structures,1,0,72.9,2,50.0,0.0,1,0
S333,Data Structures,0,0,22.3,3,33.3,0.0,0,0
S333,Loops,2,0,135.8,3,25.0,25.0,0,0
S333,OOP,0,0,50.2,3,20.0,20.0,0,0
S333,Loops,0,1,31.6,1,16.7,0.0,0,1
S333,Functions,1,0,87.5,2,28.6,28.6,1,0
S333,Data Structures,0,0,24.8,3,25.0,0.0,0,0
S333,Data Structures,0,1,19.5,1,22.2,0.0,0,1
S333,Loops,1,0,51.9,2,30.0,50.0,1,0
S333,OOP,0,0,22.2,3,27.3,0.0,0,0
S333,Functions,0,0,29.8,3,25.0,0.0,0,0
S333,Functions,0,0,26.9,3,23.1,0.0,0,0
S333,Functions,0,0,39.8,2,21.4,0.0,0,0
S333,Loops,1,0,58.5,1,20.0,33.3,0,0
S333,Functions,0,0,35.3,2,18.8,0.0,0,0
S333,Data Structures,0,1,20.3,1,17.6,20.0,0,1
S333,Functions,1,0,51.0,2,22.2,0.0,1,0
S333,Data Structures,0,1,19.0,1,21.1,33.3,0,1
S333,Functions,1,0,57.7,3,25.0,0.0,1,0
S333,Loops,0,0,37.1,3,23.8,25.0,0,0
S333,Data Structures,0,1,25.2,1,22.7,42.9,0,1
S333,Variables,1,0,42.4,3,26.1,100.0,1,0
S333,Variables,0,1,38.1,1,25.0,50.0,0,1
S333,Loops,1,0,69.0,2,28.0,20.0,1,0
S333,Loops,0,1,22.8,1,26.9,16.7,0,1
S333,Variables,1,0,72.0,3,29.6,66.7,1,0
S333,Functions,0,0,31.2,2,28.6,0.0,0,0
S333,Functions,0,0,18.3,3,27.6,0.0,0,0
S333,Loops,0,0,21.5,3,26.7,28.6,0,0
S333,Functions,0,0,44.6,3,25.8,0.0,0,0
S333,Variables,0,0,32.7,3,25.0,50.0,0,0
S333,Functions,0,0,48.8,3,24.2,0.0,0,0
S333,Data Structures,0,1,21.2,1,23.5,50.0,0,1
S333,OOP,1,0,69.5,2,25.7,0.0,1,0
S333,Variables,0,0,24.7,2,25.0,40.0,0,0
S333,Loops,0,1,34.8,1,24.3,25.0,0,1
S333,Data Structures,1,0,38.0,2,26.3,55.6,1,0
S333,Functions,0,0,50.4,3,25.6,0.0,0,0
S334,Data Structures,1,1,17.9,1,60.0,60.0,0,2
S334,Loops,2,1,24.8,1,100.0,100.0,1,2
S334,Loops,0,1,13.6,1,100.0,100.0,2,2
S334,Loops,2,0,34.9,1,100.0,100.0,3,1
S334,Functions,1,0,48.6,3,75.0,75.0,0,0
S334,OOP,0,1,12.4,1,60.0,60.0,0,2
S334,Variables,2,1,24.6,1,66.7,66.7,1,2
S334,Variables,2,0,60.1,2,71.4,100.0,2,1
S334,OOP,1,1,24.8,1,62.5,100.0,0,2
S334,Data Structures,2,1,30.1,1,66.7,100.0,1,2
S334,OOP,2,1,36.2,1,70.0,100.0,2,2
S334,Functions,2,0,47.5,3,72.7,0.0,3,0
S334,Data Structures,0,1,20.5,1,66.7,100.0,0,1
S334,Variables,1,0,22.2,2,69.2,50.0,1,0
S334,Data Structures,0,1,19.7,1,64.3,100.0,0,2
S334,OOP,2,1,28.6,1,66.7,100.0,1,2
S334,Functions,2,0,74.8,3,68.8,0.0,2,0
S334,Variables,0,1,10.0,1,64.7,33.3,0,1
S334,OOP,1,1,20.3,1,66.7,100.0,1,2
S334,Loops,1,1,23.6,1,68.4,66.7,2,2
S334,Data Structures,2,0,37.1,2,70.0,100.0,3,1
S334,Data Structures,1,1,20.0,1,66.7,80.0,0,2
S334,Functions,2,0,50.8,2,68.2,0.0,1,0
S334,Functions,0,1,25.1,1,65.2,0.0,0,1
S334,Loops,1,1,16.2,1,66.7,75.0,1,2
S334,Loops,2,1,33.8,1,68.0,80.0,2,2
S334,Functions,2,0,53.9,3,69.2,20.0,3,0
S334,Functions,0,1,16.6,1,66.7,16.7,0,1
S334,Functions,1,0,38.6,2,67.9,28.6,1,0
S334,Loops,0,1,15.1,1,65.5,83.3,0,2
S334,Functions,2,0,86.5,2,66.7,25.0,1,0
S334,Functions,0,1,19.7,1,64.5,22.2,0,1
S334,Loops,1,1,22.0,1,65.6,85.7,1,2
S334,OOP,0,1,10.8,1,66.7,100.0,2,2
S334,Variables,1,1,28.4,1,67.6,50.0,3,2
S334,Loops,2,1,25.5,1,68.6,87.5,4,2
S334,Loops,2,1,19.3,2,69.4,88.9,5,2
S334,Loops,2,1,31.8,1,70.3,90.0,6,2
S334,Functions,2,0,90.6,3,71.1,30.0,7,0
S334,Loops,0,1,9.2,1,69.2,90.9,0,1
S335,Functions,1,1,19.7,1,60.0,60.0,0,2
S335,Data Structures,2,1,19.6,1,100.0,100.0,1,2
S335,Variables,2,0,34.4,2,100.0,100.0,2,1
S335,Functions,1,1,25.9,1,66.7,100.0,0,2
S335,Data Structures,2,1,39.4,1,75.0,100.0,1,2
S335,Loops,2,1,27.1,1,80.0,80.0,2,2
S335,Data Structures,2,1,17.5,1,83.3,100.0,3,2
S335,Loops,0,1,11.9,1,85.7,100.0,4,2
S335,Loops,2,1,25.4,1,87.5,100.0,5,2
S335,Loops,2,1,21.8,1,88.9,100.0,6,2
S335,Functions,2,1,24.4,1,90.0,100.0,7,2
S335,Data Structures,1,1,9.2,1,90.9,100.0,8,2
S335,Variables,2,1,31.3,1,91.7,0.0,9,2
S335,Loops,2,0,54.2,3,92.3,100.0,10,1
S335,OOP,1,1,22.7,1,85.7,85.7,0,2
S335,Loops,1,1,26.1,1,86.7,80.0,1,2
S335,Functions,2,1,26.8,1,87.5,100.0,2,2
S335,OOP,2,1,22.7,1,88.2,100.0,3,2
S335,Loops,2,1,26.2,1,88.9,83.3,4,2
S335,Variables,2,1,41.3,1,89.5,50.0,5,2
S335,Data Structures,2,0,37.1,1,90.0,100.0,6,1
S335,Functions,1,1,16.4,1,85.7,100.0,0,2
S335,OOP,2,0,42.2,2,86.4,100.0,1,1
S335,Data Structures,1,1,26.8,1,82.6,80.0,0,2
S335,Variables,0,1,6.9,1,83.3,66.7,1,2
S335,Functions,2,1,34.4,1,84.0,100.0,2,2
S335,Loops,2,1,20.5,1,84.6,85.7,3,2
S335,Functions,1,1,18.3,3,85.2,100.0,4,2
S335,Functions,1,1,27.0,1,85.7,100.0,5,2
S335,Data Structures,2,1,14.4,1,86.2,83.3,6,2
S335,Variables,2,1,19.0,1,86.7,75.0,7,2
S335,OOP,2,0,26.5,2,87.1,66.7,8,1
S335,Data Structures,1,1,17.4,1,84.4,85.7,0,2
S335,OOP,2,1,24.1,1,84.8,50.0,1,2
S335,Data Structures,2,1,25.9,1,85.3,87.5,2,2
S335,Variables,2,1,22.2,2,85.7,80.0,3,2
S335,Loops,2,0,27.7,1,86.1,87.5,4,1
S335,Data Structures,2,1,39.8,1,83.8,88.9,0,2
S335,Functions,2,1,49.2,1,84.2,100.0,1,2
S335,Variables,2,1,25.2,1,84.6,83.3,2,2
S336,OOP,1,0,31.7,3,60.0,60.0,0,0
S336,Loops,1,1,43.8,1,0.0,0.0,0,1
S336,OOP,1,0,40.1,1,50.0,0.0,1,0
S336,Variables,0,1,16.2,1,33.3,33.3,0,1
S336,Loops,1,0,38.4,2,50.0,100.0,1,1
S336,Loops,1,1,34.8,1,40.0,50.0,0,2
S336,OOP,2,0,92.2,3,50.0,0.0,1,0
S336,Loops,0,1,14.8,1,42.9,66.7,0,2
S336,Data Structures,2,0,68.4,3,50.0,50.0,1,0
S336,OOP,0,1,31.0,1,44.4,0.0,0,1
S336,OOP,1,1,33.2,3,50.0,25.0,1,1
S336,Data Structures,1,1,31.4,1,54.5,0.0,2,1
S336,Variables,1,0,48.0,2,58.3,100.0,3,1
S336,Variables,1,1,19.3,1,53.8,50.0,0,2
S336,Loops,2,0,71.2,3,57.1,75.0,1,0
S336,Variables,0,1,15.8,1,53.3,66.7,0,2
S336,OOP,2,0,57.4,3,56.2,40.0,1,0
S336,Functions,0,1,13.4,1,52.9,52.9,0,2
S336,Loops,2,0,59.8,3,55.6,60.0,1,0
S336,Data Structures,0,1,12.8,1,52.6,50.0,0,2
S336,Functions,0,1,23.4,1,55.0,100.0,1,2
S336,OOP,2,0,117.9,2,57.1,33.3,2,0
S336,Data Structures,0,1,21.2,1,54.5,66.7,0,2
S336,Variables,2,0,41.0,3,56.5,75.0,1,0
S336,OOP,0,1,18.9,1,54.2,28.6,0,1
S336,Data Structures,1,0,36.1,3,56.0,75.0,1,0
S336,Data Structures,0,1,18.6,1,53.8,60.0,0,2
S336,Data Structures,1,1,42.8,1,55.6,66.7,1,2
S336,Data Structures,2,0,80.7,3,57.1,71.4,2,0
S336,Variables,0,1,12.4,1,55.2,60.0,0,2
S336,OOP,2,0,69.3,3,56.7,37.5,1,0
S336,Variables,0,1,21.3,1,54.8,66.7,0,2
S336,Data Structures,2,0,91.9,3,56.2,62.5,1,0
S336,Functions,0,1,15.6,1,54.5,100.0,0,2
S336,OOP,2,0,92.2,3,55.9,33.3,1,0
S336,Loops,2,1,52.0,1,54.3,50.0,0,2
S336,Variables,2,0,95.1,2,55.6,71.4,1,0
S336,Variables,0,1,15.6,2,54.1,62.5,0,1
S336,OOP,1,0,50.7,3,55.3,30.0,1,0
S336,Data Structures,0,1,18.0,1,53.8,55.6,0,2
S337,OOP,1,0,39.7,3,60.0,60.0,0,0
S337,Variables,0,0,33.8,3,0.0,0.0,0,0
S337,Variables,0,0,35.9,2,0.0,0.0,0,0
S337,Functions,1,0,44.7,3,0.0,0.0,0,1
S337,OOP,1,0,78.3,3,0.0,0.0,0,0
S337,Loops,0,0,39.7,3,0.0,0.0,0,0
S337,Variables,0,0,42.3,3,0.0,0.0,0,0
S337,Loops,0,0,33.8,3,0.0,0.0,0,0
S337,Functions,1,0,81.4,2,0.0,0.0,0,0
S337,Data Structures,0,0,37.5,2,0.0,0.0,0,0
S337,Data Structures,0,0,37.4,2,0.0,0.0,0,0
S337,OOP,1,1,39.6,1,0.0,0.0,0,1
S337,Loops,1,0,71.3,3,8.3,0.0,1,0
S337,Variables,0,0,48.7,2,7.7,0.0,0,0
S337,Functions,0,0,38.6,3,7.1,0.0,0,0
S337,Loops,0,1,12.8,1,6.7,0.0,0,1
S337,Functions,1,0,66.5,3,12.5,0.0,1,0
S337,Loops,1,0,67.7,3,11.8,25.0,0,0
S337,Data Structures,2,0,88.0,2,11.1,0.0,0,0
S337,Loops,0,0,38.8,3,10.5,20.0,0,0
S337,Functions,0,0,36.2,3,10.0,0.0,0,0
S337,Variables,0,0,48.0,2,9.5,0.0,0,0
S337,OOP,0,1,15.8,1,9.1,33.3,0,1
S337,Variables,1,0,71.5,2,13.0,0.0,1,0
S337,OOP,0,0,26.1,2,12.5,50.0,0,0
S337,OOP,0,1,15.1,1,12.0,40.0,0,1
S337,Loops,1,0,73.4,2,15.4,16.7,1,0
S337,Data Structures,2,0,145.7,2,14.8,0.0,0,0
S337,Loops,2,0,95.5,2,14.3,14.3,0,0
S337,Variables,0,0,55.6,2,13.8,0.0,0,0
S337,OOP,2,0,119.7,3,13.3,50.0,0,0
S337,Functions,0,0,33.2,2,12.9,0.0,0,0
S337,Data Structures,0,0,51.2,2,12.5,0.0,0,0
S337,Functions,0,0,37.2,2,12.1,0.0,0,0
S337,Variables,0,0,45.9,2,11.8,0.0,0,0
S337,OOP,0,1,19.8,1,11.4,42.9,0,1
S337,OOP,1,1,41.5,1,13.9,50.0,1,1
S337,Loops,1,0,79.0,2,16.2,12.5,2,0
S337,Loops,1,0,100.2,3,15.8,11.1,0,0
S337,OOP,0,0,33.2,3,15.4,55.6,0,0
S338,Variables,1,1,36.2,1,60.0,60.0,0,2
S338,Loops,2,0,92.6,2,100.0,100.0,1,1
S338,Loops,1,0,50.9,2,50.0,0.0,0,0
S338,Loops,0,1,17.4,1,33.3,0.0,0,1
S338,Variables,1,1,22.0,1,50.0,100.0,1,2
S338,Data Structures,2,1,92.0,1,60.0,60.0,2,2
S338,OOP,2,1,33.7,1,66.7,66.7,3,2
S338,OOP,2,0,58.8,3,71.4,100.0,4,1
S338,Variables,1,1,34.6,1,62.5,100.0,0,2
S338,Functions,2,0,100.1,3,66.7,66.7,1,0
S338,Data Structures,0,1,18.9,1,60.0,100.0,0,2
S338,OOP,1,1,41.7,1,63.6,50.0,1,2
S338,Variables,2,0,64.6,3,66.7,100.0,2,1
S338,OOP,1,1,20.8,1,61.5,66.7,0,2
S338,Functions,2,0,79.0,3,64.3,0.0,1,0
S338,Functions,0,1,12.6,1,60.0,0.0,0,0
S338,OOP,0,1,14.3,1,62.5,75.0,1,2
S338,Loops,2,0,75.0,2,64.7,33.3,2,0
S338,Loops,0,0,22.4,2,61.1,25.0,0,0
S338,Loops,2,0,74.7,2,57.9,20.0,0,0
S338,Loops,0,1,35.1,3,55.0,16.7,0,1
S338,OOP,1,0,36.3,3,57.1,80.0,1,0
S338,Variables,2,0,89.3,2,54.5,75.0,0,0
S338,Data Structures,0,1,17.7,1,52.2,100.0,0,2
S338,Loops,1,1,42.0,1,54.2,28.6,1,1
S338,Loops,0,1,14.9,1,56.0,37.5,2,1
S338,OOP,1,1,27.7,1,57.7,66.7,3,2
S338,Functions,2,1,45.3,1,59.3,33.3,4,2
S338,Loops,2,0,78.0,3,60.7,44.4,5,0
S338,OOP,0,1,19.8,1,58.6,71.4,0,2
S338,Loops,2,0,88.5,2,60.0,40.0,1,0
S338,Loops,1,0,51.5,3,58.1,36.4,0,0
S338,OOP,1,1,33.0,1,56.2,75.0,0,2
S338,Data Structures,1,0,56.9,3,57.6,100.0,1,0
S338,Functions,0,1,17.6,1,55.9,50.0,0,1
S338,Functions,0,1,17.1,1,57.1,60.0,1,2
S338,OOP,0,1,14.2,1,58.3,77.8,2,2
S338,Loops,2,0,78.8,2,59.5,33.3,3,0
S338,Functions,0,1,26.7,1,57.9,66.7,0,2
S338,Loops,2,0,74.7,2,59.0,30.8,1,0
S339,OOP,1,1,30.6,1,60.0,60.0,0,2
S339,Loops,1,1,42.8,1,100.0,100.0,1,2
S339,Functions,0,1,15.9,1,100.0,100.0,2,2
S339,OOP,0,0,14.2,3,100.0,100.0,3,1
S339,Data Structures,1,1,30.1,1,75.0,75.0,0,2
S339,Variables,2,0,52.4,2,80.0,80.0,1,1
S339,Data Structures,1,0,41.6,3,66.7,100.0,0,1
S339,Loops,1,1,30.5,1,57.1,100.0,0,2
S339,Variables,2,0,79.4,3,62.5,0.0,1,0
S339,Data Structures,0,1,19.7,1,55.6,50.0,0,1
S339,Data Structures,0,1,33.9,1,60.0,66.7,1,1
S339,Functions,1,1,34.3,2,63.6,100.0,2,2
S339,Loops,2,0,77.5,3,66.7,100.0,3,0
S339,Loops,1,0,37.9,2,61.5,66.7,0,1
S339,Data Structures,1,1,29.3,1,57.1,75.0,0,2
S339,Variables,0,1,26.4,1,60.0,0.0,1,1
S339,Functions,1,0,39.2,2,62.5,100.0,2,1
S339,OOP,1,1,37.7,1,58.8,50.0,0,2
S339,Loops,2,1,60.1,1,61.1,50.0,1,2
S339,OOP,2,1,36.9,1,63.2,66.7,2,2
S339,Data Structures,2,0,84.9,3,65.0,80.0,3,0
S339,Data Structures,0,0,22.1,2,61.9,66.7,0,0
S339,Variables,0,1,19.2,1,59.1,33.3,0,1
S339,Variables,1,1,27.8,1,60.9,50.0,1,2
S339,Variables,2,1,76.5,1,62.5,60.0,2,2
S339,OOP,2,0,55.2,2,64.0,75.0,3,0
S339,Functions,0,1,19.7,1,61.5,66.7,0,2
S339,OOP,2,0,66.9,2,63.0,60.0,1,0
S339,Variables,0,1,25.5,1,60.7,66.7,0,2
S339,Variables,2,0,60.1,3,62.1,71.4,1,0
S339,Data Structures,2,0,63.7,2,60.0,57.1,0,0
S339,Loops,0,1,21.9,1,58.1,60.0,0,2
S339,Functions,2,0,68.5,2,59.4,75.0,1,0
S339,Functions,0,1,13.5,1,57.6,60.0,0,2
S339,Variables,2,0,131.7,2,58.8,62.5,1,0
S339,Variables,0,1,16.8,1,57.1,55.6,0,2
S339,Loops,2,1,38.7,1,58.3,66.7,1,2
S339,Data Structures,2,0,69.9,2,59.5,50.0,2,0
S339,Loops,0,1,16.7,1,57.9,71.4,0,2
S339,OOP,2,0,67.0,2,59.0,50.0,1,0
S340,Data Structures,1,0,48.0,2,60.0,60.0,0,0
S340,OOP,0,1,21.5,1,0.0,0.0,0,1
S340,Loops,1,1,32.7,1,50.0,50.0,1,2
S340,Data Structures,2,1,78.9,1,66.7,0.0,2,1
S340,Data Structures,2,0,50.2,2,75.0,50.0,3,0
S340,Functions,0,1,10.2,1,60.0,60.0,0,2
S340,Variables,2,0,105.9,1,66.7,66.7,1,0
S340,Variables,0,1,11.5,1,57.1,0.0,0,1
S340,OOP,1,1,28.5,1,62.5,100.0,1,2
S340,OOP,1,0,43.6,2,66.7,100.0,2,1
S340,OOP,0,1,24.0,1,60.0,66.7,0,2
S340,OOP,2,0,118.0,2,63.6,75.0,1,0
S340,Data Structures,0,1,16.0,1,58.3,33.3,0,1
S340,Loops,1,0,22.9,3,61.5,100.0,1,1
S340,Variables,1,1,46.8,3,57.1,50.0,0,1
S340,Data Structures,1,1,26.1,1,60.0,50.0,1,2
S340,Variables,2,1,34.7,1,62.5,66.7,2,2
S340,Loops,1,1,26.5,1,64.7,50.0,3,2
S340,OOP,2,0,80.4,3,66.7,60.0,4,0
S340,Data Structures,0,1,17.4,1,63.2,60.0,0,2
S340,Variables,2,1,46.3,1,65.0,75.0,1,2
S340,Variables,2,1,40.7,1,66.7,80.0,2,2
S340,OOP,2,0,64.5,2,68.2,50.0,3,0
S340,Data Structures,0,1,16.1,1,65.2,66.7,0,2
S340,Data Structures,1,0,37.2,3,66.7,71.4,1,0
S340,OOP,0,1,14.8,1,64.0,42.9,0,1
S340,Loops,1,1,28.1,1,65.4,66.7,1,2
S340,OOP,2,0,46.9,2,66.7,50.0,2,0
S340,Functions,0,1,15.0,2,64.3,100.0,0,2
S340,Functions,2,0,66.5,2,65.5,100.0,1,1
S340,OOP,1,1,34.3,1,63.3,44.4,0,2
S340,Functions,2,0,93.4,2,64.5,66.7,1,0
S340,Loops,0,1,14.5,1,62.5,75.0,0,2
S340,OOP,2,1,50.1,1,63.6,50.0,1,2
S340,Loops,0,1,12.7,1,64.7,80.0,2,2
S340,Data Structures,2,0,84.7,2,65.7,62.5,3,0
S340,Data Structures,0,1,17.3,1,63.9,55.6,0,2
S340,OOP,2,0,79.8,2,64.9,54.5,1,0
S340,Data Structures,0,1,13.8,1,63.2,60.0,0,2
S340,Variables,0,1,17.2,1,64.1,83.3,1,2
S341,Functions,1,1,33.6,1,60.0,60.0,0,2
S341,Functions,2,1,26.8,1,100.0,100.0,1,2
S341,Loops,2,0,55.5,2,100.0,100.0,2,1
S341,OOP,1,1,12.9,2,66.7,66.7,0,2
S341,OOP,2,1,28.3,1,75.0,100.0,1,2
S341,Data Structures,2,0,66.3,3,80.0,80.0,2,0
S341,Functions,0,1,14.6,1,66.7,100.0,0,2
S341,Variables,1,1,29.9,1,71.4,71.4,1,2
S341,OOP,2,1,24.4,1,75.0,100.0,2,2
S341,Loops,2,0,49.3,2,77.8,0.0,3,0
S341,Loops,2,1,61.5,1,70.0,0.0,0,1
S341,Variables,1,1,21.2,3,72.7,100.0,1,2
S341,Functions,1,1,11.1,1,75.0,100.0,2,2
S341,Variables,2,1,51.6,1,76.9,100.0,3,2
S341,Variables,2,1,37.0,1,78.6,100.0,4,2
S341,Loops,2,0,76.5,2,80.0,33.3,5,0
S341,OOP,0,1,13.1,1,75.0,100.0,0,2
S341,Loops,2,0,81.2,2,76.5,25.0,1,0
S341,Functions,0,1,14.2,3,72.2,100.0,0,2
S341,Loops,2,0,107.6,2,73.7,20.0,1,0
S341,Functions,0,1,13.7,1,70.0,100.0,0,2
S341,OOP,2,1,21.0,1,71.4,100.0,1,2
S341,Data Structures,2,0,86.2,2,72.7,0.0,2,0
S341,Variables,1,1,26.5,1,69.6,100.0,0,2
S341,Loops,2,0,76.2,2,70.8,16.7,1,0
S341,Loops,0,1,16.2,1,68.0,14.3,0,1
S341,Loops,0,1,23.5,1,69.2,25.0,1,1
S341,Variables,1,1,22.1,1,70.4,100.0,2,2
S341,Loops,2,0,55.8,3,71.4,33.3,3,0
S341,Loops,0,1,10.9,1,69.0,30.0,0,1
S341,OOP,1,1,20.4,1,70.0,100.0,1,2
S341,Data Structures,2,0,88.6,2,71.0,0.0,2,0
S341,OOP,0,1,9.2,2,68.8,100.0,0,2
S341,OOP,2,1,23.8,1,69.7,100.0,1,2
S341,Variables,2,1,31.2,1,70.6,100.0,2,2
S341,Variables,2,1,52.3,1,71.4,100.0,3,2
S341,Variables,1,1,24.2,1,72.2,100.0,4,2
S341,Data Structures,2,0,81.4,2,73.0,0.0,5,0
S341,Loops,0,1,30.8,1,71.1,36.4,0,1
S341,Data Structures,1,1,36.5,1,71.8,0.0,1,1
S342,Variables,1,0,50.1,2,60.0,60.0,0,0
S342,Loops,0,0,29.7,2,0.0,0.0,0,0
S342,Variables,1,0,65.3,3,0.0,0.0,0,0
S342,Data Structures,0,1,33.3,1,0.0,0.0,0,1
S342,OOP,1,1,25.3,1,25.0,25.0,1,1
S342,Functions,1,0,87.1,2,40.0,40.0,2,0
S342,Variables,0,1,19.7,1,33.3,0.0,0,1
S342,Variables,1,1,41.1,1,42.9,33.3,1,1
S342,Data Structures,1,1,30.0,1,50.0,100.0,2,2
S342,OOP,2,0,62.6,3,55.6,100.0,3,0
S342,Loops,0,0,38.6,2,50.0,0.0,0,0
S342,Data Structures,0,0,26.2,2,45.5,100.0,0,0
S342,OOP,1,0,46.1,3,41.7,50.0,0,0
S342,Data Structures,0,0,35.4,2,38.5,66.7,0,0
S342,OOP,0,1,26.7,1,35.7,33.3,0,1
S342,Functions,1,0,42.4,3,40.0,0.0,1,0
S342,OOP,0,1,30.5,1,37.5,50.0,0,1
S342,Functions,1,0,62.3,3,41.2,0.0,1,0
S342,Variables,2,0,92.1,3,38.9,50.0,0,0
S342,OOP,0,1,14.9,1,36.8,60.0,0,2
S342,Functions,2,0,46.9,2,40.0,0.0,1,0
S342,Loops,0,0,20.0,1,38.1,0.0,0,0
S342,Data Structures,0,0,36.4,3,36.4,50.0,0,0
S342,Variables,0,1,26.4,1,34.8,40.0,0,1
S342,OOP,2,0,72.7,3,37.5,66.7,1,0
S342,Data Structures,0,1,18.0,1,36.0,40.0,0,1
S342,Functions,1,0,59.8,2,38.5,0.0,1,0
S342,Variables,0,0,37.3,3,37.0,50.0,0,0
S342,Loops,1,0,54.8,3,35.7,0.0,0,0
S342,Functions,0,1,18.2,1,34.5,0.0,0,1
S342,Variables,1,0,31.1,2,36.7,42.9,1,1
S342,Variables,1,0,52.6,2,35.5,37.5,0,0
S342,Data Structures,0,1,26.0,1,34.4,50.0,0,1
S342,Variables,1,0,44.9,3,36.4,33.3,1,0
S342,Variables,0,0,31.5,3,35.3,30.0,0,0
S342,Loops,0,1,20.6,1,34.3,0.0,0,1
S342,Loops,1,0,37.6,3,36.1,20.0,1,0
S342,Functions,0,0,33.8,2,35.1,16.7,0,0
S342,Functions,1,0,67.0,2,34.2,14.3,0,0
S342,Data Structures,1,0,37.0,2,33.3,57.1,0,0
S343,Variables,1,1,19.2,1,60.0,60.0,0,2
S343,Functions,2,1,34.8,1,100.0,100.0,1,2
S343,Variables,2,0,36.6,1,100.0,100.0,2,1
S343,Loops,1,1,13.2,1,66.7,66.7,0,2
S343,Loops,2,0,27.8,2,75.0,100.0,1,1
S343,Variables,1,1,24.2,1,60.0,50.0,0,2
S343,Loops,2,0,28.2,3,66.7,50.0,1,0
S343,Data Structures,0,1,8.8,3,57.1,57.1,0,1
S343,OOP,1,1,26.4,1,62.5,62.5,1,2
S343,OOP,2,1,24.2,1,66.7,100.0,2,2
S343,OOP,0,1,11.2,2,70.0,100.0,3,1
S343,Loops,0,1,8.2,1,72.7,33.3,4,2
S343,Variables,2,1,38.3,1,75.0,66.7,5,2
S343,Data Structures,2,1,22.7,1,76.9,100.0,6,2
S343,OOP,2,1,28.4,1,78.6,100.0,7,2
S343,Functions,2,1,19.7,1,80.0,100.0,8,2
S343,OOP,2,0,96.6,3,81.2,100.0,9,0
S343,Loops,0,1,11.3,1,76.5,50.0,0,2
S343,Variables,2,1,20.4,3,77.8,75.0,1,2
S343,Variables,2,1,30.0,1,78.9,80.0,2,2
S343,Loops,2,1,19.9,1,80.0,60.0,3,2
S343,Functions,2,1,21.5,1,81.0,100.0,4,2
S343,OOP,2,0,44.7,2,81.8,80.0,5,1
S343,Data Structures,1,1,15.2,1,78.3,100.0,0,1
S343,Functions,1,1,25.8,1,79.2,100.0,1,2
S343,Loops,2,1,17.4,1,80.0,66.7,2,2
S343,Functions,2,1,26.9,1,80.8,100.0,3,2
S343,Functions,1,1,16.1,1,81.5,100.0,4,2
S343,Variables,0,1,9.9,1,82.1,83.3,5,2
S343,OOP,2,1,24.3,1,82.8,66.7,6,1
S343,OOP,1,1,22.6,1,83.3,71.4,7,2
S343,OOP,2,1,36.7,2,83.9,75.0,8,2
S343,Functions,2,1,31.1,1,84.4,100.0,9,2
S343,Loops,2,1,44.0,1,84.8,71.4,10,2
S343,OOP,2,1,35.8,1,85.3,77.8,11,2
S343,Data Structures,0,1,13.2,1,85.7,100.0,12,2
S343,Loops,2,1,18.7,1,86.1,75.0,13,2
S343,OOP,1,1,29.5,3,86.5,80.0,14,2
S343,Loops,2,0,39.3,2,86.8,77.8,15,1
S343,Loops,1,1,25.1,1,84.6,70.0,0,2
S344,Data Structures,1,1,20.4,1,60.0,60.0,0,2
S344,OOP,2,1,54.5,1,100.0,100.0,1,2
S344,OOP,2,1,37.3,1,100.0,100.0,2,2
S344,Data Structures,2,0,58.8,3,100.0,100.0,3,1
S344,Functions,1,1,26.3,1,75.0,75.0,0,2
S344,Loops,2,1,36.8,1,80.0,80.0,1,2
S344,Variables,2,0,56.8,3,83.3,83.3,2,0
S344,OOP,2,1,47.4,1,71.4,100.0,0,2
S344,OOP,2,1,34.2,1,75.0,100.0,1,2
S344,Loops,2,0,52.9,2,77.8,100.0,2,1
S344,OOP,1,1,21.9,1,70.0,100.0,0,2
S344,OOP,2,0,103.1,3,72.7,100.0,1,0
S344,Variables,0,1,10.1,1,66.7,0.0,0,1
S344,Loops,1,1,15.1,1,69.2,50.0,1,2
S344,Variables,1,1,42.5,1,71.4,50.0,2,2
S344,Loops,2,0,39.9,2,73.3,66.7,3,0
S344,Variables,0,1,14.9,1,68.8,66.7,0,1
S344,Functions,1,0,26.1,3,70.6,100.0,1,1
S344,Variables,1,1,36.0,1,66.7,75.0,0,2
S344,Variables,2,1,48.3,1,68.4,80.0,1,2
S344,Variables,2,0,61.4,3,70.0,83.3,2,0
S344,Functions,0,1,18.6,1,66.7,50.0,0,2
S344,Variables,2,0,26.1,3,68.2,71.4,1,0
S344,Data Structures,0,1,16.1,1,65.2,50.0,0,2
S344,Loops,2,1,24.2,1,66.7,50.0,1,2
S344,Functions,2,0,103.7,2,68.0,66.7,2,0
S344,Data Structures,0,1,15.2,1,65.4,66.7,0,2
S344,Variables,2,0,54.8,3,66.7,62.5,1,0
S344,Loops,0,1,7.5,1,64.3,60.0,0,2
S344,Variables,2,1,35.5,1,65.5,55.6,1,2
S344,Functions,2,0,55.6,2,66.7,50.0,2,0
S344,Functions,0,1,15.6,1,64.5,40.0,0,1
S344,Functions,1,0,49.7,3,65.6,50.0,1,0
S344,Data Structures,0,1,19.9,1,63.6,75.0,0,2
S344,Data Structures,2,1,62.3,1,64.7,80.0,1,2
S344,Functions,2,0,51.0,2,65.7,42.9,2,0
S344,OOP,0,1,20.3,1,63.9,83.3,0,1
S344,Functions,1,1,18.1,2,64.9,37.5,1,1
S344,OOP,1,1,29.6,2,65.8,85.7,2,2
S344,Loops,1,1,13.1,1,66.7,66.7,3,2
S345,Loops,1,1,20.0,1,60.0,60.0,0,2
S345,OOP,2,0,48.1,3,100.0,100.0,1,1
S345,Functions,0,1,15.0,1,50.0,50.0,0,1
S345,Loops,1,1,19.4,1,66.7,100.0,1,2
S345,OOP,2,0,55.0,1,75.0,0.0,2,0
S345,OOP,0,1,10.2,1,60.0,0.0,0,1
S345,OOP,1,1,27.9,1,66.7,33.3,1,2
S345,Loops,0,1,11.8,1,71.4,100.0,2,2
S345,OOP,2,0,70.6,1,75.0,50.0,3,0
S345,OOP,0,1,18.3,1,66.7,40.0,0,1
S345,Loops,0,1,12.0,1,70.0,100.0,1,2
S345,Functions,2,1,42.9,3,72.7,100.0,2,2
S345,OOP,0,1,13.1,1,75.0,50.0,3,2
S345,OOP,2,0,38.2,2,76.9,57.1,4,0
S345,Data Structures,0,1,16.3,1,71.4,71.4,0,2
S345,Functions,2,1,23.1,1,73.3,100.0,1,2
S345,Loops,2,1,35.4,1,75.0,100.0,2,2
S345,OOP,2,1,28.9,1,76.5,50.0,3,2
S345,Variables,2,1,37.4,1,77.8,77.8,4,2
S345,Data Structures,2,1,37.1,1,78.9,100.0,5,2
S345,Functions,2,0,62.0,2,80.0,100.0,6,1
S345,Variables,1,1,32.7,1,76.2,100.0,0,2
S345,Variables,2,1,24.1,1,77.3,100.0,1,1
S345,Data Structures,1,1,26.0,1,78.3,100.0,2,2
S345,Variables,1,1,10.8,1,79.2,100.0,3,2
S345,Functions,2,1,42.1,1,80.0,75.0,4,2
S345,Variables,2,1,32.8,1,80.8,100.0,5,2
S345,Variables,2,1,34.1,1,81.5,100.0,6,2
S345,Loops,2,1,35.3,1,82.1,100.0,7,2
S345,OOP,2,1,46.3,1,82.8,55.6,8,2
S345,Data Structures,2,1,30.7,1,83.3,100.0,9,2
S345,Loops,2,0,44.1,2,83.9,100.0,10,1
S345,Functions,1,1,25.7,1,81.2,80.0,0,2
S345,Variables,1,1,29.7,1,81.8,100.0,1,2
S345,Data Structures,2,1,35.4,1,82.4,100.0,2,2
S345,Data Structures,2,1,46.8,1,82.9,100.0,3,2
S345,Data Structures,2,0,50.6,3,83.3,100.0,4,1
S345,OOP,2,0,54.4,2,81.1,60.0,0,0
S345,OOP,0,1,17.2,1,78.9,54.5,0,2
S345,Variables,2,1,52.2,1,79.5,100.0,1,1
S346,Data Structures,1,0,45.9,3,60.0,60.0,0,0
S346,Variables,0,1,15.8,1,0.0,0.0,0,1
S346,Loops,1,0,52.8,2,50.0,50.0,1,0
S346,Functions,0,1,14.5,1,33.3,33.3,0,1
S346,Variables,1,1,58.6,1,50.0,100.0,1,2
S346,Variables,2,0,67.8,2,60.0,100.0,2,1
S346,Data Structures,1,1,28.6,1,50.0,0.0,0,1
S346,Loops,1,0,49.9,2,57.1,0.0,1,0
S346,Data Structures,0,1,33.4,1,50.0,50.0,0,1
S346,Variables,1,1,26.2,1,55.6,66.7,1,2
S346,Functions,2,0,54.2,2,60.0,100.0,2,1
S346,OOP,1,1,30.6,1,54.5,54.5,0,2
S346,Loops,2,0,86.5,2,58.3,0.0,1,0
S346,Functions,0,1,13.0,1,53.8,50.0,0,2
S346,Data Structures,1,1,31.7,1,57.1,66.7,1,2
S346,Loops,2,0,59.1,2,60.0,0.0,2,0
S346,Data Structures,2,1,45.9,1,56.2,75.0,0,2
S346,OOP,2,0,47.2,3,58.8,100.0,1,1
S346,Variables,0,1,20.3,1,55.6,75.0,0,2
S346,OOP,0,1,7.9,1,57.9,50.0,1,2
S346,Data Structures,2,1,52.9,1,60.0,80.0,2,2
S346,Loops,2,0,59.3,2,61.9,0.0,3,0
S346,Data Structures,0,1,11.2,1,59.1,83.3,0,2
S346,Data Structures,2,0,54.9,3,60.9,85.7,1,0
S346,Data Structures,0,1,16.1,2,58.3,75.0,0,2
S346,Functions,2,0,54.2,3,60.0,66.7,1,0
S346,OOP,0,1,15.3,1,57.7,66.7,0,2
S346,Variables,2,0,56.5,2,59.3,80.0,1,0
S346,OOP,0,1,10.7,1,57.1,75.0,0,2
S346,Functions,0,1,23.0,1,58.6,50.0,1,1
S346,Data Structures,1,1,52.5,1,60.0,77.8,2,2
S346,Data Structures,1,1,33.7,1,61.3,80.0,3,2
S346,Functions,2,0,61.6,3,62.5,60.0,4,1
S346,Data Structures,1,1,31.4,1,60.6,81.8,0,2
S346,Data Structures,2,1,48.3,1,61.8,83.3,1,2
S346,Loops,2,0,68.8,2,62.9,0.0,2,0
S346,Data Structures,0,1,22.0,1,61.1,84.6,0,2
S346,Variables,2,0,83.5,3,62.2,66.7,1,0
S346,Variables,0,1,22.9,1,60.5,57.1,0,2
S346,Functions,2,0,75.9,3,61.5,50.0,1,0
S347,Loops,1,0,44.9,2,60.0,60.0,0,0
S347,Functions,0,1,24.9,1,0.0,0.0,0,1
S347,Loops,0,0,31.7,3,50.0,0.0,1,0
S347,Loops,0,0,38.5,3,33.3,0.0,0,0
S347,Variables,0,1,18.0,1,25.0,25.0,0,1
S347,Functions,2,0,107.6,2,40.0,100.0,1,0
S347,Variables,2,0,112.6,2,33.3,100.0,0,0
S347,Loops,0,0,51.6,3,28.6,0.0,0,0
S347,Functions,0,0,25.4,3,25.0,50.0,0,0
S347,Data Structures,0,0,62.3,2,22.2,22.2,0,0
S347,Data Structures,0,0,38.4,2,20.0,0.0,0,0
S347,OOP,0,0,35.2,2,18.2,18.2,0,0
S347,Data Structures,0,0,32.2,2,16.7,0.0,0,0
S347,Loops,0,0,40.4,3,15.4,0.0,0,0
S347,Loops,0,0,44.2,2,14.3,0.0,0,1
S347,Loops,1,0,51.5,3,13.3,0.0,0,1
S347,OOP,1,0,54.9,3,12.5,0.0,0,0
S347,OOP,2,0,126.5,3,11.8,0.0,0,0
S347,Variables,0,0,58.4,3,11.1,50.0,0,0
S347,Functions,0,0,33.7,2,10.5,33.3,0,0
S347,Functions,0,0,43.8,2,10.0,25.0,0,0
S347,Variables,0,0,26.6,1,9.5,33.3,0,0
S347,Variables,0,0,42.3,2,9.1,25.0,0,0
S347,Loops,0,0,20.1,2,8.7,0.0,0,0
S347,Functions,0,0,38.7,2,8.3,20.0,0,0
S347,Loops,0,0,22.6,2,8.0,0.0,0,0
S347,Variables,0,1,34.3,1,7.7,20.0,0,1
S347,Functions,1,0,54.3,1,11.1,16.7,1,0
S347,Variables,0,1,25.7,1,10.7,33.3,0,1
S347,Functions,2,0,138.8,2,13.8,14.3,1,0
S347,Functions,0,0,23.9,3,13.3,12.5,0,0
S347,Functions,1,0,81.6,2,12.9,11.1,0,0
S347,OOP,0,0,36.5,2,12.5,0.0,0,0
S347,Functions,0,0,27.8,2,12.1,10.0,0,0
S347,Loops,0,0,27.3,2,11.8,0.0,0,0
S347,Functions,0,0,32.5,3,11.4,9.1,0,0
S347,OOP,0,1,23.1,1,11.1,0.0,0,1
S347,Variables,0,0,43.1,2,13.5,42.9,1,0
S347,OOP,0,0,30.6,2,13.2,20.0,0,0
S347,Functions,0,1,24.0,2,12.8,8.3,0,1
S348,Variables,1,0,37.4,3,60.0,60.0,0,0
S348,Loops,0,1,21.9,1,0.0,0.0,0,1
S348,OOP,1,0,48.5,1,50.0,50.0,1,0
S348,OOP,0,1,25.3,1,33.3,0.0,0,1
S348,Variables,1,0,63.1,2,50.0,0.0,1,0
S348,Loops,0,1,16.6,2,40.0,100.0,0,2
S348,Data Structures,2,0,78.6,2,50.0,50.0,1,0
S348,OOP,0,1,14.9,1,42.9,50.0,0,1
S348,OOP,1,1,31.4,1,50.0,66.7,1,2
S348,Functions,1,1,20.3,1,55.6,55.6,2,2
S348,Functions,2,0,85.8,3,60.0,100.0,3,0
S348,OOP,2,0,106.4,3,54.5,75.0,0,0
S348,Data Structures,0,1,17.9,1,50.0,0.0,0,1
S348,Functions,1,0,35.5,2,53.8,50.0,1,0
S348,Data Structures,0,1,35.5,2,50.0,50.0,0,1
S348,Variables,1,1,48.5,1,53.3,0.0,1,1
S348,Functions,1,0,35.7,3,56.2,33.3,2,0
S348,Loops,0,0,21.7,3,52.9,100.0,0,0
S348,OOP,2,1,39.4,1,50.0,60.0,0,2
S348,Data Structures,1,0,63.0,2,52.6,66.7,1,0
S348,OOP,2,0,90.4,2,50.0,66.7,0,0
S348,Functions,1,1,26.7,1,47.6,25.0,0,1
S348,Data Structures,2,0,95.1,3,50.0,50.0,1,0
S348,Variables,0,1,15.2,1,47.8,33.3,0,1
S348,Variables,1,0,85.4,2,50.0,50.0,1,0
S348,Data Structures,1,0,56.8,3,48.0,40.0,0,0
S348,Data Structures,0,1,23.1,2,46.2,33.3,0,1
S348,Loops,1,1,29.1,1,48.1,66.7,1,2
S348,Functions,2,0,55.2,1,50.0,40.0,2,0
S348,Functions,0,1,20.3,1,48.3,33.3,0,1
S348,Variables,1,1,21.2,1,50.0,40.0,1,2
S348,Variables,2,0,67.9,2,51.6,50.0,2,0
S348,Variables,0,1,16.9,1,50.0,42.9,0,1
S348,Loops,1,0,67.1,3,51.5,75.0,1,0
S348,Loops,0,1,13.2,1,50.0,60.0,0,1
S348,Variables,1,1,21.5,1,51.4,50.0,1,2
S348,Variables,2,0,98.4,3,52.8,55.6,2,0
S348,Data Structures,0,1,22.1,1,51.4,42.9,0,1
S348,OOP,1,1,28.6,1,52.6,57.1,1,2
S348,Variables,2,0,98.6,2,53.8,50.0,2,0
S349,OOP,1,1,39.3,1,60.0,60.0,0,2
S349,Functions,2,0,92.4,2,100.0,100.0,1,1
S349,Loops,1,0,31.5,3,50.0,50.0,0,0
S349,Data Structures,0,1,23.2,1,33.3,33.3,0,1
S349,OOP,2,0,102.8,2,50.0,100.0,1,0
S349,Loops,1,1,46.2,1,40.0,0.0,0,1
S349,Loops,1,0,72.0,3,50.0,50.0,1,0
S349,OOP,0,1,16.0,1,42.9,50.0,0,1
S349,Variables,1,0,37.8,2,50.0,50.0,1,0
S349,Loops,1,1,51.4,1,44.4,33.3,0,1
S349,Functions,1,0,55.1,3,50.0,0.0,1,0
S349,Variables,0,0,11.9,3,45.5,0.0,0,0
S349,OOP,0,1,17.0,1,41.7,66.7,0,2
S349,OOP,1,0,39.2,3,46.2,75.0,1,0
S349,Functions,0,1,26.3,1,42.9,0.0,0,1
S349,Data Structures,1,0,54.8,2,46.7,100.0,1,0
S349,Data Structures,0,1,15.8,2,43.8,50.0,0,1
S349,Data Structures,1,1,18.7,1,47.1,66.7,1,2
S349,Functions,2,0,55.7,2,50.0,33.3,2,0
S349,Variables,0,1,29.7,1,47.4,0.0,0,1
S349,OOP,1,1,24.5,1,50.0,60.0,1,2
S349,Functions,2,0,64.8,3,52.4,25.0,2,0
S349,Functions,0,1,11.0,1,50.0,20.0,0,1
S349,OOP,1,0,61.4,3,52.2,66.7,1,1
S349,Data Structures,1,1,34.9,3,50.0,75.0,0,1
S349,Data Structures,1,1,20.7,1,52.0,80.0,1,1
S349,Loops,1,0,43.6,3,53.8,50.0,2,0
S349,Data Structures,0,1,19.9,1,51.9,83.3,0,2
S349,Functions,2,0,43.2,3,53.6,33.3,1,0
S349,Loops,2,0,67.1,2,51.7,40.0,0,0
S349,OOP,0,1,15.3,1,50.0,57.1,0,2
S349,Loops,2,0,46.0,2,51.6,33.3,1,0
S349,Variables,0,1,20.2,1,50.0,33.3,0,1
S349,Data Structures,1,0,61.8,2,51.5,85.7,1,0
S349,Functions,0,1,20.0,1,50.0,28.6,0,1
S349,OOP,1,0,27.7,2,51.4,62.5,1,0
S349,OOP,0,1,11.1,1,50.0,55.6,0,2
S349,Functions,2,0,94.5,3,51.4,37.5,1,0
S349,Functions,0,1,22.3,1,50.0,33.3,0,1
S349,OOP,1,1,37.4,1,51.3,60.0,1,2
S350,Variables,1,0,69.8,3,60.0,60.0,0,0
S350,Data Structures,0,1,12.8,1,0.0,0.0,0,1
S350,Variables,1,0,62.1,2,50.0,0.0,1,0
S350,Functions,0,1,23.3,1,33.3,33.3,0,1
S350,Functions,1,0,43.0,2,50.0,100.0,1,1
S350,OOP,1,0,69.1,2,40.0,40.0,0,0
S350,Variables,0,0,24.8,1,33.3,0.0,0,0
S350,Loops,0,1,28.2,1,28.6,28.6,0,1
S350,Loops,2,0,72.3,1,37.5,100.0,1,1
S350,Data Structures,2,0,58.4,3,33.3,100.0,0,0
S350,Data Structures,2,0,107.2,3,30.0,50.0,0,0
S350,Variables,0,0,43.0,2,27.3,0.0,0,0
S350,Functions,2,0,100.5,2,25.0,50.0,0,0
S350,Variables,0,1,20.8,1,23.1,0.0,0,1
S350,Variables,1,1,34.3,1,28.6,20.0,1,1
S350,Variables,1,0,35.6,2,33.3,33.3,2,0
S350,OOP,0,1,12.9,1,31.2,0.0,0,1
S350,Data Structures,1,0,44.1,3,35.3,33.3,1,0
S350,OOP,0,1,16.8,1,33.3,50.0,0,1
S350,OOP,1,0,26.2,2,36.8,66.7,1,0
S350,Data Structures,2,0,61.1,3,35.0,25.0,0,0
S350,Data Structures,0,1,14.1,1,33.3,20.0,0,1
S350,Variables,1,0,55.9,2,36.4,28.6,1,0
S350,OOP,0,1,20.3,1,34.8,50.0,0,1
S350,Functions,1,0,42.7,3,37.5,33.3,1,0
S350,Variables,0,1,19.9,1,36.0,25.0,0,1
S350,OOP,1,0,53.6,2,38.5,60.0,1,0
S350,Functions,1,1,35.8,1,37.0,25.0,0,1
S350,Data Structures,1,0,31.9,3,39.3,33.3,1,0
S350,Variables,0,1,32.1,1,37.9,33.3,0,1
S350,Data Structures,1,0,49.0,2,40.0,28.6,1,1
S350,OOP,0,1,13.5,1,38.7,50.0,0,1
S350,Variables,2,0,92.4,2,40.6,40.0,1,0
S350,OOP,0,1,19.4,1,39.4,57.1,0,1
S350,Variables,0,1,25.8,1,41.2,36.4,1,1
S350,Variables,0,1,15.0,1,42.9,41.7,2,2
S350,Data Structures,2,0,66.1,3,44.4,25.0,3,0
S350,OOP,2,0,72.8,3,43.2,62.5,0,0
S350,Data Structures,0,1,22.0,1,42.1,22.2,0,1
S350,Data Structures,1,1,30.5,1,43.6,30.0,1,1
S351,OOP,1,0,48.6,2,60.0,60.0,0,0
S351,Variables,0,0,25.1,3,0.0,0.0,0,0
S351,OOP,0,0,19.2,3,0.0,0.0,0,0
S351,OOP,0,1,21.9,1,0.0,0.0,0,1
S351,Functions,1,1,84.0,1,25.0,25.0,1,2
S351,Data Structures,2,0,57.8,3,40.0,40.0,2,0
S351,Variables,0,0,20.1,3,33.3,0.0,0,0
S351,Loops,0,1,16.9,1,28.6,28.6,0,1
S351,Data Structures,2,0,94.0,1,37.5,0.0,1,0
S351,Functions,0,1,19.1,2,33.3,100.0,0,2
S351,Loops,2,0,71.7,2,40.0,100.0,1,0
S351,OOP,0,1,16.5,1,36.4,33.3,0,1
S351,OOP,1,0,83.9,3,41.7,50.0,1,0
S351,OOP,0,0,15.4,2,38.5,40.0,0,0
S351,OOP,0,0,25.7,2,35.7,33.3,0,0
S351,Data Structures,0,0,56.9,2,33.3,0.0,0,0
S351,Variables,0,0,49.9,2,31.2,0.0,0,0
S351,Data Structures,0,1,15.3,1,29.4,0.0,0,1
S351,Variables,1,0,66.6,3,33.3,0.0,1,0
S351,Data Structures,0,1,16.7,1,31.6,25.0,0,1
S351,Loops,1,1,32.2,1,35.0,50.0,1,2
S351,Loops,2,0,70.4,2,38.1,66.7,2,0
S351,Variables,0,1,21.6,1,36.4,0.0,0,1
S351,Variables,1,0,59.2,3,39.1,20.0,1,0
S351,OOP,0,0,33.4,3,37.5,28.6,0,0
S351,Functions,0,1,24.4,1,36.0,100.0,0,2
S351,Functions,2,0,62.4,3,38.5,100.0,1,0
S351,OOP,1,1,45.8,1,37.0,25.0,0,1
S351,OOP,1,0,53.4,3,39.3,33.3,1,0
S351,Data Structures,2,0,87.6,2,37.9,40.0,0,0
S351,Functions,0,1,26.1,1,36.7,75.0,0,2
S351,Variables,2,0,68.7,3,38.7,16.7,1,0
S351,Functions,0,1,13.9,1,37.5,80.0,0,2
S351,Loops,2,0,80.8,2,39.4,50.0,1,0
S351,OOP,0,1,26.3,1,38.2,30.0,0,1
S351,Functions,1,0,52.9,2,40.0,83.3,1,0
S351,OOP,0,0,48.2,3,38.9,36.4,0,0
S351,Loops,0,1,23.9,1,37.8,40.0,0,1
S351,OOP,1,0,51.5,2,39.5,33.3,1,0
S351,OOP,0,0,48.2,3,38.5,30.8,0,0
S352,Loops,1,1,42.1,1,60.0,60.0,0,2
S352,Data Structures,2,0,78.4,3,100.0,100.0,1,1
S352,Loops,1,1,39.4,1,50.0,100.0,0,2
S352,Functions,2,0,73.4,2,66.7,66.7,1,0
S352,Variables,0,1,18.5,1,50.0,50.0,0,1
S352,Data Structures,1,1,26.3,1,60.0,0.0,1,1
S352,Data Structures,0,1,14.4,1,66.7,50.0,2,2
S352,Variables,2,0,63.8,2,71.4,100.0,3,1
S352,Variables,1,0,45.6,3,62.5,50.0,0,0
S352,Variables,0,0,35.5,2,55.6,33.3,0,0
S352,OOP,0,1,20.4,1,50.0,50.0,0,1
S352,OOP,1,0,32.7,2,54.5,100.0,1,1
S352,Variables,1,0,54.0,2,50.0,25.0,0,0
S352,Loops,2,0,127.5,3,46.2,100.0,0,0
S352,Variables,0,0,30.1,2,42.9,20.0,0,0
S352,Functions,0,1,22.2,1,40.0,0.0,0,1
S352,Loops,1,0,44.5,2,43.8,66.7,1,0
S352,Loops,1,0,55.7,2,41.2,50.0,0,0
S352,Functions,0,1,34.4,1,38.9,50.0,0,1
S352,OOP,1,0,37.3,3,42.1,50.0,1,0
S352,Data Structures,0,1,21.2,1,40.0,66.7,0,2
S352,Functions,2,0,137.6,3,42.9,66.7,1,0
S352,OOP,0,1,17.7,1,40.9,33.3,0,1
S352,Functions,1,1,23.6,1,43.5,50.0,1,2
S352,Loops,2,0,108.2,2,45.8,40.0,2,0
S352,OOP,0,0,26.7,1,44.0,50.0,0,0
S352,OOP,0,1,26.5,1,42.3,40.0,0,1
S352,Functions,2,0,55.3,2,44.4,60.0,1,0
S352,Functions,0,1,26.2,1,42.9,50.0,0,1
S352,Functions,1,0,48.4,3,44.8,57.1,1,0
S352,OOP,2,0,88.5,3,43.3,50.0,0,0
S352,Loops,0,0,35.3,2,41.9,33.3,0,0
S352,Functions,0,1,20.6,1,40.6,50.0,0,1
S352,Variables,1,0,103.5,2,42.4,16.7,1,0
S352,Loops,1,0,43.1,3,41.2,28.6,0,0
S352,Loops,2,0,62.3,2,40.0,25.0,0,0
S352,Loops,0,0,48.1,3,38.9,22.2,0,0
S352,OOP,1,1,35.3,1,37.8,42.9,0,1
S352,Loops,0,1,22.5,1,39.5,20.0,1,1
S352,OOP,0,1,23.2,1,41.0,50.0,2,1
S353,Loops,1,0,67.2,2,60.0,60.0,0,0
S353,Functions,0,1,19.0,1,0.0,0.0,0,1
S353,Variables,1,1,58.4,1,50.0,50.0,1,1
S353,Functions,1,0,74.0,1,66.7,100.0,2,1
S353,Data Structures,1,0,62.2,2,50.0,50.0,0,0
S353,Data Structures,0,0,30.5,2,40.0,0.0,0,0
S353,Variables,0,0,24.7,1,33.3,100.0,0,1
S353,Data Structures,1,0,83.2,3,28.6,0.0,0,0
S353,Loops,0,1,24.0,1,25.0,0.0,0,1
S353,OOP,1,0,67.6,3,33.3,33.3,1,0
S353,OOP,2,0,124.7,1,30.0,0.0,0,0
S353,Data Structures,0,1,23.3,1,27.3,0.0,0,2
S353,Functions,2,0,74.9,1,33.3,50.0,1,0
S353,Loops,0,1,17.8,3,30.8,50.0,0,1
S353,Loops,2,0,60.0,3,35.7,66.7,1,0
S353,OOP,0,1,31.9,1,33.3,0.0,0,1
S353,Data Structures,1,0,54.2,2,37.5,25.0,1,0
S353,Loops,1,0,106.8,1,35.3,50.0,0,0
S353,Functions,0,1,19.7,1,33.3,33.3,0,1
S353,OOP,1,0,51.4,2,36.8,33.3,1,0
S353,Loops,0,0,47.4,2,35.0,40.0,0,0
S353,Variables,0,0,44.6,3,33.3,50.0,0,0
S353,Loops,0,0,26.0,2,31.8,33.3,0,0
S353,Functions,0,0,22.3,3,30.4,50.0,0,0
S353,Data Structures,0,0,22.6,3,29.2,20.0,0,0
S353,Variables,0,1,24.6,1,28.0,33.3,0,1
S353,OOP,1,0,54.5,3,30.8,25.0,1,0
S353,Loops,0,0,41.4,3,29.6,28.6,0,0
S353,Functions,0,1,24.7,1,28.6,40.0,0,1
S353,OOP,1,0,45.4,2,31.0,20.0,1,0
S353,OOP,0,0,44.3,2,30.0,16.7,0,0
S353,Functions,2,0,78.6,2,29.0,50.0,0,0
S353,OOP,0,1,30.9,2,28.1,14.3,0,1
S353,Functions,1,0,143.8,3,30.3,42.9,1,0
S353,Data Structures,0,0,27.6,3,29.4,16.7,0,0
S353,Functions,0,1,14.2,1,28.6,37.5,0,1
S353,OOP,1,0,66.8,2,30.6,25.0,1,0
S353,Data Structures,0,1,32.8,1,29.7,14.3,0,1
S353,OOP,1,0,73.7,2,31.6,22.2,1,0
S353,Loops,0,0,30.2,2,30.8,25.0,0,0
S354,Data Structures,1,1,22.7,1,60.0,60.0,0,2
S354,Data Structures,2,0,112.6,3,100.0,100.0,1,0
S354,Data Structures,0,1,16.0,1,50.0,50.0,0,1
S354,Variables,1,1,33.1,1,66.7,66.7,1,2
S354,Data Structures,1,0,30.1,2,75.0,66.7,2,0
S354,OOP,0,1,43.8,1,60.0,60.0,0,1
S354,Functions,1,1,48.3,1,66.7,66.7,1,2
S354,Loops,2,0,62.1,2,71.4,71.4,2,0
S354,Data Structures,0,1,30.2,1,62.5,50.0,0,1
S354,Data Structures,2,0,93.7,3,66.7,60.0,1,1
S354,Variables,1,0,29.5,2,60.0,100.0,0,1
S354,Loops,1,0,61.0,2,54.5,0.0,0,0
S354,OOP,0,1,31.5,1,50.0,100.0,0,2
S354,Functions,2,0,55.7,3,53.8,100.0,1,1
S354,Variables,1,0,36.9,3,50.0,50.0,0,0
S354,Loops,0,1,16.1,1,46.7,0.0,0,1
S354,Variables,0,1,19.6,1,50.0,33.3,1,1
S354,Variables,1,0,34.4,2,52.9,50.0,2,0
S354,Variables,0,1,36.5,1,50.0,40.0,0,1
S354,Functions,1,0,62.9,2,52.6,50.0,1,1
S354,OOP,1,0,86.4,3,50.0,100.0,0,0
S354,Data Structures,0,0,18.5,2,47.6,50.0,0,0
S354,Functions,0,1,27.4,1,45.5,33.3,0,1
S354,Variables,1,0,41.7,3,47.8,50.0,1,0
S354,Variables,0,0,31.4,2,45.8,42.9,0,0
S354,Variables,0,1,14.6,1,44.0,37.5,0,1
S354,Loops,1,1,33.3,1,46.2,33.3,1,1
S354,Data Structures,1,1,33.0,1,48.1,42.9,2,2
S354,Functions,2,0,42.0,3,50.0,50.0,3,0
S354,Data Structures,1,0,55.9,2,48.3,50.0,0,0
S354,Loops,0,1,18.9,1,46.7,50.0,0,1
S354,OOP,1,0,64.6,3,48.4,66.7,1,0
S354,Variables,1,0,69.9,2,46.9,44.4,0,0
S354,Loops,0,1,27.6,1,45.5,60.0,0,1
S354,Variables,0,1,18.0,2,47.1,40.0,1,1
S354,OOP,1,0,77.7,2,48.6,50.0,2,1
S354,Loops,1,1,31.0,1,47.2,66.7,0,2
S354,OOP,2,0,151.2,3,48.6,40.0,1,0
S354,Variables,0,1,26.4,1,47.4,45.5,0,0
S354,Functions,0,1,28.6,1,48.7,40.0,1,1
S355,Functions,1,0,45.5,3,60.0,60.0,0,0
S355,Functions,1,0,78.0,2,0.0,0.0,0,0
S355,Functions,1,0,62.3,2,0.0,0.0,0,0
S355,Data Structures,2,0,66.2,3,0.0,0.0,0,0
S355,OOP,0,0,32.4,3,0.0,0.0,0,0
S355,Loops,0,0,18.4,2,0.0,0.0,0,0
S355,Functions,0,0,28.8,3,0.0,0.0,0,0
S355,Functions,0,0,25.5,2,0.0,0.0,0,0
S355,Variables,2,0,102.7,2,0.0,0.0,0,0
S355,Data Structures,0,0,53.6,1,0.0,0.0,0,0
S355,Loops,0,0,32.8,2,0.0,0.0,0,1
S355,Loops,1,0,47.8,2,0.0,0.0,0,0
S355,OOP,0,0,34.4,2,0.0,0.0,0,0
S355,Functions,0,1,21.5,1,0.0,0.0,0,1
S355,Variables,1,0,70.7,2,7.1,0.0,1,0
S355,Variables,0,0,23.6,2,6.7,0.0,0,0
S355,Functions,0,0,35.7,2,6.2,16.7,0,0
S355,Variables,2,0,139.1,3,5.9,0.0,0,0
S355,Functions,0,0,23.6,2,5.6,14.3,0,0
S355,Data Structures,0,1,37.2,1,5.3,0.0,0,1
S355,Functions,2,0,123.5,2,10.0,12.5,1,0
S355,Loops,0,0,27.0,3,9.5,0.0,0,0
S355,Loops,0,1,23.1,1,9.1,0.0,0,1
S355,Functions,0,1,28.6,1,13.0,11.1,1,2
S355,Variables,2,0,104.5,2,16.7,0.0,2,0
S355,Loops,0,1,42.7,1,16.0,20.0,0,1
S355,Loops,1,0,54.1,2,19.2,33.3,1,0
S355,Loops,2,0,88.6,2,18.5,28.6,0,0
S355,OOP,0,0,32.1,2,17.9,0.0,0,0
S355,Functions,0,0,42.6,1,17.2,20.0,0,0
S355,Functions,0,0,54.9,2,16.7,18.2,0,0
S355,Loops,0,0,38.7,1,16.1,25.0,0,0
S355,Loops,0,0,29.5,2,15.6,22.2,0,0
S355,Loops,0,0,29.9,2,15.2,20.0,0,0
S355,Variables,0,0,47.7,3,14.7,0.0,0,0
S355,Variables,0,0,15.8,3,14.3,0.0,0,0
S355,OOP,0,0,20.9,3,13.9,0.0,0,0
S355,Variables,1,0,42.6,3,13.5,0.0,0,0
S355,Data Structures,0,0,46.5,2,13.2,33.3,0,0
S355,Data Structures,0,0,42.9,2,12.8,25.0,0,1
S356,OOP,1,0,42.7,3,60.0,60.0,0,0
S356,Variables,0,1,40.7,1,0.0,0.0,0,1
S356,Variables,1,0,33.9,3,50.0,100.0,1,1
S356,OOP,1,0,83.4,2,33.3,0.0,0,0
S356,Loops,2,0,79.0,3,25.0,25.0,0,0
S356,Functions,0,0,26.1,2,20.0,20.0,0,0
S356,Functions,0,0,28.5,2,16.7,0.0,0,0
S356,Variables,1,0,44.0,2,14.3,50.0,0,0
S356,Functions,2,0,125.0,2,12.5,0.0,0,0
S356,Loops,2,0,57.7,2,11.1,0.0,0,0
S356,Variables,2,0,111.0,3,10.0,33.3,0,0
S356,Data Structures,0,1,25.7,1,9.1,9.1,0,1
S356,Data Structures,0,0,30.5,2,16.7,100.0,1,0
S356,Data Structures,0,0,41.6,2,15.4,50.0,0,0
S356,Functions,0,0,21.6,2,14.3,0.0,0,0
S356,OOP,0,0,45.9,2,13.3,0.0,0,0
S356,Variables,0,0,63.3,3,12.5,25.0,0,0
S356,Data Structures,0,0,30.7,3,11.8,33.3,0,0
S356,Functions,0,1,35.0,1,11.1,0.0,0,1
S356,Data Structures,1,0,68.0,2,15.8,25.0,1,0
S356,Variables,0,1,40.1,1,15.0,20.0,0,1
S356,Loops,1,0,67.2,2,19.0,0.0,1,0
S356,Data Structures,0,0,46.9,2,18.2,20.0,0,0
S356,OOP,0,0,26.5,3,17.4,0.0,0,0
S356,Functions,0,1,23.6,1,16.7,20.0,0,1
S356,Variables,1,0,34.3,2,20.0,33.3,1,0
S356,Data Structures,0,0,28.7,2,19.2,16.7,0,0
S356,Variables,0,0,40.9,3,18.5,28.6,0,0
S356,Data Structures,0,0,62.4,2,17.9,14.3,0,0
S356,Functions,0,1,23.8,3,17.2,33.3,0,1
S356,OOP,1,0,39.7,3,20.0,0.0,1,0
S356,Variables,0,0,35.7,2,19.4,25.0,0,0
S356,OOP,0,0,41.3,3,18.8,0.0,0,0
S356,Variables,0,0,39.2,3,18.2,22.2,0,0
S356,Variables,0,0,42.9,2,17.6,20.0,0,0
S356,OOP,0,0,51.4,3,17.1,0.0,0,0
S356,Data Structures,2,0,104.1,2,16.7,12.5,0,0
S356,Data Structures,0,1,28.1,1,16.2,11.1,0,1
S356,Data Structures,1,0,26.3,3,18.4,20.0,1,0
S356,Variables,0,0,25.4,2,17.9,18.2,0,0
S357,Data Structures,1,1,16.3,1,60.0,60.0,0,2
S357,OOP,2,0,45.2,2,100.0,100.0,1,1
S357,Variables,2,1,35.5,1,50.0,50.0,0,2
S357,Data Structures,2,0,73.8,3,66.7,100.0,1,0
S357,Variables,0,1,6.4,1,50.0,100.0,0,2
S357,Functions,2,1,28.7,1,60.0,60.0,1,2
S357,Data Structures,2,1,38.5,1,66.7,50.0,2,2
S357,Variables,1,1,21.9,1,71.4,100.0,3,2
S357,OOP,2,1,30.9,1,75.0,0.0,4,1
S357,OOP,1,1,26.5,1,77.8,50.0,5,1
S357,OOP,1,1,22.2,1,80.0,66.7,6,2
S357,Variables,2,1,58.5,1,81.8,100.0,7,2
S357,Loops,0,1,17.4,1,83.3,83.3,8,2
S357,Variables,2,1,18.7,2,84.6,100.0,9,2
S357,Variables,0,1,11.1,1,85.7,100.0,10,2
S357,Variables,2,1,14.5,1,86.7,100.0,11,2
S357,Functions,1,1,19.8,1,87.5,100.0,12,2
S357,Variables,2,1,20.9,1,88.2,100.0,13,2
S357,Data Structures,2,1,28.2,1,88.9,66.7,14,2
S357,OOP,2,1,51.5,3,89.5,75.0,15,2
S357,Functions,2,1,21.9,1,90.0,100.0,16,2
S357,Loops,2,0,50.7,2,90.5,100.0,17,1
S357,OOP,0,1,11.6,1,86.4,80.0,0,2
S357,Loops,2,0,72.4,3,87.0,50.0,1,0
S357,Data Structures,1,1,16.9,1,83.3,75.0,0,2
S357,Functions,2,1,18.8,1,84.0,100.0,1,2
S357,OOP,2,1,32.0,1,84.6,83.3,2,2
S357,OOP,2,0,52.4,1,85.2,85.7,3,1
S357,OOP,1,1,19.7,1,82.1,75.0,0,2
S357,Data Structures,1,1,23.8,1,82.8,80.0,1,2
S357,Data Structures,2,0,83.5,2,83.3,83.3,2,0
S357,Functions,0,1,7.6,1,80.6,100.0,0,2
S357,OOP,2,1,35.5,1,81.2,77.8,1,2
S357,Loops,2,0,31.5,2,81.8,33.3,2,0
S357,Functions,0,1,8.6,1,79.4,100.0,0,2
S357,OOP,1,1,22.8,1,80.0,80.0,1,2
S357,Loops,2,1,30.5,1,80.6,25.0,2,2
S357,Data Structures,2,0,47.1,2,81.1,71.4,3,0
S357,Loops,0,1,11.0,1,78.9,40.0,0,2
S357,OOP,2,1,28.4,1,79.5,81.8,1,2
S358,Loops,1,1,18.7,1,60.0,60.0,0,2
S358,Functions,2,1,51.3,1,100.0,100.0,1,2
S358,Variables,2,0,68.5,3,100.0,100.0,2,1
S358,OOP,1,0,36.4,2,66.7,66.7,0,0
S358,OOP,0,1,10.3,1,50.0,0.0,0,1
S358,Variables,2,0,77.8,2,60.0,0.0,1,0
S358,Functions,0,1,13.1,1,50.0,100.0,0,2
S358,Loops,2,1,27.9,2,57.1,100.0,1,2
S358,OOP,2,0,33.0,2,62.5,50.0,2,0
S358,OOP,0,1,19.1,1,55.6,33.3,0,1
S358,OOP,1,1,23.0,1,60.0,50.0,1,2
S358,Data Structures,2,1,18.8,1,63.6,63.6,2,2
S358,Functions,2,0,75.5,3,66.7,100.0,3,0
S358,Loops,0,1,15.3,1,61.5,100.0,0,2
S358,Loops,0,1,13.2,1,64.3,100.0,1,2
S358,Data Structures,0,1,8.3,1,66.7,100.0,2,2
S358,Functions,2,0,43.9,2,68.8,66.7,3,0
S358,Functions,1,1,29.2,1,64.7,50.0,0,2
S358,Data Structures,2,1,27.4,2,66.7,100.0,1,2
S358,Variables,2,0,50.9,3,68.4,0.0,2,0
S358,Data Structures,0,1,12.6,2,65.0,100.0,0,2
S358,Variables,2,0,49.2,3,66.7,0.0,1,0
S358,OOP,0,1,9.4,1,63.6,60.0,0,2
S358,Variables,2,0,54.8,2,65.2,0.0,1,0
S358,Variables,0,1,8.7,1,62.5,0.0,0,1
S358,OOP,1,1,26.6,1,64.0,66.7,1,2
S358,OOP,2,0,32.3,2,65.4,71.4,2,0
S358,Functions,1,1,24.4,1,63.0,60.0,0,2
S358,Functions,2,0,40.1,3,64.3,66.7,1,0
S358,OOP,0,1,15.7,1,62.1,62.5,0,2
S358,Functions,2,1,44.8,1,63.3,57.1,1,2
S358,OOP,2,1,56.3,1,64.5,66.7,2,2
S358,OOP,2,0,33.8,2,65.6,70.0,3,0
S358,Data Structures,0,1,13.8,2,63.6,100.0,0,2
S358,OOP,2,0,86.7,2,64.7,63.6,1,0
S358,OOP,0,1,14.8,1,62.9,58.3,0,2
S358,Loops,0,1,21.2,1,63.9,100.0,1,2
S358,Data Structures,2,1,37.1,1,64.9,100.0,2,2
S358,Variables,2,0,52.1,2,65.8,16.7,3,1
S358,Data Structures,0,1,6.4,1,64.1,100.0,0,2
S359,Data Structures,1,1,19.7,1,60.0,60.0,0,2
S359,Functions,2,1,37.3,2,100.0,100.0,1,2
S359,Loops,2,0,69.5,2,100.0,100.0,2,1
S359,Variables,1,0,20.8,1,66.7,66.7,0,1
S359,Loops,1,1,17.9,1,50.0,0.0,0,1
S359,Functions,2,0,36.7,2,60.0,100.0,1,1
S359,OOP,1,1,31.7,1,50.0,50.0,0,2
S359,Data Structures,2,0,66.3,3,57.1,100.0,1,0
S359,Functions,0,1,19.3,1,50.0,50.0,0,1
S359,Functions,1,1,26.6,1,55.6,66.7,1,2
S359,Loops,0,1,20.9,1,60.0,50.0,2,1
S359,Loops,1,1,31.5,1,63.6,66.7,3,2
S359,Data Structures,2,0,90.2,2,66.7,50.0,4,0
S359,Functions,0,1,19.9,1,61.5,75.0,0,2
S359,Loops,2,0,44.4,1,64.3,75.0,1,1
S359,OOP,1,1,23.2,1,60.0,100.0,0,2
S359,Variables,2,1,41.7,1,62.5,0.0,1,1
S359,Variables,1,1,19.5,1,64.7,50.0,2,2
S359,Functions,2,0,70.8,2,66.7,80.0,3,0
S359,Data Structures,0,1,14.4,1,63.2,33.3,0,1
S359,OOP,1,1,31.8,1,65.0,100.0,1,2
S359,OOP,2,0,51.8,2,66.7,100.0,2,1
S359,Variables,1,1,23.8,1,63.6,66.7,0,2
S359,Loops,2,1,44.1,1,65.2,60.0,1,2
S359,Variables,2,0,119.0,2,66.7,75.0,2,0
S359,Variables,0,1,16.0,1,64.0,60.0,0,2
S359,OOP,2,0,44.0,3,65.4,75.0,1,0
S359,OOP,0,1,10.8,1,63.0,60.0,0,2
S359,Data Structures,2,0,56.6,3,64.3,50.0,1,0
S359,Data Structures,0,1,21.2,1,62.1,40.0,0,1
S359,Functions,1,1,32.5,1,63.3,66.7,1,2
S359,Loops,2,0,85.7,2,64.5,66.7,2,0
S359,Functions,0,1,26.1,1,62.5,71.4,0,2
S359,Functions,2,0,71.6,2,63.6,75.0,1,0
S359,Functions,0,1,19.1,1,61.8,66.7,0,2
S359,Variables,1,1,25.5,1,62.9,66.7,1,2
S359,OOP,2,1,36.6,1,63.9,66.7,2,2
S359,Loops,1,1,24.2,1,64.9,57.1,3,2
S359,Variables,2,1,41.6,1,65.8,71.4,4,2
S359,Functions,1,1,35.0,1,66.7,70.0,5,2
S360,Variables,1,1,22.0,1,60.0,60.0,0,2
S360,Functions,2,0,53.2,2,100.0,100.0,1,1
S360,Data Structures,1,1,30.2,1,50.0,50.0,0,2
S360,Data Structures,0,1,17.2,1,66.7,100.0,1,2
S360,Variables,2,0,65.9,2,75.0,100.0,2,1
S360,Variables,1,1,26.3,1,60.0,50.0,0,2
S360,Loops,2,0,83.7,2,66.7,66.7,1,0
S360,OOP,0,1,13.5,1,57.1,57.1,0,2
S360,Loops,2,0,71.9,2,62.5,0.0,1,0
S360,Variables,0,1,12.3,1,55.6,66.7,0,2
S360,OOP,2,1,54.8,1,60.0,100.0,1,1
S360,Variables,1,1,31.8,1,63.6,75.0,2,2
S360,Functions,2,0,83.8,2,66.7,0.0,3,0
S360,Data Structures,1,1,28.3,1,61.5,100.0,0,2
S360,Functions,2,0,71.1,3,64.3,0.0,1,0
S360,Data Structures,0,1,8.4,1,60.0,100.0,0,2
S360,Variables,2,1,55.9,1,62.5,80.0,1,2
S360,Functions,2,0,32.5,3,64.7,0.0,2,0
S360,OOP,2,0,31.8,2,61.1,100.0,0,1
S360,Functions,1,0,36.8,3,57.9,0.0,0,0
S360,OOP,0,1,9.9,1,55.0,66.7,0,2
S360,OOP,2,1,30.9,1,57.1,75.0,1,2
S360,Data Structures,2,1,57.3,1,59.1,100.0,2,2
S360,Variables,2,0,39.2,2,60.9,83.3,3,1
S360,Variables,1,1,30.1,1,58.3,71.4,0,2
S360,Functions,2,0,90.4,3,60.0,0.0,1,0
S360,Variables,0,1,16.2,1,57.7,75.0,0,2
S360,Variables,2,0,155.7,2,59.3,77.8,1,0
S360,OOP,1,1,22.5,1,57.1,80.0,0,2
S360,Variables,2,0,59.4,2,58.6,70.0,1,0
S360,Loops,0,1,15.6,1,56.7,0.0,0,1
S360,Data Structures,2,1,28.1,1,58.1,100.0,1,2
S360,Data Structures,2,0,80.2,2,59.4,100.0,2,1
S360,Functions,1,1,33.7,1,57.6,0.0,0,1
S360,OOP,1,1,16.1,1,58.8,83.3,1,2
S360,Loops,2,0,92.4,2,60.0,33.3,2,0
S360,Functions,0,1,17.2,1,58.3,14.3,0,1
S360,OOP,1,1,23.9,1,59.5,85.7,1,2
S360,Functions,2,0,55.5,2,60.5,25.0,2,0
S360,Variables,0,0,31.9,1,59.0,63.6,0,0
S361,OOP,1,0,69.4,2,60.0,60.0,0,0
S361,Functions,0,0,22.2,2,0.0,0.0,0,0
S361,Loops,0,0,60.3,1,0.0,0.0,0,0
S361,Data Structures,0,0,30.7,2,0.0,0.0,0,0
S361,Data Structures,0,0,62.2,1,0.0,0.0,0,0
S361,Loops,0,0,17.7,3,0.0,0.0,0,0
S361,Data Structures,2,0,110.6,2,0.0,0.0,0,0
S361,Loops,0,1,36.1,1,0.0,0.0,0,1
S361,Variables,1,0,55.2,2,12.5,12.5,1,0
S361,Functions,0,1,35.6,1,11.1,0.0,0,1
S361,OOP,1,0,89.4,3,20.0,0.0,1,0
S361,Data Structures,0,0,27.9,2,18.2,0.0,0,0
S361,Variables,0,0,47.9,3,16.7,0.0,0,0
S361,Data Structures,0,0,29.5,2,15.4,0.0,0,1
S361,Variables,1,0,64.4,3,14.3,0.0,0,0
S361,Functions,0,0,41.5,3,13.3,50.0,0,0
S361,Functions,0,0,23.6,2,12.5,33.3,0,0
S361,Loops,2,0,69.3,3,11.8,33.3,0,0
S361,Loops,0,0,55.1,3,11.1,25.0,0,0
S361,OOP,0,1,16.0,1,10.5,0.0,0,1
S361,Data Structures,1,0,66.1,2,15.0,0.0,1,1
S361,Loops,1,0,57.3,3,14.3,20.0,0,0
S361,Loops,0,0,30.6,2,13.6,16.7,0,0
S361,OOP,0,1,23.1,1,13.0,33.3,0,1
S361,Functions,1,0,58.6,2,16.7,25.0,1,0
S361,Variables,2,0,46.4,2,16.0,0.0,0,0
S361,Loops,0,0,25.2,3,15.4,14.3,0,0
S361,Variables,2,0,132.7,1,14.8,0.0,0,0
S361,OOP,0,1,25.1,1,14.3,50.0,0,1
S361,Variables,1,0,59.6,3,17.2,0.0,1,0
S361,OOP,0,0,27.2,3,16.7,60.0,0,0
S361,Variables,0,0,32.8,2,16.1,0.0,0,0
S361,OOP,0,1,26.1,1,15.6,50.0,0,1
S361,Loops,2,0,67.0,2,18.2,12.5,1,0
S361,Loops,1,0,69.6,2,17.6,11.1,0,0
S361,Variables,0,0,51.4,2,17.1,0.0,0,0
S361,Functions,0,1,27.2,1,16.7,20.0,0,1
S361,Data Structures,1,0,80.0,3,18.9,0.0,1,0
S361,Variables,0,0,30.7,1,18.4,0.0,0,1
S361,OOP,2,0,148.6,3,17.9,57.1,0,0
S362,Data Structures,1,1,44.0,1,60.0,60.0,0,2
S362,Functions,1,1,31.8,1,100.0,100.0,1,2
S362,Variables,2,0,43.5,2,100.0,100.0,2,1
S362,OOP,1,1,43.1,1,66.7,66.7,0,2
S362,Data Structures,2,0,59.0,3,75.0,100.0,1,1
S362,Data Structures,1,0,35.8,3,60.0,50.0,0,0
S362,Loops,0,1,16.1,1,50.0,50.0,0,1
S362,Data Structures,1,0,65.6,2,57.1,33.3,1,0
S362,Functions,0,1,16.0,1,50.0,100.0,0,2
S362,OOP,2,0,86.9,2,55.6,100.0,1,0
S362,Variables,0,1,16.9,1,50.0,0.0,0,1
S362,Functions,1,1,21.6,1,54.5,100.0,1,2
S362,Loops,1,0,38.2,2,58.3,100.0,2,1
S362,Functions,1,1,24.3,1,53.8,100.0,0,2
S362,Data Structures,2,0,80.5,2,57.1,25.0,1,0
S362,Functions,0,1,12.8,1,53.3,100.0,0,2
S362,Loops,2,0,136.8,3,56.2,50.0,1,0
S362,Variables,0,1,26.5,1,52.9,50.0,0,1
S362,Variables,1,1,23.3,1,55.6,66.7,1,2
S362,Loops,2,0,44.0,2,57.9,33.3,2,0
S362,Data Structures,0,1,14.7,1,55.0,20.0,0,1
S362,OOP,1,0,32.7,3,57.1,50.0,1,0
S362,Data Structures,0,1,14.4,2,54.5,33.3,0,1
S362,Loops,1,0,27.8,2,56.5,25.0,1,0
S362,Variables,0,1,12.1,3,54.2,75.0,0,1
S362,Data Structures,1,0,61.9,2,56.0,42.9,1,0
S362,Variables,0,1,18.3,1,53.8,80.0,0,2
S362,Data Structures,2,0,89.0,2,55.6,37.5,1,0
S362,OOP,0,1,21.6,1,53.6,33.3,0,1
S362,OOP,0,1,38.6,1,55.2,50.0,1,1
S362,Data Structures,1,1,30.0,1,56.7,33.3,2,1
S362,OOP,1,0,39.0,2,58.1,60.0,3,0
S362,Data Structures,0,1,11.6,1,56.2,40.0,0,1
S362,OOP,1,0,48.9,2,57.6,50.0,1,0
S362,Data Structures,0,1,27.2,1,55.9,45.5,0,1
S362,Data Structures,1,1,26.6,1,57.1,50.0,1,2
S362,OOP,1,0,58.6,2,58.3,42.9,2,0
S362,Data Structures,0,1,25.9,1,56.8,53.8,0,1
S362,Loops,1,0,57.5,3,57.9,20.0,1,0
S362,Functions,0,1,14.3,1,56.4,100.0,0,2
S363,Variables,1,0,38.0,2,60.0,60.0,0,0
S363,Variables,0,1,10.8,1,0.0,0.0,0,1
S363,OOP,1,0,49.2,3,50.0,50.0,1,0
S363,Functions,0,1,18.4,1,33.3,33.3,0,1
S363,Loops,1,1,16.2,1,50.0,50.0,1,2
S363,Loops,2,1,51.0,1,60.0,100.0,2,2
S363,Functions,2,0,35.1,2,66.7,100.0,3,1
S363,Data Structures,1,0,58.6,2,57.1,57.1,0,0
S363,Variables,0,1,24.6,1,50.0,50.0,0,1
S363,Functions,1,1,38.6,1,55.6,50.0,1,2
S363,Loops,2,0,47.8,3,60.0,100.0,2,1
S363,Functions,1,0,40.0,2,54.5,66.7,0,0
S363,Variables,0,0,20.0,2,50.0,66.7,0,0
S363,Variables,0,1,28.6,1,46.2,50.0,0,1
S363,Variables,1,1,47.2,1,50.0,60.0,1,2
S363,Data Structures,0,1,32.9,1,53.3,0.0,2,1
S363,Functions,1,1,31.8,2,56.2,50.0,3,1
S363,OOP,1,1,16.9,1,58.8,0.0,4,1
S363,Data Structures,1,0,56.7,3,61.1,50.0,5,0
S363,Loops,1,1,22.2,1,57.9,66.7,0,2
S363,Functions,2,0,51.9,2,60.0,60.0,1,0
S363,Variables,0,1,8.3,1,57.1,66.7,0,2
S363,OOP,2,0,87.4,3,59.1,50.0,1,0
S363,Variables,1,0,30.9,2,56.5,71.4,0,0
S363,OOP,0,1,17.9,1,54.2,33.3,0,1
S363,Variables,1,1,25.8,1,56.0,62.5,1,2
S363,Loops,0,1,7.2,3,57.7,75.0,2,2
S363,Functions,2,1,60.0,1,59.3,50.0,3,2
S363,Data Structures,2,0,99.8,2,60.7,33.3,4,0
S363,OOP,0,1,30.0,1,58.6,50.0,0,1
S363,Loops,1,1,23.8,1,60.0,80.0,1,2
S363,Loops,2,1,16.3,1,61.3,83.3,2,2
S363,Loops,2,1,45.1,1,62.5,85.7,3,2
S363,Loops,2,1,44.5,1,63.6,87.5,4,2
S363,Functions,2,0,92.2,2,64.7,57.1,5,0
S363,Functions,0,1,17.1,1,62.9,50.0,0,2
S363,Data Structures,2,0,52.2,3,63.9,25.0,1,0
S363,OOP,0,1,14.3,1,62.2,60.0,0,2
S363,Functions,0,1,18.2,1,63.2,55.6,1,2
S363,Data Structures,2,0,54.8,2,64.1,20.0,2,0
S364,Loops,1,0,56.6,3,60.0,60.0,0,0
S364,Variables,0,0,41.7,2,0.0,0.0,0,0
S364,Variables,2,0,96.4,2,0.0,0.0,0,0
S364,Functions,0,0,22.1,2,0.0,0.0,0,0
S364,Functions,0,1,13.0,1,0.0,0.0,0,1
S364,OOP,1,0,96.3,2,20.0,20.0,1,0
S364,Loops,0,0,23.9,3,16.7,0.0,0,0
S364,Functions,2,0,92.1,2,14.3,50.0,0,0
S364,Functions,0,1,14.0,1,12.5,33.3,0,1
S364,Data Structures,1,0,71.2,2,22.2,22.2,1,0
S364,Data Structures,0,1,17.9,1,20.0,0.0,0,1
S364,Data Structures,1,0,53.2,3,27.3,50.0,1,0
S364,Functions,1,0,99.9,3,25.0,50.0,0,0
S364,Data Structures,0,1,17.6,1,23.1,33.3,0,1
S364,Data Structures,1,1,45.7,1,28.6,50.0,1,1
S364,Variables,2,0,51.3,3,33.3,0.0,2,0
S364,Variables,1,0,74.1,3,31.2,0.0,0,0
S364,Variables,0,1,23.7,1,29.4,0.0,0,0
S364,Functions,0,1,18.3,1,33.3,40.0,1,1
S364,Data Structures,1,0,44.0,2,36.8,60.0,2,0
S364,Variables,0,1,33.5,1,35.0,20.0,0,1
S364,OOP,1,0,40.7,2,38.1,0.0,1,0
S364,OOP,0,0,18.4,2,36.4,0.0,0,0
S364,Functions,2,0,132.7,2,34.8,50.0,0,0
S364,Data Structures,0,0,61.0,3,33.3,50.0,0,0
S364,Functions,0,1,21.3,2,32.0,42.9,0,1
S364,Variables,1,0,45.3,2,34.6,33.3,1,0
S364,Loops,0,0,13.8,2,33.3,0.0,0,0
S364,Variables,0,1,27.1,1,32.1,28.6,0,1
S364,Data Structures,1,0,84.1,2,34.5,42.9,1,0
S364,Functions,0,1,18.9,1,33.3,50.0,0,1
S364,OOP,1,0,114.8,2,35.5,0.0,1,0
S364,Functions,0,1,14.6,1,34.4,55.6,0,1
S364,OOP,1,0,35.6,3,36.4,0.0,1,0
S364,OOP,2,0,79.2,1,35.3,0.0,0,0
S364,Variables,0,0,47.9,2,34.3,37.5,0,0
S364,Functions,0,1,26.9,1,33.3,60.0,0,1
S364,Functions,1,1,23.0,1,35.1,63.6,1,2
S364,OOP,2,0,72.5,1,36.8,0.0,2,0
S364,Functions,0,1,23.7,1,35.9,66.7,0,1
S365,Data Structures,1,0,85.6,3,60.0,60.0,0,0
S365,Variables,0,1,25.3,1,0.0,0.0,0,1
S365,OOP,1,0,110.5,2,50.0,50.0,1,0
S365,Loops,0,0,25.9,3,33.3,33.3,0,0
S365,OOP,1,0,89.0,3,25.0,0.0,0,0
S365,Variables,0,0,35.9,3,20.0,100.0,0,0
S365,Functions,0,1,53.6,1,16.7,16.7,0,1
S365,Data Structures,1,0,35.0,2,28.6,0.0,1,0
S365,OOP,0,1,32.5,1,25.0,0.0,0,1
S365,Data Structures,1,0,64.0,2,33.3,0.0,1,0
S365,OOP,0,1,31.0,1,30.0,33.3,0,1
S365,Data Structures,1,0,37.4,3,36.4,0.0,1,0
S365,Loops,0,0,62.7,2,33.3,0.0,0,0
S365,Data Structures,1,1,47.8,1,30.8,0.0,0,1
S365,OOP,1,0,54.0,2,35.7,50.0,1,0
S365,Functions,0,1,21.1,1,33.3,100.0,0,2
S365,Data Structures,2,0,139.4,2,37.5,20.0,1,0
S365,Data Structures,0,0,40.3,3,35.3,16.7,0,0
S365,Data Structures,0,1,19.5,1,33.3,14.3,0,1
S365,Variables,0,0,36.1,3,36.8,50.0,1,1
S365,Loops,1,0,58.2,3,35.0,0.0,0,0
S365,Loops,0,0,37.7,3,33.3,0.0,0,0
S365,Functions,0,0,42.6,1,31.8,100.0,0,0
S365,Variables,2,0,120.4,3,30.4,33.3,0,0
S365,Loops,0,1,19.4,1,29.2,0.0,0,1
S365,OOP,1,0,69.2,1,32.0,40.0,1,0
S365,Variables,0,0,61.3,2,30.8,25.0,0,0
S365,Data Structures,0,0,58.2,3,29.6,25.0,0,0
S365,Variables,0,0,47.3,2,28.6,20.0,0,0
S365,Loops,2,0,116.2,3,27.6,20.0,0,0
S365,OOP,0,1,48.7,1,26.7,33.3,0,2
S365,OOP,2,0,113.3,3,29.0,42.9,1,0
S365,Loops,2,0,117.8,2,28.1,16.7,0,0
S365,Loops,0,0,38.9,2,27.3,14.3,0,0
S365,Loops,0,0,44.0,2,26.5,12.5,0,0
S365,OOP,0,1,18.9,1,25.7,37.5,0,1
S365,Variables,1,0,55.2,1,27.8,16.7,1,0
S365,Functions,0,0,22.1,2,27.0,66.7,0,0
S365,Loops,0,0,28.9,3,26.3,11.1,0,0
S365,Functions,0,0,20.8,3,25.6,50.0,0,0
S366,Functions,1,0,73.0,1,60.0,60.0,0,0
S366,Data Structures,0,1,38.2,1,0.0,0.0,0,1
S366,Functions,1,0,39.7,2,50.0,0.0,1,0
S366,Data Structures,0,1,12.4,1,33.3,100.0,0,2
S366,Loops,2,0,93.9,2,50.0,50.0,1,0
S366,OOP,0,0,22.9,2,40.0,40.0,0,0
S366,Data Structures,0,1,19.5,1,33.3,100.0,0,2
S366,Variables,1,0,66.2,3,42.9,42.9,1,0
S366,Functions,0,1,18.0,1,37.5,0.0,0,1
S366,Data Structures,1,1,38.4,1,44.4,100.0,1,2
S366,Variables,2,0,140.3,3,50.0,0.0,2,0
S366,Loops,0,0,47.4,2,45.5,0.0,0,0
S366,Functions,0,1,28.6,1,41.7,33.3,0,1
S366,Loops,1,0,37.7,3,46.2,0.0,1,0
S366,OOP,0,0,39.0,3,42.9,0.0,0,0
S366,Loops,0,1,34.2,1,40.0,0.0,0,1
S366,Functions,1,0,51.1,2,43.8,50.0,1,0
S366,Functions,0,1,19.5,2,41.2,40.0,0,1
S366,Loops,1,0,81.1,2,44.4,25.0,1,0
S366,Data Structures,0,0,32.4,3,42.1,100.0,0,0
S366,Variables,0,0,18.4,3,40.0,0.0,0,0
S366,OOP,1,0,55.7,3,38.1,0.0,0,0
S366,Data Structures,1,0,25.1,2,36.4,80.0,0,0
S366,Data Structures,0,1,19.7,1,34.8,66.7,0,2
S366,OOP,2,0,84.8,3,37.5,0.0,1,0
S366,Loops,0,0,33.8,2,36.0,20.0,0,0
S366,Loops,2,0,105.1,3,34.6,16.7,0,0
S366,OOP,1,0,70.1,2,33.3,0.0,0,1
S366,Data Structures,1,1,47.2,1,32.1,71.4,0,2
S366,Functions,2,0,61.1,3,34.5,50.0,1,0
S366,Functions,0,1,41.3,1,33.3,42.9,0,1
S366,Variables,1,0,55.6,3,35.5,0.0,1,0
S366,Loops,0,1,27.9,2,34.4,14.3,0,1
S366,Data Structures,1,0,45.5,3,36.4,75.0,1,0
S366,Data Structures,0,1,13.8,3,35.3,66.7,0,1
S366,OOP,1,0,67.4,2,37.1,0.0,1,0
S366,OOP,2,0,88.9,2,36.1,0.0,0,1
S366,Functions,1,0,55.8,2,35.1,50.0,0,0
S366,OOP,0,1,41.1,1,34.2,0.0,0,1
S366,Functions,1,0,28.4,3,35.9,44.4,1,0
S367,Functions,1,1,34.8,1,60.0,60.0,0,2
S367,OOP,2,1,57.0,1,100.0,100.0,1,2
S367,Loops,1,0,40.5,2,100.0,100.0,2,1
S367,Variables,1,1,18.2,1,66.7,66.7,0,2
S367,Variables,2,1,37.7,1,75.0,100.0,1,2
S367,Data Structures,2,1,23.8,1,80.0,80.0,2,2
S367,OOP,2,0,34.9,2,83.3,100.0,3,1
S367,Variables,1,1,26.6,1,71.4,100.0,0,2
S367,Data Structures,0,1,9.2,1,75.0,100.0,1,2
S367,Functions,2,0,124.7,1,77.8,100.0,2,1
S367,Functions,1,0,41.3,2,70.0,50.0,0,0
S367,Functions,0,1,17.5,1,63.6,33.3,0,1
S367,Functions,2,0,37.5,1,66.7,50.0,1,0
S367,Functions,0,1,11.8,1,61.5,40.0,0,1
S367,Data Structures,1,1,19.4,1,64.3,100.0,1,2
S367,Data Structures,2,1,26.2,1,66.7,100.0,2,2
S367,Data Structures,2,1,30.9,1,68.8,100.0,3,2
S367,Loops,0,1,16.1,1,70.6,0.0,4,1
S367,Loops,1,1,51.2,1,72.2,50.0,5,2
S367,Functions,2,0,86.6,2,73.7,50.0,6,0
S367,Data Structures,0,1,12.2,1,70.0,100.0,0,2
S367,Variables,2,1,41.4,1,71.4,100.0,1,2
S367,Loops,2,1,46.2,1,72.7,66.7,2,2
S367,Loops,2,0,45.1,3,73.9,75.0,3,0
S367,Functions,0,1,22.8,1,70.8,42.9,0,1
S367,Functions,1,0,52.4,3,72.0,50.0,1,0
S367,Functions,0,1,30.2,2,69.2,44.4,0,1
S367,OOP,1,1,21.3,1,70.4,50.0,1,2
S367,OOP,2,0,69.4,2,71.4,66.7,2,0
S367,OOP,0,1,19.1,2,69.0,50.0,0,1
S367,Data Structures,1,1,13.3,1,70.0,100.0,1,2
S367,Data Structures,2,1,25.4,2,71.0,100.0,2,2
S367,OOP,2,0,64.5,2,71.9,60.0,3,0
S367,Functions,0,1,11.3,1,69.7,50.0,0,2
S367,Loops,2,1,41.3,1,70.6,60.0,1,2
S367,Variables,0,1,15.8,1,71.4,100.0,2,2
S367,Variables,2,0,71.2,3,72.2,100.0,3,1
S367,Variables,1,1,21.6,1,70.3,83.3,0,2
S367,Loops,0,1,12.5,1,71.1,66.7,1,2
S367,Data Structures,1,1,16.4,1,71.8,100.0,2,2
S368,Variables,1,0,73.9,2,60.0,60.0,0,0
S368,Data Structures,0,1,16.0,1,0.0,0.0,0,1
S368,Variables,1,0,42.3,3,50.0,0.0,1,0
S368,OOP,0,1,31.9,1,33.3,33.3,0,1
S368,Loops,1,0,82.5,2,50.0,50.0,1,0
S368,Data Structures,0,1,19.5,1,40.0,100.0,0,2
S368,OOP,2,0,100.9,2,50.0,100.0,1,0
S368,OOP,0,1,20.3,1,42.9,50.0,0,1
S368,Variables,1,0,42.0,3,50.0,0.0,1,0
S368,Data Structures,0,1,20.5,1,44.4,100.0,0,2
S368,OOP,2,0,88.8,3,50.0,66.7,1,0
S368,Functions,0,1,17.3,2,45.5,45.5,0,1
S368,Functions,2,1,43.8,1,50.0,100.0,1,2
S368,Variables,2,0,129.6,2,53.8,0.0,2,0
S368,Functions,0,1,24.0,1,50.0,100.0,0,2
S368,Variables,2,0,42.7,2,53.3,0.0,1,0
S368,Variables,1,0,52.9,2,50.0,0.0,0,0
S368,Loops,0,1,18.9,1,47.1,0.0,0,1
S368,Loops,1,0,61.8,3,50.0,50.0,1,0
S368,Loops,0,0,17.5,2,47.4,33.3,0,0
S368,OOP,0,1,17.8,1,45.0,50.0,0,1
S368,Data Structures,0,1,16.3,1,47.6,100.0,1,2
S368,Loops,2,0,70.2,2,50.0,25.0,2,0
S368,OOP,0,1,28.6,1,47.8,60.0,0,1
S368,Functions,1,1,42.7,1,50.0,100.0,1,2
S368,Functions,2,1,50.6,1,52.0,100.0,2,2
S368,Variables,2,0,126.2,2,53.8,0.0,3,0
S368,OOP,0,1,17.7,1,51.9,66.7,0,2
S368,Data Structures,0,1,20.3,1,53.6,100.0,1,2
S368,Functions,2,0,44.8,2,55.2,100.0,2,1
S368,Loops,1,0,37.5,2,53.3,20.0,0,0
S368,Loops,0,1,29.4,1,51.6,16.7,0,1
S368,Variables,1,1,43.4,1,53.1,0.0,1,1
S368,Functions,1,1,21.1,1,54.5,83.3,2,2
S368,Loops,2,0,72.9,2,55.9,28.6,3,1
S368,Variables,1,0,32.4,3,54.3,12.5,0,0
S368,Variables,0,1,20.2,1,52.8,11.1,0,1
S368,Data Structures,1,0,34.0,1,54.1,100.0,1,1
S368,Functions,1,1,26.1,2,52.6,85.7,0,2
S368,Loops,2,0,91.4,2,53.8,25.0,1,0
S369,Data Structures,1,1,27.3,1,60.0,60.0,0,2
S369,Variables,0,1,15.0,1,100.0,100.0,1,2
S369,Variables,2,1,23.4,1,100.0,100.0,2,2
S369,OOP,2,1,19.6,1,100.0,100.0,3,2
S369,OOP,2,1,21.4,1,100.0,100.0,4,2
S369,OOP,1,1,13.9,1,100.0,100.0,5,2
S369,Data Structures,2,1,37.5,1,100.0,100.0,6,2
S369,OOP,0,1,11.2,1,100.0,100.0,7,2
S369,Loops,2,1,41.1,1,100.0,100.0,8,2
S369,OOP,2,0,42.9,2,100.0,100.0,9,1
S369,Functions,1,1,23.5,1,90.0,90.0,0,2
S369,OOP,2,1,19.0,2,90.9,80.0,1,2
S369,Variables,1,1,17.0,1,91.7,100.0,2,2
S369,Variables,1,1,21.0,1,92.3,100.0,3,2
S369,Loops,2,1,31.1,1,92.9,100.0,4,2
S369,Functions,2,1,22.1,1,93.3,100.0,5,2
S369,Loops,2,1,42.8,1,93.8,100.0,6,2
S369,Loops,1,1,21.0,1,94.1,100.0,7,2
S369,Functions,2,1,55.7,2,94.4,100.0,8,2
S369,Functions,2,0,28.3,3,94.7,100.0,9,1
S369,OOP,1,1,27.6,1,90.0,83.3,0,2
S369,Data Structures,2,1,51.2,1,90.5,100.0,1,2
S369,Variables,2,1,20.4,1,90.9,100.0,2,2
S369,OOP,2,1,22.8,1,91.3,85.7,3,2
S369,Loops,2,0,36.7,2,91.7,100.0,4,1
S369,Data Structures,1,1,15.4,1,88.0,100.0,0,2
S369,OOP,2,1,32.4,1,88.5,87.5,1,2
S369,Functions,2,1,30.3,1,88.9,75.0,2,1
S369,OOP,1,1,19.2,1,89.3,88.9,3,2
S369,Variables,2,1,31.8,1,89.7,100.0,4,2
S369,Loops,2,1,17.2,1,90.0,80.0,5,2
S369,Loops,2,1,38.9,1,90.3,83.3,6,2
S369,Data Structures,2,1,40.9,1,90.6,100.0,7,2
S369,Data Structures,2,1,16.1,3,90.9,100.0,8,2
S369,OOP,2,1,41.3,1,91.2,90.0,9,2
S369,OOP,2,1,36.2,1,91.4,90.9,10,2
S369,Functions,2,1,24.2,2,91.7,80.0,11,2
S369,Loops,2,1,39.3,1,91.9,85.7,12,2
S369,Functions,2,1,31.1,1,92.1,83.3,13,2
S369,Variables,2,1,28.8,1,92.3,100.0,14,2
S370,Variables,1,1,13.6,1,60.0,60.0,0,2
S370,Variables,2,1,27.7,1,100.0,100.0,1,2
S370,Variables,2,1,22.8,1,100.0,100.0,2,2
S370,Variables,1,1,11.4,1,100.0,100.0,3,2
S370,Functions,2,1,23.7,1,100.0,100.0,4,2
S370,Loops,2,1,21.6,1,100.0,100.0,5,2
S370,Data Structures,0,1,11.7,1,100.0,100.0,6,2
S370,Data Structures,2,1,27.2,1,100.0,100.0,7,2
S370,Data Structures,2,1,24.5,1,100.0,100.0,8,2
S370,Functions,2,1,22.7,1,100.0,100.0,9,2
S370,OOP,2,0,24.5,2,100.0,100.0,10,1
S370,OOP,1,1,13.0,3,90.9,0.0,0,1
S370,Variables,1,1,13.6,1,91.7,100.0,1,2
S370,Data Structures,2,1,28.2,1,92.3,100.0,2,2
S370,Data Structures,1,1,15.3,1,92.9,100.0,3,2
S370,Functions,2,1,25.2,1,93.3,100.0,4,2
S370,Loops,2,0,46.0,3,93.8,100.0,5,1
S370,Variables,1,1,11.5,1,88.2,100.0,0,2
S370,Variables,2,1,24.1,1,88.9,100.0,1,2
S370,Data Structures,2,1,29.2,1,89.5,100.0,2,2
S370,OOP,2,0,36.4,2,90.0,50.0,3,0
S370,Variables,0,1,5.3,1,85.7,100.0,0,2
S370,Data Structures,2,1,24.2,1,86.4,100.0,1,2
S370,OOP,2,1,41.8,1,87.0,33.3,2,2
S370,Functions,1,1,25.5,1,87.5,100.0,3,2
S370,Functions,2,1,18.5,1,88.0,100.0,4,2
S370,Functions,2,1,31.5,1,88.5,100.0,5,2
S370,Data Structures,2,1,35.2,1,88.9,100.0,6,2
S370,Functions,2,1,20.3,1,89.3,100.0,7,2
S370,Data Structures,2,1,21.3,1,89.7,100.0,8,2
S370,Data Structures,1,1,15.7,1,90.0,100.0,9,2
S370,Data Structures,2,1,13.6,1,90.3,100.0,10,2
S370,Loops,2,0,28.7,2,90.6,50.0,11,0
S370,Variables,0,1,10.3,3,87.9,100.0,0,2
S370,Variables,2,1,27.3,1,88.2,100.0,1,2
S370,Loops,2,1,32.3,1,88.6,33.3,2,2
S370,Loops,2,1,31.7,1,88.9,50.0,3,2
S370,Variables,1,1,13.9,1,89.2,100.0,4,2
S370,Loops,2,1,39.9,1,89.5,60.0,5,2
S370,Data Structures,1,1,26.8,1,89.7,100.0,6,2
S371,Functions,1,1,33.5,1,60.0,60.0,0,2
S371,Loops,2,0,99.5,2,100.0,100.0,1,1
S371,Data Structures,1,1,20.9,1,50.0,50.0,0,2
S371,Data Structures,2,0,58.2,3,66.7,100.0,1,1
S371,Variables,1,0,43.9,1,50.0,50.0,0,0
S371,Variables,0,0,41.5,2,40.0,0.0,0,0
S371,OOP,0,0,27.5,1,33.3,33.3,0,0
S371,Functions,0,1,26.5,1,28.6,100.0,0,2
S371,Variables,2,0,110.5,3,37.5,0.0,1,0
S371,Functions,0,1,32.2,1,33.3,100.0,0,2
S371,Variables,2,0,70.8,3,40.0,0.0,1,0
S371,Data Structures,0,0,21.3,3,36.4,50.0,0,0
S371,Data Structures,0,0,23.8,2,33.3,33.3,0,0
S371,Loops,0,1,24.1,1,30.8,0.0,0,1
S371,OOP,0,1,23.1,1,35.7,0.0,1,1
S371,Data Structures,0,1,23.3,1,40.0,25.0,2,1
S371,Data Structures,1,0,70.8,2,43.8,40.0,3,0
S371,OOP,0,1,18.0,1,41.2,50.0,0,1
S371,OOP,1,1,47.0,1,44.4,66.7,1,1
S371,Loops,1,0,52.5,2,47.4,50.0,2,0
S371,Functions,0,1,23.0,1,45.0,100.0,0,2
S371,Data Structures,2,0,85.0,3,47.6,33.3,1,0
S371,OOP,0,0,26.6,3,45.5,75.0,0,0
S371,Loops,0,0,38.5,3,43.5,33.3,0,0
S371,Functions,2,0,49.2,2,41.7,100.0,0,1
S371,OOP,1,0,44.4,2,40.0,60.0,0,0
S371,Loops,0,0,27.8,2,38.5,25.0,0,0
S371,Functions,2,0,69.1,3,37.0,80.0,0,0
S371,Data Structures,0,0,18.9,3,35.7,28.6,0,0
S371,Functions,0,1,12.0,1,34.5,66.7,0,2
S371,Functions,2,0,104.0,2,36.7,71.4,1,0
S371,Loops,0,1,28.8,1,35.5,20.0,0,1
S371,OOP,1,0,64.9,2,37.5,50.0,1,0
S371,Data Structures,0,1,25.4,1,36.4,25.0,0,1
S371,Functions,1,0,55.8,2,38.2,62.5,1,0
S371,Loops,0,0,49.2,2,37.1,33.3,0,1
S371,OOP,1,0,102.8,2,36.1,42.9,0,0
S371,Functions,0,1,20.1,1,35.1,55.6,0,1
S371,Data Structures,1,1,56.9,1,36.8,33.3,1,1
S371,OOP,1,0,84.0,2,38.5,37.5,2,0
S372,Loops,1,0,33.4,2,60.0,60.0,0,0
S372,Variables,0,0,20.3,2,0.0,0.0,0,0
S372,OOP,0,1,12.7,1,0.0,0.0,0,0
S372,Data Structures,2,0,70.0,2,33.3,33.3,1,0
S372,Functions,0,1,9.4,1,25.0,25.0,0,1
S372,OOP,0,1,23.6,1,40.0,100.0,1,2
S372,Variables,2,0,70.1,3,50.0,0.0,2,1
S372,OOP,1,0,38.2,2,42.9,100.0,0,1
S372,Data Structures,1,0,50.3,2,37.5,0.0,0,0
S372,Data Structures,0,1,22.8,1,33.3,0.0,0,1
S372,Data Structures,2,0,83.5,2,40.0,33.3,1,0
S372,Functions,2,0,40.5,3,36.4,100.0,0,0
S372,Variables,0,1,17.9,1,33.3,0.0,0,1
S372,Data Structures,1,1,39.0,1,38.5,25.0,1,1
S372,Loops,1,0,33.2,3,42.9,0.0,2,0
S372,Data Structures,0,1,26.8,1,40.0,40.0,0,1
S372,Variables,0,1,17.2,1,43.8,33.3,1,1
S372,Functions,2,0,34.9,2,47.1,50.0,2,0
S372,Functions,0,1,14.6,1,44.4,33.3,0,1
S372,Loops,1,1,39.7,1,47.4,0.0,1,1
S372,Data Structures,1,0,66.5,2,50.0,50.0,2,0
S372,Functions,0,1,20.4,2,47.6,50.0,0,1
S372,OOP,1,1,35.1,1,50.0,66.7,1,2
S372,OOP,2,0,62.1,2,52.2,75.0,2,0
S372,Variables,0,1,17.8,1,50.0,50.0,0,1
S372,OOP,1,0,35.3,2,52.0,60.0,1,0
S372,Functions,0,1,15.4,1,50.0,60.0,0,2
S372,Functions,2,1,35.6,1,51.9,66.7,1,2
S372,Functions,2,0,22.3,3,53.6,71.4,2,0
S372,Data Structures,0,0,37.3,1,51.7,42.9,0,0
S372,Data Structures,0,0,47.4,3,50.0,37.5,0,0
S372,OOP,0,1,33.6,1,48.4,50.0,0,1
S372,Data Structures,1,0,48.6,1,50.0,33.3,1,0
S372,Data Structures,1,0,73.6,2,48.5,30.0,0,0
S372,Data Structures,0,1,25.6,1,47.1,27.3,0,1
S372,OOP,1,1,27.5,1,48.6,57.1,1,1
S372,OOP,1,0,36.9,3,50.0,62.5,2,0
S372,Functions,0,1,16.7,1,48.6,62.5,0,1
S372,Loops,1,0,51.8,3,50.0,33.3,1,0
S372,Variables,0,1,29.3,1,48.7,60.0,0,1
S373,Data Structures,1,1,29.2,1,60.0,60.0,0,2
S373,OOP,2,0,81.6,3,100.0,100.0,1,1
S373,Data Structures,2,0,114.6,2,50.0,100.0,0,0
S373,OOP,0,1,30.5,1,33.3,0.0,0,1
S373,Loops,1,0,51.2,3,50.0,50.0,1,0
S373,OOP,0,1,12.3,1,40.0,50.0,0,1
S373,Loops,2,0,93.6,2,50.0,0.0,1,0
S373,Functions,0,0,37.3,2,42.9,42.9,0,0
S373,Functions,2,0,55.2,3,37.5,0.0,0,0
S373,Loops,0,1,19.6,1,33.3,0.0,0,1
S373,Variables,1,0,49.2,2,40.0,40.0,1,0
S373,OOP,0,1,19.9,1,36.4,66.7,0,2
S373,OOP,2,0,62.0,2,41.7,75.0,1,0
S373,Loops,0,0,26.2,3,38.5,33.3,0,0
S373,Loops,0,1,21.6,1,35.7,25.0,0,1
S373,Data Structures,1,0,33.8,3,40.0,50.0,1,0
S373,Data Structures,0,1,18.1,1,37.5,33.3,0,1
S373,Loops,1,1,35.6,1,41.2,40.0,1,1
S373,Loops,1,0,34.2,2,44.4,50.0,2,0
S373,OOP,0,1,12.3,1,42.1,60.0,0,2
S373,Variables,2,0,54.7,3,45.0,0.0,1,0
S373,Variables,0,1,19.3,2,42.9,0.0,0,2
S373,Variables,2,0,69.6,2,45.5,33.3,1,0
S373,Functions,0,1,19.1,1,43.5,0.0,0,1
S373,Loops,1,0,29.3,2,45.8,42.9,1,0
S373,Variables,0,0,22.8,3,44.0,25.0,0,0
S373,Loops,0,0,17.7,3,42.3,37.5,0,0
S373,Loops,0,1,21.2,1,40.7,33.3,0,1
S373,Functions,0,0,42.3,1,42.9,33.3,1,0
S373,Loops,0,1,29.3,1,41.4,40.0,0,1
S373,OOP,1,1,54.2,1,43.3,66.7,1,2
S373,Loops,2,0,121.1,3,45.2,45.5,2,0
S373,Functions,0,0,56.9,2,43.8,25.0,0,0
S373,OOP,0,1,36.6,1,42.4,71.4,0,1
S373,Data Structures,1,0,53.1,1,44.1,50.0,1,0
S373,Functions,0,1,20.9,1,42.9,20.0,0,1
S373,OOP,1,1,47.5,1,44.4,75.0,1,2
S373,OOP,2,0,44.6,3,45.9,77.8,2,0
S373,Variables,0,1,20.9,1,44.7,20.0,0,1
S373,Data Structures,1,1,47.3,1,46.2,40.0,1,1
S374,Data Structures,1,0,75.4,3,60.0,60.0,0,0
S374,Data Structures,0,1,27.0,1,0.0,0.0,0,1
S374,Data Structures,1,0,38.0,3,50.0,50.0,1,0
S374,Data Structures,0,1,16.6,1,33.3,33.3,0,1
S374,Data Structures,2,0,91.2,2,50.0,50.0,1,0
S374,Functions,0,1,22.5,1,40.0,40.0,0,1
S374,Data Structures,0,1,16.0,1,50.0,40.0,1,1
S374,OOP,1,0,48.5,2,57.1,57.1,2,0
S374,Variables,0,1,28.1,1,50.0,50.0,0,1
S374,Variables,1,0,88.4,3,55.6,100.0,1,0
S374,OOP,0,1,20.7,3,50.0,0.0,0,1
S374,OOP,1,1,45.2,1,54.5,50.0,1,2
S374,Data Structures,2,0,53.1,2,58.3,50.0,2,0
S374,OOP,0,1,16.5,1,53.8,66.7,0,2
S374,Loops,1,0,65.4,2,57.1,57.1,1,0
S374,Functions,0,0,22.2,3,53.3,100.0,0,0
S374,Data Structures,1,1,24.3,1,50.0,42.9,0,2
S374,OOP,1,1,42.9,1,52.9,75.0,1,2
S374,Data Structures,2,0,85.7,2,55.6,50.0,2,0
S374,Data Structures,0,0,21.5,2,52.6,44.4,0,0
S374,Functions,1,0,43.9,2,50.0,50.0,0,0
S374,Data Structures,0,1,28.6,1,47.6,40.0,0,1
S374,Loops,0,0,23.7,3,50.0,0.0,1,0
S374,Functions,0,1,28.7,1,47.8,33.3,0,1
S374,OOP,1,1,39.4,1,50.0,80.0,1,2
S374,Loops,0,1,25.0,1,52.0,0.0,2,1
S374,Data Structures,1,0,29.6,1,53.8,45.5,3,0
S374,Data Structures,0,1,16.0,1,51.9,41.7,0,2
S374,Data Structures,2,1,65.5,1,53.6,46.2,1,2
S374,Variables,2,0,95.7,2,55.2,50.0,2,0
S374,Loops,1,0,32.2,2,53.3,33.3,0,0
S374,Loops,0,0,35.9,2,51.6,25.0,0,0
S374,Loops,0,0,32.9,2,50.0,20.0,0,0
S374,OOP,0,1,10.6,1,48.5,83.3,0,2
S374,Variables,2,0,75.3,3,50.0,33.3,1,0
S374,OOP,0,0,25.5,3,48.6,85.7,0,0
S374,Variables,0,1,20.9,1,47.2,25.0,0,1
S374,OOP,1,1,31.2,2,48.6,75.0,1,2
S374,OOP,2,0,61.4,3,50.0,77.8,2,0
S374,Data Structures,0,0,29.2,2,48.7,50.0,0,0
S375,Functions,1,0,61.1,3,60.0,60.0,0,0
S375,Data Structures,0,0,21.4,1,0.0,0.0,0,0
S375,Loops,0,0,29.5,3,0.0,0.0,0,0
S375,Functions,0,0,39.4,3,0.0,0.0,0,0
S375,Loops,1,0,67.5,3,0.0,0.0,0,0
S375,OOP,0,1,42.4,1,0.0,0.0,0,1
S375,Data Structures,1,0,49.5,3,16.7,0.0,1,0
S375,Variables,0,1,26.1,1,14.3,14.3,0,1
S375,Functions,1,0,39.2,1,25.0,0.0,1,0
S375,OOP,0,0,63.8,3,22.2,100.0,0,0
S375,Functions,0,1,17.6,1,20.0,0.0,0,1
S375,Data Structures,1,0,36.9,3,27.3,0.0,1,0
S375,Loops,0,0,50.3,2,25.0,0.0,0,0
S375,Variables,2,0,134.7,3,23.1,100.0,0,0
S375,Variables,0,1,25.9,1,21.4,50.0,0,1
S375,Functions,1,0,58.2,2,26.7,25.0,1,0
S375,Functions,0,0,25.3,2,25.0,20.0,0,0
S375,Loops,0,0,37.0,3,23.5,0.0,0,0
S375,OOP,0,0,67.7,2,22.2,50.0,0,0
S375,Data Structures,0,0,45.3,2,21.1,0.0,0,0
S375,Functions,0,0,17.7,2,20.0,16.7,0,0
S375,OOP,0,0,48.5,1,19.0,33.3,0,0
S375,Functions,0,1,29.9,1,18.2,14.3,0,1
S375,Loops,1,0,69.2,3,21.7,0.0,1,0
S375,Data Structures,0,0,31.4,2,20.8,0.0,0,0
S375,Data Structures,0,0,29.2,1,20.0,0.0,0,0
S375,Variables,0,1,20.9,1,19.2,66.7,0,1
S375,OOP,1,0,117.7,2,22.2,25.0,1,0
S375,OOP,0,0,33.1,2,21.4,20.0,0,0
S375,OOP,0,0,48.2,2,20.7,16.7,0,0
S375,OOP,0,0,24.1,2,20.0,14.3,0,0
S375,Data Structures,1,0,53.5,3,19.4,0.0,0,0
S375,OOP,1,0,48.0,2,18.8,12.5,0,0
S375,Functions,0,1,31.5,1,18.2,25.0,0,1
S375,OOP,1,0,59.4,3,20.6,11.1,1,0
S375,Loops,0,0,56.8,2,20.0,0.0,0,0
S375,Functions,0,1,27.3,1,19.4,33.3,0,1
S375,Data Structures,1,0,38.1,2,21.6,0.0,1,0
S375,Variables,0,0,44.3,3,21.1,75.0,0,0
S375,OOP,0,0,37.9,2,20.5,10.0,0,0
S376,Data Structures,1,1,17.9,1,60.0,60.0,0,2
S376,Data Structures,2,0,50.5,2,100.0,100.0,1,1
S376,Variables,1,1,30.4,1,50.0,50.0,0,2
S376,Functions,2,0,40.1,3,66.7,66.7,1,0
S376,Loops,0,1,8.0,2,50.0,50.0,0,1
S376,OOP,2,1,28.1,1,60.0,60.0,1,2
S376,OOP,2,1,40.8,1,66.7,100.0,2,2
S376,OOP,2,1,26.1,1,71.4,100.0,3,2
S376,Functions,2,1,32.9,1,75.0,0.0,4,1
S376,Variables,2,0,51.3,3,77.8,100.0,5,1
S376,Variables,1,1,19.0,1,70.0,50.0,0,2
S376,Variables,2,0,113.2,2,72.7,66.7,1,0
S376,Functions,1,0,59.3,2,66.7,50.0,0,0
S376,OOP,1,1,16.8,1,61.5,100.0,0,2
S376,OOP,0,1,11.2,1,64.3,100.0,1,2
S376,Variables,2,1,46.0,1,66.7,50.0,2,2
S376,Data Structures,2,0,81.0,2,68.8,50.0,3,0
S376,Loops,2,0,26.5,2,64.7,100.0,0,1
S376,Loops,1,1,11.9,1,61.1,50.0,0,2
S376,Functions,2,1,35.7,1,63.2,33.3,1,2
S376,Data Structures,2,0,31.8,3,65.0,33.3,2,0
S376,Data Structures,0,1,12.4,1,61.9,25.0,0,1
S376,Functions,1,1,42.6,2,63.6,50.0,1,1
S376,Functions,1,1,32.6,1,65.2,60.0,2,2
S376,Loops,2,1,31.3,1,66.7,66.7,3,2
S376,Variables,0,1,12.6,1,68.0,60.0,4,2
S376,Functions,2,0,42.3,3,69.2,66.7,5,0
S376,OOP,0,1,13.2,1,66.7,100.0,0,2
S376,Variables,2,0,68.2,1,67.9,66.7,1,1
S376,Variables,1,1,24.6,1,65.5,57.1,0,2
S376,Data Structures,1,1,19.2,1,66.7,40.0,1,2
S376,Loops,2,1,11.7,1,67.7,75.0,2,2
S376,Loops,2,1,17.7,1,68.8,80.0,3,2
S376,Loops,0,1,8.5,1,69.7,83.3,4,2
S376,Variables,2,1,29.3,1,70.6,62.5,5,2
S376,Data Structures,2,1,24.0,1,71.4,50.0,6,2
S376,Functions,2,0,53.7,2,72.2,57.1,7,0
S376,Variables,0,1,11.7,1,70.3,66.7,0,2
S376,Functions,2,0,58.8,3,71.1,50.0,1,0
S376,Functions,0,1,18.5,1,69.2,44.4,0,1
S377,Functions,1,1,33.9,2,60.0,60.0,0,1
S377,OOP,1,0,57.7,3,100.0,100.0,1,1
S377,Functions,1,1,52.8,1,50.0,100.0,0,2
S377,Variables,2,0,90.2,2,66.7,66.7,1,0
S377,Variables,0,1,26.4,1,50.0,0.0,0,1
S377,Functions,1,0,85.5,2,60.0,100.0,1,0
S377,Data Structures,0,1,19.0,1,50.0,50.0,0,1
S377,Variables,1,1,37.0,1,57.1,50.0,1,2
S377,Loops,0,1,15.3,1,62.5,62.5,2,2
S377,Variables,0,1,22.6,1,66.7,66.7,3,2
S377,Loops,2,0,65.1,2,70.0,100.0,4,1
S377,Variables,1,1,38.0,1,63.6,75.0,0,2
S377,OOP,2,0,52.4,2,66.7,0.0,1,0
S377,OOP,0,1,17.4,1,61.5,0.0,0,1
S377,OOP,1,1,29.4,1,64.3,33.3,1,2
S377,Variables,2,1,33.7,1,66.7,80.0,2,2
S377,Functions,2,0,63.0,2,68.8,66.7,3,0
S377,Variables,0,1,14.8,1,64.7,83.3,0,2
S377,Data Structures,2,0,55.1,2,66.7,100.0,1,1
S377,OOP,1,0,39.4,2,63.2,50.0,0,0
S377,Functions,0,1,31.0,1,60.0,50.0,0,1
S377,Data Structures,1,1,27.1,1,61.9,50.0,1,2
S377,Data Structures,2,1,46.1,1,63.6,66.7,2,2
S377,OOP,2,0,56.1,3,65.2,40.0,3,0
S377,Loops,0,1,32.5,2,62.5,50.0,0,1
S377,Loops,1,1,47.2,1,64.0,66.7,1,2
S377,Data Structures,2,0,95.5,1,65.4,75.0,2,1
S377,Loops,1,0,53.9,2,63.0,75.0,0,0
S377,Data Structures,0,1,16.5,3,60.7,60.0,0,1
S377,Functions,1,0,30.3,2,62.1,60.0,1,0
S377,Loops,0,1,22.9,1,60.0,60.0,0,2
S377,Variables,2,0,68.8,2,61.3,85.7,1,0
S377,Loops,0,0,29.9,2,59.4,66.7,0,0
S377,OOP,0,0,31.7,3,57.6,33.3,0,0
S377,Variables,0,1,21.3,1,55.9,75.0,0,2
S377,Data Structures,2,0,66.9,1,57.1,66.7,1,0
S377,Functions,0,1,17.3,2,55.6,50.0,0,1
S377,OOP,1,0,20.8,2,56.8,28.6,1,0
S377,OOP,0,1,23.9,1,55.3,25.0,0,1
S377,Functions,0,1,32.8,1,56.4,57.1,1,1
S378,OOP,1,0,57.2,3,60.0,60.0,0,0
S378,Functions,1,0,50.0,3,0.0,0.0,0,0
S378,Variables,0,1,29.5,1,0.0,0.0,0,2
S378,OOP,2,0,87.8,3,33.3,0.0,1,0
S378,Functions,0,0,32.5,3,25.0,0.0,0,0
S378,Variables,2,0,120.3,2,20.0,100.0,0,0
S378,Loops,2,0,60.8,3,16.7,16.7,0,0
S378,Loops,0,1,25.8,1,14.3,0.0,0,1
S378,Variables,1,0,37.4,2,25.0,50.0,1,0
S378,OOP,0,1,18.7,1,22.2,0.0,0,1
S378,Functions,1,0,69.3,2,30.0,0.0,1,0
S378,Data Structures,0,0,26.4,2,27.3,27.3,0,0
S378,Functions,2,0,105.9,2,25.0,0.0,0,0
S378,OOP,0,1,18.3,1,23.1,33.3,0,1
S378,OOP,1,0,52.6,3,28.6,50.0,1,0
S378,OOP,2,0,61.9,3,26.7,40.0,0,0
S378,OOP,0,0,29.8,2,25.0,33.3,0,0
S378,Data Structures,0,0,41.9,2,23.5,0.0,0,0
S378,Functions,0,0,23.6,2,22.2,0.0,0,0
S378,OOP,2,0,102.3,3,21.1,28.6,0,0
S378,Data Structures,0,0,41.7,2,20.0,0.0,0,0
S378,Functions,0,0,34.5,2,19.0,0.0,0,0
S378,OOP,0,1,23.1,1,18.2,25.0,0,1
S378,OOP,1,0,109.0,2,21.7,33.3,1,0
S378,Functions,0,0,28.2,3,20.8,0.0,0,0
S378,Variables,0,0,36.6,2,20.0,33.3,0,0
S378,Variables,0,0,36.1,3,19.2,25.0,0,0
S378,Variables,0,0,37.6,3,18.5,20.0,0,0
S378,Loops,0,0,30.7,3,17.9,50.0,0,0
S378,Loops,0,0,25.3,3,17.2,33.3,0,0
S378,Loops,0,0,61.0,2,16.7,25.0,0,0
S378,Variables,0,0,18.8,3,16.1,16.7,0,0
S378,Variables,0,0,52.4,2,15.6,14.3,0,0
S378,Variables,0,0,26.4,3,15.2,12.5,0,0
S378,Variables,0,0,47.7,2,14.7,11.1,0,0
S378,Variables,0,0,27.2,3,14.3,10.0,0,0
S378,Data Structures,0,1,19.1,2,13.9,0.0,0,1
S378,OOP,1,0,38.3,3,16.2,30.0,1,0
S378,Data Structures,0,0,28.5,2,15.8,25.0,0,0
S378,Loops,0,1,34.3,1,15.4,20.0,0,1
S379,Functions,1,1,17.7,1,60.0,60.0,0,2
S379,Loops,2,1,47.6,1,100.0,100.0,1,2
S379,Functions,2,1,25.1,1,100.0,100.0,2,2
S379,Loops,2,0,47.3,2,100.0,100.0,3,1
S379,Variables,1,1,38.3,1,75.0,75.0,0,2
S379,Data Structures,2,1,30.7,1,80.0,80.0,1,2
S379,OOP,2,0,59.4,3,83.3,83.3,2,0
S379,Loops,0,1,17.9,1,71.4,50.0,0,2
S379,Variables,2,1,62.0,1,75.0,100.0,1,2
S379,Loops,0,1,23.0,1,77.8,66.7,2,2
S379,Data Structures,2,0,56.5,2,80.0,100.0,3,0
S379,Loops,0,1,13.9,1,72.7,75.0,0,2
S379,Data Structures,1,1,34.4,1,75.0,50.0,1,2
S379,Loops,2,1,36.1,2,76.9,80.0,2,2
S379,Data Structures,2,0,87.8,3,78.6,66.7,3,0
S379,Loops,0,1,12.4,1,73.3,83.3,0,2
S379,Variables,2,0,60.1,3,75.0,100.0,1,1
S379,Variables,1,1,23.6,1,70.6,66.7,0,2
S379,Loops,2,0,44.7,1,72.2,85.7,1,1
S379,OOP,1,0,38.8,3,68.4,0.0,0,0
S379,OOP,0,1,10.4,1,65.0,0.0,0,2
S379,Variables,2,1,84.0,1,66.7,75.0,1,2
S379,Data Structures,2,0,47.0,3,68.2,50.0,2,0
S379,Functions,0,1,9.2,2,65.2,100.0,0,2
S379,Loops,2,0,57.7,3,66.7,75.0,1,0
S379,Functions,1,1,16.8,1,64.0,100.0,0,2
S379,Functions,1,1,15.2,1,65.4,100.0,1,2
S379,OOP,2,1,43.2,1,66.7,33.3,2,2
S379,OOP,2,0,69.4,2,67.9,50.0,3,0
S379,Data Structures,0,1,16.3,2,65.5,40.0,0,1
S379,Functions,1,1,25.3,1,66.7,100.0,1,2
S379,Loops,2,0,52.0,2,67.7,66.7,2,0
S379,OOP,1,1,20.4,1,65.6,40.0,0,2
S379,OOP,2,1,77.5,1,66.7,50.0,1,2
S379,Functions,2,0,35.9,2,67.6,100.0,2,1
S379,Data Structures,1,0,29.4,2,65.7,50.0,0,0
S379,Functions,0,1,10.4,1,63.9,85.7,0,2
S379,Variables,1,1,36.2,1,64.9,80.0,1,2
S379,OOP,2,0,49.2,2,65.8,57.1,2,0
S379,Data Structures,0,1,32.8,1,64.1,42.9,0,1
S380,Variables,1,0,36.4,2,60.0,60.0,0,0
S380,Loops,0,1,13.8,1,0.0,0.0,0,1
S380,Loops,1,1,18.4,1,50.0,100.0,1,2
S380,Data Structures,2,0,81.0,2,66.7,66.7,2,0
S380,Functions,0,1,14.2,1,50.0,50.0,0,2
S380,Loops,2,1,50.1,1,60.0,100.0,1,2
S380,OOP,0,1,20.4,1,66.7,66.7,2,2
S380,OOP,0,1,9.8,1,71.4,100.0,3,2
S380,Functions,2,0,82.4,2,75.0,100.0,4,1
S380,Functions,0,0,22.8,2,66.7,50.0,0,0
S380,OOP,0,1,23.9,1,60.0,100.0,0,2
S380,Functions,2,0,132.5,2,63.6,33.3,1,0
S380,Variables,0,1,20.5,1,58.3,0.0,0,1
S380,Functions,1,1,37.1,1,61.5,25.0,1,1
S380,Loops,1,0,34.1,2,64.3,100.0,2,1
S380,Loops,1,1,46.6,2,60.0,75.0,0,2
S380,Functions,2,0,96.0,3,62.5,40.0,1,0
S380,OOP,0,1,13.5,1,58.8,100.0,0,2
S380,Functions,2,0,52.0,3,61.1,33.3,1,0
S380,Functions,0,1,18.7,1,57.9,28.6,0,1
S380,Loops,1,1,28.8,1,60.0,80.0,1,2
S380,Data Structures,2,0,79.4,2,61.9,0.0,2,0
S380,Loops,1,1,28.4,1,59.1,83.3,0,2
S380,Loops,2,0,69.7,2,60.9,85.7,1,0
S380,Variables,1,0,54.1,3,58.3,50.0,0,0
S380,Loops,0,1,14.5,1,56.0,75.0,0,2
S380,Loops,2,0,74.8,3,57.7,77.8,1,0
S380,Loops,0,1,17.7,1,55.6,70.0,0,2
S380,Loops,2,0,57.2,3,57.1,72.7,1,0
S380,Loops,0,1,19.8,1,55.2,66.7,0,2
S380,Data Structures,1,1,20.6,1,56.7,0.0,1,1
S380,Variables,1,1,45.4,3,58.1,33.3,2,1
S380,Loops,1,0,44.2,1,59.4,69.2,3,1
S380,Data Structures,1,1,29.2,1,57.6,33.3,0,1
S380,OOP,1,1,20.4,1,58.8,100.0,1,2
S380,OOP,2,0,41.3,2,60.0,100.0,2,0
S380,Functions,2,0,65.7,2,58.3,37.5,0,0
S380,Loops,0,1,12.3,1,56.8,64.3,0,2
S380,Data Structures,2,0,59.7,3,57.9,50.0,1,0
S380,OOP,0,1,21.7,1,56.4,83.3,0,2
S381,Functions,1,1,55.8,1,60.0,60.0,0,2
S381,Loops,1,1,30.3,1,100.0,100.0,1,2
S381,OOP,2,0,44.7,3,100.0,100.0,2,1
S381,Data Structures,1,1,23.8,1,66.7,66.7,0,2
S381,OOP,1,1,35.2,1,75.0,0.0,1,1
S381,Functions,1,0,88.6,1,80.0,100.0,2,1
S381,Data Structures,1,1,25.5,1,66.7,100.0,0,2
S381,Functions,2,0,60.3,1,71.4,50.0,1,0
S381,OOP,2,0,60.5,1,62.5,50.0,0,0
S381,Functions,2,0,119.1,3,55.6,33.3,0,0
S381,Functions,0,1,14.0,1,50.0,25.0,0,1
S381,Variables,1,1,40.6,2,54.5,54.5,1,1
S381,Loops,1,1,27.1,1,58.3,100.0,2,2
S381,OOP,2,0,59.0,3,61.5,33.3,3,0
S381,Loops,0,1,27.8,1,57.1,100.0,0,2
S381,Data Structures,0,1,21.2,1,60.0,100.0,1,1
S381,Functions,2,0,95.5,2,62.5,40.0,2,0
S381,Loops,0,1,13.9,1,58.8,100.0,0,2
S381,Loops,1,1,22.1,1,61.1,100.0,1,2
S381,OOP,2,0,119.4,1,63.2,25.0,2,0
S381,Data Structures,0,1,12.5,1,60.0,100.0,0,2
S381,Loops,2,1,52.4,2,61.9,100.0,1,2
S381,OOP,2,0,67.6,3,63.6,20.0,2,0
S381,Functions,0,1,23.6,1,60.9,33.3,0,1
S381,Data Structures,1,1,29.6,2,62.5,100.0,1,2
S381,Data Structures,2,0,87.5,2,64.0,100.0,2,1
S381,OOP,1,0,31.6,3,61.5,16.7,0,0
S381,Data Structures,0,1,10.8,1,59.3,83.3,0,2
S381,OOP,2,0,98.2,2,60.7,14.3,1,0
S381,OOP,2,0,69.2,2,58.6,12.5,0,0
S381,Data Structures,0,1,17.6,1,56.7,85.7,0,2
S381,Variables,1,1,40.5,1,58.1,100.0,1,2
S381,Loops,2,0,100.9,2,59.4,100.0,2,0
S381,Variables,0,1,27.1,1,57.6,100.0,0,2
S381,Variables,1,1,28.3,1,58.8,100.0,1,2
S381,Loops,2,0,59.3,2,60.0,85.7,2,0
S381,Data Structures,2,0,50.1,3,58.3,87.5,0,0
S381,OOP,0,1,13.9,1,56.8,11.1,0,1
S381,Loops,1,1,33.8,1,57.9,75.0,1,2
S381,Functions,2,0,48.1,3,59.0,42.9,2,0
S382,OOP,1,0,42.8,3,60.0,60.0,0,0
S382,Functions,0,0,27.9,2,0.0,0.0,0,0
S382,OOP,0,0,28.6,3,0.0,0.0,0,0
S382,OOP,0,0,56.8,2,0.0,0.0,0,0
S382,Loops,0,0,32.9,3,0.0,0.0,0,0
S382,Loops,0,1,24.2,1,0.0,0.0,0,1
S382,OOP,0,0,36.2,2,16.7,0.0,1,0
S382,Variables,0,1,19.3,2,14.3,14.3,0,1
S382,OOP,2,0,67.7,3,25.0,0.0,1,0
S382,Variables,0,1,18.1,1,22.2,100.0,0,2
S382,Loops,2,0,48.1,2,30.0,50.0,1,0
S382,Functions,0,1,35.7,1,27.3,0.0,0,1
S382,Loops,1,0,34.4,3,33.3,33.3,1,0
S382,OOP,0,1,18.0,1,30.8,0.0,0,2
S382,Loops,2,0,128.6,2,35.7,25.0,1,0
S382,Data Structures,0,1,21.0,1,33.3,33.3,0,1
S382,OOP,1,0,56.2,2,37.5,16.7,1,0
S382,OOP,0,0,20.7,2,35.3,14.3,0,0
S382,OOP,0,1,20.5,1,33.3,12.5,0,1
S382,Loops,1,0,64.9,3,36.8,20.0,1,0
S382,Loops,0,1,20.2,1,35.0,16.7,0,1
S382,Loops,1,0,47.2,3,38.1,28.6,1,0
S382,Variables,0,1,9.9,1,36.4,100.0,0,2
S382,Data Structures,2,1,38.2,1,39.1,100.0,1,2
S382,Functions,2,0,49.1,1,41.7,50.0,2,0
S382,Variables,0,1,22.4,1,40.0,100.0,0,2
S382,Variables,2,0,47.3,2,42.3,100.0,1,1
S382,Variables,0,1,14.5,1,40.7,80.0,0,2
S382,Data Structures,2,1,25.6,1,42.9,100.0,1,2
S382,Functions,0,1,26.5,1,44.8,33.3,2,1
S382,Functions,1,0,53.5,3,46.7,50.0,3,0
S382,OOP,0,1,14.1,1,45.2,22.2,0,1
S382,Functions,1,1,47.2,1,46.9,40.0,1,1
S382,OOP,1,0,60.2,3,48.5,30.0,2,0
S382,Loops,0,1,16.0,1,47.1,25.0,0,1
S382,OOP,1,0,78.8,3,48.6,27.3,1,0
S382,Data Structures,0,1,11.9,1,47.2,100.0,0,2
S382,Variables,2,0,65.0,2,48.6,83.3,1,0
S382,Functions,0,0,48.1,2,47.4,50.0,0,0
S382,Loops,2,0,76.8,2,46.2,33.3,0,0
S383,OOP,1,1,23.0,1,60.0,60.0,0,2
S383,Functions,2,0,67.0,3,100.0,100.0,1,1
S383,Variables,2,1,46.4,1,50.0,50.0,0,2
S383,Functions,2,1,32.1,1,66.7,0.0,1,1
S383,Variables,1,1,13.9,1,75.0,100.0,2,2
S383,Data Structures,2,1,36.5,1,80.0,80.0,3,2
S383,Loops,2,1,37.0,1,83.3,83.3,4,2
S383,Variables,0,1,12.0,1,85.7,100.0,5,2
S383,Functions,2,0,37.4,3,87.5,50.0,6,0
S383,Loops,0,1,11.6,3,77.8,100.0,0,2
S383,Functions,1,1,31.3,1,80.0,33.3,1,2
S383,Loops,2,0,57.4,2,81.8,100.0,2,1
S383,Loops,1,1,24.1,1,75.0,66.7,0,2
S383,OOP,2,0,62.5,2,76.9,100.0,1,1
S383,Data Structures,2,1,34.6,1,71.4,100.0,0,2
S383,Data Structures,2,0,39.2,2,73.3,100.0,1,1
S383,OOP,1,1,26.5,1,68.8,50.0,0,2
S383,Data Structures,2,0,45.7,3,70.6,66.7,1,0
S383,OOP,0,1,16.3,1,66.7,66.7,0,2
S383,Data Structures,2,0,49.4,2,68.4,50.0,1,0
S383,Loops,0,1,13.3,1,65.0,75.0,0,2
S383,Data Structures,2,1,37.0,1,66.7,40.0,1,2
S383,OOP,2,0,61.1,2,68.2,75.0,2,0
S383,Functions,2,1,36.4,1,65.2,50.0,0,2
S383,Variables,1,1,26.2,1,66.7,100.0,1,2
S383,Data Structures,2,1,25.1,1,68.0,50.0,2,2
S383,Functions,2,1,54.9,1,69.2,60.0,3,2
S383,Variables,2,0,60.1,2,70.4,100.0,4,1
S383,OOP,0,1,17.5,1,67.9,60.0,0,2
S383,Data Structures,2,0,54.8,2,69.0,57.1,1,0
S383,Functions,0,1,20.5,1,66.7,66.7,0,2
S383,OOP,1,1,31.8,1,67.7,66.7,1,2
S383,Variables,2,0,51.7,3,68.8,80.0,2,0
S383,Variables,0,1,12.1,1,66.7,66.7,0,2
S383,Variables,2,1,49.0,1,67.6,71.4,1,2
S383,Data Structures,2,1,14.6,2,68.6,50.0,2,2
S383,Variables,2,1,46.4,1,69.4,75.0,3,2
S383,OOP,2,1,69.7,1,70.3,71.4,4,2
S383,Data Structures,2,1,33.9,1,71.1,55.6,5,2
S383,OOP,2,0,90.8,3,71.8,75.0,6,0
S384,Loops,1,1,41.7,1,60.0,60.0,0,2
S384,Functions,2,1,48.1,1,100.0,100.0,1,2
S384,OOP,0,1,13.1,1,100.0,100.0,2,2
S384,Loops,2,1,34.1,1,100.0,100.0,3,2
S384,Variables,2,1,24.3,1,100.0,100.0,4,2
S384,Loops,2,1,26.7,1,100.0,100.0,5,2
S384,OOP,2,1,27.8,1,100.0,100.0,6,2
S384,Functions,1,0,32.3,3,100.0,100.0,7,1
S384,Loops,1,1,19.2,1,87.5,100.0,0,2
S384,Data Structures,2,0,48.6,2,88.9,88.9,1,1
S384,Variables,1,1,16.5,1,80.0,100.0,0,2
S384,Loops,2,1,30.4,1,81.8,100.0,1,2
S384,Variables,2,1,27.5,1,83.3,100.0,2,2
S384,Variables,2,1,47.6,1,84.6,100.0,3,2
S384,OOP,2,1,34.4,1,85.7,100.0,4,2
S384,Data Structures,2,0,33.8,1,86.7,0.0,5,0
S384,OOP,0,1,8.7,1,81.2,100.0,0,2
S384,Data Structures,2,1,35.8,1,82.4,0.0,1,1
S384,Variables,1,1,15.4,1,83.3,100.0,2,2
S384,Data Structures,2,0,28.4,3,84.2,33.3,3,0
S384,Functions,0,1,17.6,1,80.0,50.0,0,2
S384,Data Structures,2,1,42.0,1,81.0,25.0,1,2
S384,Data Structures,2,0,32.8,3,81.8,40.0,2,0
S384,OOP,0,1,13.2,1,78.3,100.0,0,2
S384,Loops,2,1,34.7,1,79.2,100.0,1,2
S384,Variables,2,0,30.1,3,80.0,100.0,2,1
S384,Loops,1,1,17.0,1,76.9,100.0,0,2
S384,Variables,2,0,41.6,2,77.8,83.3,1,1
S384,Functions,1,0,35.4,2,75.0,66.7,0,0
S384,Variables,0,1,14.3,1,72.4,71.4,0,2
S384,Variables,2,0,37.9,3,73.3,75.0,1,0
S384,OOP,2,1,31.2,1,71.0,100.0,0,2
S384,OOP,2,1,36.0,1,71.9,100.0,1,2
S384,Functions,2,0,23.9,3,72.7,50.0,2,0
S384,Loops,0,1,6.6,1,70.6,100.0,0,2
S384,Functions,2,1,38.2,1,71.4,40.0,1,2
S384,Loops,2,1,26.1,1,72.2,100.0,2,2
S384,Loops,2,1,24.8,1,73.0,100.0,3,2
S384,Variables,2,1,44.8,1,73.7,66.7,4,2
S384,OOP,1,1,20.1,1,74.4,100.0,5,2
S385,Loops,1,0,60.2,1,60.0,60.0,0,0
S385,Loops,0,1,23.4,1,0.0,0.0,0,1
S385,Variables,1,0,36.6,3,50.0,50.0,1,0
S385,Functions,2,0,105.0,3,33.3,33.3,0,0
S385,Loops,0,1,20.7,1,25.0,50.0,0,1
S385,Data Structures,1,0,66.9,2,40.0,40.0,1,1
S385,Variables,1,0,58.1,3,33.3,0.0,0,0
S385,Functions,0,1,15.9,1,28.6,0.0,0,1
S385,Functions,1,0,59.4,2,37.5,50.0,1,0
S385,Functions,0,1,23.2,1,33.3,33.3,0,1
S385,Functions,0,1,18.8,1,40.0,50.0,1,1
S385,Loops,1,0,43.5,3,45.5,66.7,2,0
S385,OOP,0,1,22.9,1,41.7,41.7,0,1
S385,Functions,1,0,64.6,3,46.2,60.0,1,0
S385,Variables,0,1,20.4,1,42.9,0.0,0,1
S385,Data Structures,2,0,115.1,2,46.7,0.0,1,0
S385,Variables,0,1,19.4,1,43.8,33.3,0,1
S385,Variables,0,1,31.1,1,47.1,50.0,1,1
S385,Variables,1,0,46.7,2,50.0,60.0,2,0
S385,OOP,0,1,14.7,1,47.4,100.0,0,2
S385,OOP,0,1,18.2,1,50.0,100.0,1,2
S385,Functions,2,1,95.0,1,52.4,50.0,2,1
S385,Data Structures,1,0,45.3,2,54.5,0.0,3,0
S385,Variables,0,1,15.1,1,52.2,50.0,0,2
S385,Functions,2,0,76.4,3,54.2,57.1,1,0
S385,Variables,0,1,22.5,1,52.0,57.1,0,1
S385,OOP,1,0,42.6,1,53.8,100.0,1,1
S385,Loops,2,0,72.3,1,51.9,50.0,0,0
S385,Data Structures,0,1,22.6,1,50.0,0.0,0,1
S385,Functions,1,0,30.6,2,51.7,50.0,1,0
S385,Variables,0,1,32.7,1,50.0,62.5,0,1
S385,Functions,1,0,79.2,2,51.6,44.4,1,0
S385,Loops,0,0,38.1,2,50.0,40.0,0,0
S385,OOP,0,1,17.3,1,48.5,75.0,0,2
S385,Functions,2,0,108.7,3,50.0,40.0,1,0
S385,OOP,0,1,22.8,1,48.6,80.0,0,2
S385,Functions,2,0,97.8,2,50.0,36.4,1,0
S385,OOP,1,0,31.9,2,48.6,83.3,0,0
S385,Loops,1,0,37.6,3,47.4,33.3,0,0
S385,Functions,0,0,30.6,2,46.2,33.3,0,0
S386,Data Structures,1,1,23.0,1,60.0,60.0,0,2
S386,Loops,2,0,42.0,3,100.0,100.0,1,0
S386,Functions,0,1,14.3,1,50.0,50.0,0,2
S386,Loops,2,1,30.6,1,66.7,0.0,1,1
S386,Functions,1,1,12.5,1,75.0,100.0,2,2
S386,Functions,2,1,31.3,1,80.0,100.0,3,2
S386,OOP,2,1,29.3,1,83.3,83.3,4,2
S386,Variables,2,0,45.9,2,85.7,85.7,5,1
S386,Functions,0,1,10.8,1,75.0,100.0,0,2
S386,OOP,2,1,28.9,1,77.8,100.0,1,2
S386,Data Structures,2,0,35.0,3,80.0,100.0,2,1
S386,Functions,0,1,9.9,1,72.7,100.0,0,2
S386,Functions,2,1,26.8,2,75.0,100.0,1,2
S386,Loops,2,0,56.4,1,76.9,50.0,2,0
S386,Functions,0,1,15.2,1,71.4,100.0,0,2
S386,Loops,1,1,20.1,1,73.3,33.3,1,2
S386,Variables,2,1,27.1,1,75.0,0.0,2,1
S386,Loops,1,1,30.0,3,76.5,50.0,3,1
S386,Data Structures,0,1,14.6,1,77.8,50.0,4,2
S386,Loops,2,1,25.4,3,78.9,60.0,5,2
S386,OOP,1,1,17.2,1,80.0,100.0,6,2
S386,Functions,2,1,29.2,1,81.0,100.0,7,2
S386,Data Structures,2,1,36.2,1,81.8,66.7,8,2
S386,Variables,2,0,43.0,3,82.6,50.0,9,0
S386,Functions,0,1,8.4,1,79.2,100.0,0,2
S386,OOP,2,1,37.3,1,80.0,100.0,1,2
S386,OOP,0,1,20.8,1,80.8,100.0,2,2
S386,Functions,2,1,25.2,1,81.5,100.0,3,2
S386,Loops,2,1,27.0,1,82.1,66.7,4,2
S386,Functions,2,1,24.7,1,82.8,100.0,5,2
S386,OOP,2,1,32.0,1,83.3,100.0,6,2
S386,Loops,2,0,99.5,3,83.9,71.4,7,0
S386,Data Structures,1,1,32.3,1,81.2,75.0,0,2
S386,Loops,2,0,32.5,2,81.8,62.5,1,0
S386,Functions,0,1,9.7,1,79.4,100.0,0,2
S386,Variables,2,1,47.4,1,80.0,33.3,1,2
S386,OOP,2,0,33.1,2,80.6,100.0,2,0
S386,Data Structures,1,1,21.8,1,78.4,80.0,0,2
S386,OOP,2,0,28.4,2,78.9,85.7,1,1
S386,Functions,1,1,25.0,1,76.9,100.0,0,2
S387,Loops,1,0,62.3,2,60.0,60.0,0,0
S387,Variables,0,1,15.6,1,0.0,0.0,0,1
S387,Loops,1,0,60.5,2,50.0,0.0,1,0
S387,Data Structures,0,0,32.8,2,33.3,33.3,0,0
S387,Data Structures,0,1,21.8,1,25.0,0.0,0,1
S387,Variables,1,0,58.2,3,40.0,100.0,1,0
S387,Functions,0,1,21.3,1,33.3,33.3,0,1
S387,OOP,1,0,32.8,2,42.9,42.9,1,0
S387,Functions,0,1,20.8,1,37.5,100.0,0,2
S387,OOP,1,0,57.6,3,44.4,0.0,1,0
S387,OOP,0,1,14.6,1,40.0,0.0,0,1
S387,OOP,0,0,19.1,3,45.5,33.3,1,1
S387,Functions,1,1,38.3,1,41.7,100.0,0,2
S387,Variables,2,0,60.4,3,46.2,50.0,1,0
S387,Functions,0,1,18.5,1,42.9,100.0,0,2
S387,Loops,2,0,82.0,3,46.7,0.0,1,0
S387,OOP,0,0,27.7,2,43.8,25.0,0,0
S387,Data Structures,0,1,31.8,1,41.2,50.0,0,1
S387,Data Structures,0,1,18.1,1,44.4,66.7,1,2
S387,Data Structures,2,0,114.1,3,47.4,75.0,2,0
S387,Variables,0,0,26.3,2,45.0,33.3,0,0
S387,Data Structures,0,1,17.4,1,42.9,60.0,0,2
S387,Functions,1,0,66.9,2,45.5,100.0,1,0
S387,OOP,0,1,15.9,1,43.5,20.0,0,1
S387,Data Structures,0,0,44.2,2,45.8,66.7,1,0
S387,Variables,0,1,15.2,1,44.0,25.0,0,1
S387,Data Structures,1,1,28.2,3,46.2,57.1,1,1
S387,Data Structures,2,0,64.0,2,48.1,62.5,2,0
S387,Variables,0,1,15.1,1,46.4,40.0,0,1
S387,Variables,2,0,49.7,3,48.3,50.0,1,0
S387,Variables,0,1,22.1,1,46.7,42.9,0,1
S387,Data Structures,2,0,53.8,3,48.4,55.6,1,0
S387,Data Structures,0,1,11.8,1,46.9,50.0,0,2
S387,Variables,2,0,37.9,2,48.5,50.0,1,0
S387,Data Structures,2,0,88.0,2,47.1,54.5,0,0
S387,OOP,0,1,22.2,1,45.7,33.3,0,2
S387,Variables,2,0,69.6,1,47.2,44.4,1,0
S387,Variables,0,1,23.0,1,45.9,40.0,0,1
S387,Functions,1,1,52.8,1,47.4,80.0,1,2
S387,OOP,0,1,18.0,1,48.7,42.9,2,1
S388,Data Structures,1,1,18.3,1,60.0,60.0,0,2
S388,OOP,2,0,66.7,3,100.0,100.0,1,1
S388,Loops,1,1,22.5,1,50.0,50.0,0,2
S388,Functions,2,1,37.7,1,66.7,66.7,1,2
S388,OOP,2,0,83.7,1,75.0,0.0,2,0
S388,Functions,0,1,29.7,1,60.0,100.0,0,2
S388,Functions,2,0,67.9,2,66.7,100.0,1,1
S388,OOP,1,1,26.9,1,57.1,0.0,0,1
S388,Functions,1,1,31.8,1,62.5,66.7,1,2
S388,Data Structures,2,1,25.4,1,66.7,100.0,2,1
S388,Variables,1,0,42.7,3,70.0,70.0,3,0
S388,Data Structures,0,1,12.5,1,63.6,100.0,0,2
S388,Data Structures,2,1,53.9,1,66.7,100.0,1,2
S388,Data Structures,2,1,23.8,1,69.2,100.0,2,2
S388,Functions,2,0,38.5,3,71.4,75.0,3,0
S388,Data Structures,1,1,19.9,1,66.7,100.0,0,2
S388,Data Structures,2,1,19.2,1,68.8,100.0,1,2
S388,OOP,2,0,92.3,2,70.6,33.3,2,0
S388,Variables,0,1,17.8,1,66.7,0.0,0,1
S388,Functions,1,1,24.0,1,68.4,60.0,1,2
S388,OOP,2,0,47.5,3,70.0,25.0,2,0
S388,OOP,1,1,44.7,1,66.7,20.0,0,1
S388,Variables,1,0,27.1,2,68.2,50.0,1,0
S388,Functions,0,1,16.4,1,65.2,66.7,0,2
S388,Functions,2,0,96.7,2,66.7,71.4,1,0
S388,OOP,0,1,20.4,1,64.0,33.3,0,1
S388,OOP,1,0,65.1,2,65.4,42.9,1,0
S388,Variables,0,1,16.8,1,63.0,33.3,0,1
S388,OOP,1,0,47.1,2,64.3,37.5,1,0
S388,Data Structures,2,1,34.3,1,62.1,100.0,0,2
S388,Functions,1,1,19.3,1,63.3,62.5,1,2
S388,Data Structures,2,1,46.7,2,64.5,100.0,2,2
S388,Functions,0,1,18.0,1,65.6,66.7,3,1
S388,OOP,1,1,48.1,1,66.7,33.3,4,0
S388,Variables,2,0,93.7,2,67.6,50.0,5,0
S388,Loops,0,1,10.5,1,65.7,100.0,0,2
S388,Data Structures,2,0,40.0,2,66.7,100.0,1,1
S388,OOP,1,1,59.8,1,64.9,40.0,0,1
S388,Loops,1,1,22.8,1,65.8,100.0,1,2
S388,OOP,2,0,53.8,2,66.7,45.5,2,0
S389,Data Structures,1,1,39.5,1,60.0,60.0,0,2
S389,OOP,2,1,51.0,1,100.0,100.0,1,2
S389,Data Structures,1,0,40.6,3,100.0,100.0,2,1
S389,Functions,1,1,18.2,1,66.7,66.7,0,2
S389,Functions,1,1,46.7,2,75.0,100.0,1,2
S389,OOP,2,0,99.4,3,80.0,100.0,2,0
S389,Loops,0,0,28.0,1,66.7,66.7,0,0
S389,OOP,0,1,19.8,1,57.1,50.0,0,1
S389,Variables,1,0,41.8,2,62.5,62.5,1,0
S389,Variables,0,0,11.5,2,55.6,0.0,0,0
S389,Functions,0,1,13.3,1,50.0,100.0,0,2
S389,Functions,2,0,57.3,3,54.5,100.0,1,1
S389,Loops,1,0,47.1,2,50.0,0.0,0,0
S389,Loops,0,1,14.8,1,46.2,0.0,0,1
S389,OOP,1,1,46.0,1,50.0,66.7,1,2
S389,Loops,2,0,76.3,2,53.3,33.3,2,0
S389,Loops,0,1,25.3,1,50.0,25.0,0,1
S389,Loops,1,0,39.9,2,52.9,40.0,1,0
S389,Variables,0,1,24.3,1,50.0,0.0,0,1
S389,Data Structures,1,0,55.3,3,52.6,50.0,1,0
S389,Functions,0,1,22.4,1,50.0,75.0,0,2
S389,Loops,2,0,71.3,3,52.4,33.3,1,0
S389,Data Structures,2,0,49.2,2,50.0,33.3,0,0
S389,Loops,0,1,16.7,1,47.8,28.6,0,1
S389,Functions,1,0,46.1,2,50.0,80.0,1,0
S389,Variables,0,1,20.4,1,48.0,33.3,0,1
S389,Variables,0,1,12.2,1,50.0,50.0,1,2
S389,Variables,2,0,64.7,3,51.9,60.0,2,0
S389,Functions,0,1,30.2,1,50.0,66.7,0,1
S389,Variables,1,0,44.4,2,51.7,50.0,1,0
S389,Loops,0,1,34.0,1,50.0,37.5,0,1
S389,Data Structures,1,1,40.9,1,51.6,25.0,1,1
S389,Data Structures,1,0,81.0,3,53.1,40.0,2,0
S389,Functions,0,1,17.8,1,51.5,71.4,0,2
S389,Variables,2,1,55.3,1,52.9,42.9,1,2
S389,Variables,2,0,73.0,3,54.3,50.0,2,1
S389,Data Structures,0,0,39.6,1,52.8,33.3,0,0
S389,Variables,0,1,15.6,1,51.4,44.4,0,1
S389,Loops,1,1,48.6,1,52.6,44.4,1,1
S389,Data Structures,1,0,45.8,2,53.8,28.6,2,0
S390,Loops,1,0,81.0,2,60.0,60.0,0,0
S390,Data Structures,0,0,31.9,3,0.0,0.0,0,0
S390,OOP,0,1,22.0,1,0.0,0.0,0,1
S390,Data Structures,1,0,67.2,2,33.3,0.0,1,0
S390,Variables,0,1,26.5,1,25.0,25.0,0,1
S390,OOP,1,0,66.3,3,40.0,100.0,1,0
S390,OOP,0,1,16.0,1,33.3,50.0,0,1
S390,OOP,1,0,53.3,2,42.9,66.7,1,0
S390,Variables,0,0,37.0,3,37.5,100.0,0,0
S390,Variables,2,0,99.0,3,33.3,50.0,0,0
S390,Loops,2,0,99.9,2,30.0,0.0,0,0
S390,Data Structures,2,0,60.4,2,27.3,0.0,0,0
S390,Variables,0,1,18.8,2,25.0,33.3,0,1
S390,Functions,1,0,58.6,2,30.8,30.8,1,0
S390,Variables,2,0,68.3,3,28.6,50.0,0,0
S390,Data Structures,0,0,31.6,2,26.7,0.0,0,0
S390,Functions,0,1,33.5,1,25.0,0.0,0,1
S390,Variables,1,1,59.3,1,29.4,40.0,1,2
S390,Loops,0,0,20.7,2,33.3,0.0,2,0
S390,Functions,0,0,49.5,2,31.6,50.0,0,0
S390,Functions,2,0,107.0,2,30.0,33.3,0,0
S390,Data Structures,0,1,25.9,1,28.6,0.0,0,1
S390,OOP,1,1,35.8,1,31.8,50.0,1,1
S390,Loops,2,0,109.9,2,34.8,0.0,2,0
S390,Data Structures,0,0,38.9,3,33.3,20.0,0,0
S390,Variables,0,1,17.5,1,32.0,50.0,0,1
S390,OOP,1,1,29.9,1,34.6,60.0,1,2
S390,Loops,2,0,131.5,2,37.0,0.0,2,0
S390,Loops,1,1,34.8,1,35.7,0.0,0,1
S390,Data Structures,1,0,32.4,2,37.9,16.7,1,0
S390,Loops,0,1,24.4,1,36.7,16.7,0,1
S390,Functions,1,0,56.6,2,38.7,25.0,1,0
S390,Loops,0,1,26.6,1,37.5,28.6,0,1
S390,Data Structures,1,0,46.6,3,39.4,14.3,1,0
S390,Loops,1,0,46.8,2,38.2,37.5,0,0
S390,Data Structures,1,0,67.8,2,37.1,12.5,0,0
S390,Loops,0,1,18.6,1,36.1,33.3,0,1
S390,Variables,1,1,28.8,1,37.8,57.1,1,2
S390,Loops,2,0,77.6,3,39.5,40.0,2,0
S390,OOP,0,1,14.1,1,38.5,66.7,0,2
S391,OOP,1,1,11.5,1,60.0,60.0,0,2
S391,Data Structures,2,0,41.2,2,100.0,100.0,1,1
S391,Functions,1,1,19.8,1,50.0,50.0,0,2
S391,Functions,2,1,25.4,1,66.7,100.0,1,2
S391,Variables,2,0,44.6,2,75.0,75.0,2,1
S391,Loops,1,1,18.0,1,60.0,60.0,0,2
S391,OOP,2,0,31.0,3,66.7,100.0,1,1
S391,Loops,1,1,11.1,1,57.1,100.0,0,2
S391,Data Structures,2,0,47.9,2,62.5,0.0,1,0
S391,Functions,0,1,8.1,1,55.6,100.0,0,2
S391,Functions,2,1,31.6,1,60.0,100.0,1,2
S391,OOP,2,1,23.6,1,63.6,50.0,2,2
S391,Data Structures,2,0,89.0,2,66.7,0.0,3,0
S391,Data Structures,0,1,12.3,1,61.5,0.0,0,1
S391,Variables,1,1,21.8,1,64.3,0.0,1,1
S391,Functions,1,1,19.7,1,66.7,100.0,2,2
S391,OOP,2,0,35.1,2,68.8,66.7,3,0
S391,Variables,0,1,15.4,1,64.7,50.0,0,2
S391,Data Structures,2,0,69.0,2,66.7,25.0,1,0
S391,Variables,0,1,8.2,1,63.2,66.7,0,2
S391,Loops,2,1,15.7,1,65.0,100.0,1,2
S391,Functions,2,1,28.4,1,66.7,100.0,2,2
S391,OOP,2,1,42.2,1,68.2,50.0,3,2
S391,Variables,2,0,92.0,2,69.6,75.0,4,0
S391,OOP,0,1,20.1,1,66.7,60.0,0,2
S391,Functions,2,1,20.5,1,68.0,100.0,1,2
S391,OOP,2,1,40.8,1,69.2,66.7,2,2
S391,Data Structures,2,1,40.2,1,70.4,20.0,3,2
S391,Data Structures,1,1,45.5,1,71.4,33.3,4,1
S391,OOP,1,1,30.5,1,72.4,71.4,5,2
S391,Functions,2,1,25.5,1,73.3,100.0,6,2
S391,Functions,2,1,27.3,1,74.2,100.0,7,2
S391,Functions,2,1,14.3,1,75.0,100.0,8,2
S391,Data Structures,2,1,31.7,1,75.8,42.9,9,2
S391,OOP,2,1,40.0,1,76.5,75.0,10,2
S391,Loops,2,1,14.9,1,77.1,100.0,11,2
S391,Data Structures,2,1,45.8,1,77.8,50.0,12,2
S391,OOP,2,0,41.2,2,78.4,77.8,13,1
S391,OOP,1,1,25.6,1,76.3,70.0,0,2
S391,Loops,2,1,49.8,1,76.9,100.0,1,2
S392,OOP,1,0,46.6,2,60.0,60.0,0,0
S392,Loops,0,0,45.6,2,0.0,0.0,0,0
S392,OOP,0,1,23.4,1,0.0,0.0,0,1
S392,Functions,1,0,60.9,3,33.3,33.3,1,0
S392,Data Structures,0,1,17.4,1,25.0,25.0,0,1
S392,Data Structures,2,0,120.9,2,40.0,100.0,1,0
S392,Variables,0,0,47.9,2,33.3,33.3,0,0
S392,Variables,0,0,34.0,3,28.6,0.0,0,0
S392,Data Structures,0,0,33.6,2,25.0,50.0,0,0
S392,OOP,0,1,53.1,1,22.2,50.0,0,1
S392,Loops,2,0,84.0,3,30.0,0.0,1,0
S392,Functions,0,0,36.6,3,27.3,0.0,0,0
S392,OOP,1,0,53.4,3,25.0,66.7,0,0
S392,OOP,1,1,31.6,1,23.1,50.0,0,1
S392,Data Structures,0,1,18.8,3,28.6,33.3,1,1
S392,Data Structures,1,0,67.1,1,33.3,50.0,2,0
S392,OOP,0,0,26.9,3,31.2,60.0,0,0
S392,Data Structures,0,0,14.4,2,29.4,40.0,0,0
S392,Data Structures,0,0,21.2,3,27.8,33.3,0,0
S392,Loops,0,0,47.3,3,26.3,0.0,0,0
S392,Loops,0,0,34.6,2,25.0,0.0,0,0
S392,Data Structures,0,1,20.4,1,23.8,28.6,0,1
S392,Data Structures,1,0,119.1,2,27.3,37.5,1,0
S392,OOP,0,0,50.5,3,26.1,50.0,0,0
S392,OOP,0,1,20.8,1,25.0,42.9,0,1
S392,Loops,1,0,61.6,3,28.0,0.0,1,0
S392,OOP,0,0,34.1,3,26.9,50.0,0,0
S392,Variables,0,0,34.7,3,25.9,0.0,0,0
S392,Data Structures,0,0,27.9,2,25.0,33.3,0,0
S392,OOP,0,0,36.2,3,24.1,44.4,0,0
S392,Variables,0,0,47.0,3,23.3,0.0,0,0
S392,Data Structures,1,0,44.6,3,22.6,30.0,0,1
S392,Data Structures,1,0,73.2,3,21.9,27.3,0,0
S392,Loops,0,0,31.3,3,21.2,0.0,0,0
S392,Variables,0,1,47.4,1,20.6,0.0,0,1
S392,Data Structures,1,0,30.4,2,22.9,25.0,1,0
S392,Data Structures,0,0,32.0,3,22.2,23.1,0,0
S392,Variables,0,0,31.5,2,21.6,20.0,0,0
S392,OOP,0,1,35.2,1,21.1,40.0,0,1
S392,OOP,0,1,15.3,1,23.1,45.5,1,1
S393,Variables,1,1,43.9,1,60.0,60.0,0,2
S393,Loops,2,0,90.0,2,100.0,100.0,1,1
S393,Functions,1,0,39.4,2,50.0,50.0,0,0
S393,Functions,0,0,55.1,2,33.3,0.0,0,0
S393,Loops,2,0,102.5,3,25.0,0.0,0,0
S393,Functions,2,0,129.5,2,20.0,0.0,0,0
S393,OOP,2,0,83.0,3,16.7,16.7,0,0
S393,Loops,0,1,39.0,1,14.3,0.0,0,1
S393,Functions,1,0,63.4,3,25.0,0.0,1,0
S393,Loops,0,1,16.8,1,22.2,33.3,0,1
S393,Variables,1,0,77.6,2,30.0,100.0,1,0
S393,Variables,0,0,26.8,2,27.3,50.0,0,0
S393,Variables,0,0,34.2,3,25.0,33.3,0,0
S393,Functions,1,0,28.8,2,23.1,0.0,0,0
S393,Functions,0,1,24.2,1,21.4,0.0,0,1
S393,Data Structures,1,0,38.3,2,26.7,26.7,1,0
S393,Functions,0,1,19.9,1,25.0,16.7,0,1
S393,OOP,1,0,46.5,2,29.4,0.0,1,0
S393,OOP,0,0,32.8,1,27.8,0.0,0,0
S393,OOP,1,0,85.2,3,26.3,0.0,0,0
S393,Functions,0,1,13.1,1,25.0,28.6,0,1
S393,Variables,0,1,21.9,1,28.6,25.0,1,1
S393,Loops,0,0,31.1,3,31.8,50.0,2,0
S393,Data Structures,2,0,75.7,2,30.4,0.0,0,0
S393,Functions,0,1,23.0,1,29.2,37.5,0,1
S393,Data Structures,2,0,106.3,1,32.0,0.0,1,0
S393,Variables,1,0,61.0,3,30.8,40.0,0,0
S393,OOP,0,0,31.4,1,29.6,0.0,0,0
S393,Data Structures,1,0,54.0,3,28.6,0.0,0,0
S393,Variables,0,1,28.7,1,27.6,33.3,0,1
S393,Data Structures,1,0,55.6,3,30.0,0.0,1,0
S393,Data Structures,0,1,11.6,1,29.0,0.0,0,1
S393,Functions,1,0,52.2,2,31.2,44.4,1,0
S393,Data Structures,0,0,31.8,2,30.3,16.7,0,0
S393,Loops,0,1,16.6,1,29.4,40.0,0,1
S393,Loops,1,0,54.3,2,31.4,50.0,1,0
S393,Functions,0,1,15.1,1,30.6,40.0,0,1
S393,Loops,1,0,120.6,2,32.4,42.9,1,0
S393,Data Structures,0,1,29.2,1,31.6,14.3,0,1
S393,Functions,1,0,61.0,2,33.3,45.5,1,0
S394,OOP,1,1,17.1,2,60.0,60.0,0,2
S394,Variables,0,1,18.5,1,100.0,100.0,1,2
S394,OOP,1,1,20.4,1,100.0,100.0,2,2
S394,Data Structures,2,1,35.8,1,100.0,100.0,3,2
S394,Variables,2,0,116.2,3,100.0,100.0,4,0
S394,OOP,0,1,6.8,1,80.0,100.0,0,2
S394,Variables,2,1,33.7,1,83.3,50.0,1,2
S394,Data Structures,0,1,13.0,1,85.7,100.0,2,2
S394,Loops,1,1,26.3,1,87.5,87.5,3,2
S394,Data Structures,2,0,53.3,2,88.9,100.0,4,1
S394,Variables,1,0,33.4,2,80.0,66.7,0,0
S394,Data Structures,0,1,22.5,1,72.7,66.7,0,2
S394,Data Structures,2,1,40.1,1,75.0,75.0,1,2
S394,Functions,2,1,38.5,1,76.9,76.9,2,2
S394,Variables,2,1,42.0,1,78.6,50.0,3,2
S394,Variables,2,0,73.1,3,80.0,60.0,4,0
S394,Variables,1,0,37.5,3,75.0,50.0,0,0
S394,Variables,0,1,19.7,1,70.6,42.9,0,1
S394,Functions,1,1,20.4,2,72.2,100.0,1,2
S394,Loops,2,0,60.4,3,73.7,100.0,2,1
S394,Variables,1,0,32.1,3,70.0,50.0,0,0
S394,Data Structures,0,1,22.0,1,66.7,80.0,0,2
S394,Data Structures,2,0,101.4,2,68.2,83.3,1,0
S394,Functions,0,1,9.7,1,65.2,100.0,0,2
S394,Loops,2,0,59.1,2,66.7,50.0,1,0
S394,Variables,0,1,24.5,1,64.0,44.4,0,0
S394,Variables,1,1,26.3,1,65.4,50.0,1,2
S394,Loops,2,0,59.8,3,66.7,33.3,2,0
S394,Loops,0,1,11.9,1,64.3,25.0,0,1
S394,Variables,1,1,26.1,1,65.5,54.5,1,2
S394,Functions,2,1,22.6,1,66.7,100.0,2,2
S394,Variables,2,1,65.0,1,67.7,58.3,3,2
S394,Variables,0,1,15.5,1,68.8,61.5,4,2
S394,Variables,2,0,55.2,3,69.7,64.3,5,0
S394,Functions,0,1,6.5,1,67.6,100.0,0,2
S394,Functions,1,1,10.0,1,68.6,100.0,1,2
S394,Loops,2,1,57.3,1,69.4,40.0,2,2
S394,Data Structures,2,0,41.8,2,70.3,71.4,3,0
S394,Data Structures,0,1,9.7,1,68.4,62.5,0,2
S394,Variables,2,1,63.1,1,69.2,60.0,1,2
S395,Variables,1,0,38.5,2,60.0,60.0,0,0
S395,OOP,0,1,16.8,1,0.0,0.0,0,1
S395,Data Structures,2,0,68.6,2,50.0,50.0,1,0
S395,Data Structures,1,0,63.7,3,33.3,0.0,0,0
S395,Functions,0,1,20.6,1,25.0,25.0,0,1
S395,OOP,0,1,17.3,1,40.0,100.0,1,2
S395,OOP,2,0,48.5,2,50.0,100.0,2,1
S395,OOP,1,0,50.8,2,42.9,66.7,0,0
S395,Functions,0,0,24.9,3,37.5,100.0,0,1
S395,Functions,1,0,82.1,3,33.3,50.0,0,0
S395,Functions,2,0,122.5,3,30.0,33.3,0,0
S395,Data Structures,1,0,72.0,2,27.3,0.0,0,0
S395,OOP,0,1,21.3,1,25.0,50.0,0,1
S395,OOP,1,1,32.0,1,30.8,60.0,1,2
S395,OOP,2,0,105.9,2,35.7,66.7,2,0
S395,OOP,0,0,30.8,3,33.3,57.1,0,0
S395,OOP,2,0,86.2,3,31.2,50.0,0,0
S395,Variables,0,1,24.3,1,29.4,0.0,0,1
S395,Variables,1,1,37.3,1,33.3,50.0,1,1
S395,OOP,1,0,57.7,2,36.8,44.4,2,0
S395,Data Structures,0,1,29.3,1,35.0,0.0,0,1
S395,OOP,1,0,77.8,3,38.1,40.0,1,0
S395,Data Structures,0,0,66.6,3,36.4,25.0,0,0
S395,Loops,0,0,45.6,2,34.8,34.8,0,0
S395,Functions,2,0,134.8,2,33.3,25.0,0,0
S395,Variables,0,0,28.6,3,32.0,66.7,0,0
S395,Data Structures,0,1,19.6,1,30.8,20.0,0,1
S395,Functions,1,0,61.5,3,33.3,20.0,1,0
S395,OOP,0,0,41.2,3,32.1,36.4,0,0
S395,Loops,0,0,33.9,2,31.0,0.0,0,0
S395,Loops,0,0,30.3,2,30.0,0.0,0,0
S395,OOP,0,1,25.9,1,29.0,33.3,0,2
S395,Loops,2,0,148.7,3,31.2,0.0,1,0
S395,OOP,0,1,23.5,1,30.3,38.5,0,1
S395,Functions,0,0,46.0,3,32.4,16.7,1,0
S395,Data Structures,0,1,28.0,1,31.4,33.3,0,1
S395,Functions,1,0,43.8,2,33.3,14.3,1,0
S395,Functions,0,0,43.9,3,32.4,12.5,0,0
S395,Functions,0,0,28.9,3,31.6,11.1,0,0
S395,Functions,1,0,89.6,2,30.8,10.0,0,0
S396,Variables,1,0,39.0,3,60.0,60.0,0,0
S396,Functions,0,1,29.1,1,0.0,0.0,0,1
S396,Functions,1,0,34.0,3,50.0,100.0,1,1
S396,Loops,1,1,27.4,1,33.3,33.3,0,1
S396,Loops,1,1,33.4,1,50.0,100.0,1,2
S396,Data Structures,2,0,51.1,3,60.0,60.0,2,0
S396,Variables,0,1,15.6,1,50.0,0.0,0,1
S396,Loops,1,1,36.6,1,57.1,100.0,1,2
S396,Data Structures,2,0,56.9,2,62.5,0.0,2,0
S396,OOP,0,1,15.8,1,55.6,55.6,0,2
S396,Data Structures,2,0,77.0,2,60.0,0.0,1,0
S396,Variables,1,0,40.2,3,54.5,50.0,0,0
S396,Loops,0,1,12.2,1,50.0,100.0,0,2
S396,Variables,2,0,60.0,3,53.8,33.3,1,0
S396,Variables,0,1,15.3,1,50.0,25.0,0,1
S396,Data Structures,1,1,30.5,1,53.3,0.0,1,1
S396,Loops,1,1,32.1,1,56.2,100.0,2,2
S396,Variables,2,0,107.8,3,58.8,40.0,3,0
S396,Functions,0,1,24.0,1,55.6,50.0,0,1
S396,OOP,1,1,23.4,1,57.9,100.0,1,2
S396,Functions,2,0,64.2,3,60.0,66.7,2,0
S396,Functions,0,1,22.8,1,57.1,50.0,0,1
S396,Loops,1,1,17.7,1,59.1,100.0,1,2
S396,Data Structures,2,0,70.6,3,60.9,25.0,2,0
S396,Data Structures,0,1,38.5,1,58.3,20.0,0,1
S396,Loops,1,1,32.5,1,60.0,100.0,1,2
S396,Data Structures,2,0,96.5,2,61.5,33.3,2,0
S396,Functions,0,1,27.7,1,59.3,60.0,0,1
S396,Functions,1,0,49.7,2,60.7,66.7,1,0
S396,Loops,2,0,40.3,2,58.6,100.0,0,1
S396,Functions,0,1,30.5,1,56.7,57.1,0,1
S396,Loops,1,1,18.9,1,58.1,87.5,1,2
S396,Functions,0,0,42.5,3,59.4,62.5,2,0
S396,Variables,0,1,13.6,1,57.6,33.3,0,1
S396,Loops,1,1,27.5,1,58.8,88.9,1,2
S396,Data Structures,2,0,122.5,2,60.0,28.6,2,0
S396,Loops,0,1,14.4,1,58.3,90.0,0,2
S396,Variables,2,0,94.3,3,59.5,42.9,1,0
S396,Variables,0,0,37.7,2,57.9,37.5,0,0
S396,OOP,0,1,11.5,3,56.4,100.0,0,2
S397,Loops,1,0,47.9,1,60.0,60.0,0,0
S397,Data Structures,0,0,32.8,2,0.0,0.0,0,0
S397,Functions,0,1,13.1,1,0.0,0.0,0,1
S397,OOP,1,1,47.5,1,33.3,33.3,1,1
S397,Variables,1,0,71.6,2,50.0,50.0,2,0
S397,Functions,0,0,40.2,3,40.0,100.0,0,0
S397,Functions,0,1,24.3,1,33.3,50.0,0,1
S397,Data Structures,1,1,38.0,1,42.9,0.0,1,1
S397,Loops,1,0,32.6,3,50.0,0.0,2,0
S397,Loops,0,1,21.7,1,44.4,0.0,0,1
S397,Variables,1,0,40.6,3,50.0,0.0,1,0
S397,Functions,0,1,17.3,1,45.5,66.7,0,2
S397,OOP,2,0,54.3,2,50.0,100.0,1,1
S397,Functions,1,0,54.2,2,46.2,75.0,0,0
S397,Variables,0,0,21.5,3,42.9,0.0,0,0
S397,OOP,0,1,19.4,1,40.0,50.0,0,1
S397,Data Structures,1,0,55.6,1,43.8,50.0,1,0
S397,OOP,0,1,17.4,1,41.2,66.7,0,2
S397,Variables,2,0,137.3,3,44.4,0.0,1,0
S397,Data Structures,0,0,11.5,3,42.1,33.3,0,0
S397,Loops,0,1,27.0,1,40.0,33.3,0,1
S397,Data Structures,1,1,42.1,1,42.9,25.0,1,1
S397,Variables,1,1,25.2,1,45.5,0.0,2,1
S397,Data Structures,1,1,40.4,1,47.8,40.0,3,1
S397,Loops,1,0,49.6,3,50.0,50.0,4,0
S397,Variables,0,1,23.8,1,48.0,20.0,0,1
S397,Functions,1,0,40.9,2,50.0,60.0,1,0
S397,Functions,0,0,20.9,3,48.1,50.0,0,0
S397,Data Structures,0,1,19.9,1,46.4,50.0,0,1
S397,Variables,2,0,93.5,1,48.3,33.3,1,0
S397,OOP,2,1,65.6,1,46.7,75.0,0,2
S397,Functions,2,0,154.7,2,48.4,42.9,1,0
S397,Loops,0,1,12.6,1,46.9,40.0,0,1
S397,Data Structures,1,1,25.1,1,48.5,57.1,1,2
S397,Loops,2,0,70.1,3,50.0,50.0,2,0
S397,Variables,0,0,40.9,3,48.6,28.6,0,0
S397,Variables,2,0,88.4,1,47.2,25.0,0,0
S397,Functions,1,1,25.9,1,45.9,37.5,0,1
S397,Variables,1,0,72.1,3,47.4,22.2,1,0
S397,Data Structures,0,1,22.0,1,46.2,62.5,0,2
S398,Functions,1,1,20.6,2,60.0,60.0,0,1
S398,Functions,1,1,25.4,1,100.0,100.0,1,2
S398,Functions,2,1,40.2,1,100.0,100.0,2,2
S398,OOP,2,0,51.7,3,100.0,100.0,3,1
S398,Loops,2,1,32.4,1,75.0,75.0,0,2
S398,Functions,2,0,56.5,3,80.0,100.0,1,1
S398,Data Structures,1,1,60.1,1,66.7,66.7,0,2
S398,Functions,2,0,48.8,3,71.4,75.0,1,0
S398,OOP,0,1,9.6,1,62.5,0.0,0,1
S398,Variables,1,1,25.6,1,66.7,66.7,1,2
S398,Data Structures,1,1,23.2,1,70.0,100.0,2,2
S398,Loops,2,0,88.4,2,72.7,100.0,3,1
S398,Data Structures,1,0,24.3,1,66.7,100.0,0,1
S398,OOP,1,0,55.7,3,61.5,50.0,0,0
S398,Functions,0,1,13.2,1,57.1,60.0,0,2
S398,Loops,2,0,70.7,3,60.0,50.0,1,0
S398,Loops,0,1,14.9,1,56.2,33.3,0,1
S398,Loops,2,1,69.2,1,58.8,50.0,1,2
S398,Functions,2,0,50.1,2,61.1,66.7,2,0
S398,Variables,0,1,23.6,1,57.9,100.0,0,2
S398,Functions,2,1,35.8,1,60.0,57.1,1,2
S398,OOP,0,1,12.0,1,61.9,33.3,2,1
S398,Functions,1,1,22.2,2,63.6,62.5,3,2
S398,Variables,0,1,17.5,1,65.2,100.0,4,2
S398,Data Structures,2,1,56.8,1,66.7,66.7,5,2
S398,OOP,2,0,72.9,2,68.0,50.0,6,0
S398,Functions,0,1,15.1,1,65.4,66.7,0,2
S398,Data Structures,2,1,58.2,1,66.7,75.0,1,2
S398,Functions,2,1,26.0,1,67.9,70.0,2,2
S398,Loops,2,0,72.3,2,69.0,60.0,3,0
S398,Data Structures,0,0,13.6,1,66.7,80.0,0,1
S398,OOP,0,1,21.3,1,64.5,40.0,0,1
S398,Functions,1,1,27.4,1,65.6,72.7,1,2
S398,Variables,2,0,43.0,2,66.7,100.0,2,1
S398,Functions,0,1,16.2,2,64.7,75.0,0,2
S398,OOP,2,1,34.9,1,65.7,50.0,1,2
S398,Variables,2,0,107.1,3,66.7,75.0,2,0
S398,Functions,0,1,9.0,1,64.9,76.9,0,2
S398,Loops,2,0,59.3,1,65.8,50.0,1,0
S398,Variables,0,1,28.5,1,64.1,60.0,0,1
S399,Functions,1,1,18.2,1,60.0,60.0,0,2
S399,Variables,0,1,13.4,1,100.0,100.0,1,2
S399,Functions,2,1,26.2,1,100.0,100.0,2,2
S399,Loops,2,1,78.3,1,100.0,100.0,3,2
S399,Loops,2,0,36.5,2,100.0,100.0,4,1
S399,Variables,0,1,19.8,1,80.0,100.0,0,2
S399,OOP,2,0,46.6,2,83.3,83.3,1,1
S399,Functions,1,1,18.4,1,71.4,100.0,0,2
S399,Variables,2,0,67.6,2,75.0,100.0,1,1
S399,Variables,1,0,31.8,3,66.7,66.7,0,0
S399,OOP,0,1,14.2,1,60.0,0.0,0,1
S399,Variables,1,1,32.5,1,63.6,50.0,1,2
S399,OOP,2,1,36.3,1,66.7,50.0,2,2
S399,Data Structures,2,1,22.6,1,69.2,69.2,3,2
S399,Loops,2,0,55.6,2,71.4,50.0,4,0
S399,OOP,0,1,10.8,1,66.7,66.7,0,2
S399,Functions,2,0,59.8,3,68.8,100.0,1,1
S399,Variables,1,1,21.7,1,64.7,60.0,0,2
S399,Data Structures,2,1,46.9,1,66.7,100.0,1,2
S399,OOP,2,0,44.2,2,68.4,75.0,2,0
S399,Data Structures,0,1,15.4,1,65.0,100.0,0,2
S399,OOP,2,0,38.3,2,66.7,60.0,1,0
S399,OOP,2,0,37.8,3,63.6,50.0,0,0
S399,OOP,2,0,40.5,3,60.9,42.9,0,0
S399,Functions,2,1,25.2,1,58.3,75.0,0,2
S399,Functions,2,0,37.9,1,60.0,80.0,1,1
S399,Loops,1,0,33.3,3,57.7,33.3,0,0
S399,Functions,0,1,17.0,1,55.6,66.7,0,2
S399,Functions,2,1,42.7,1,57.1,71.4,1,2
S399,Variables,2,0,66.4,3,58.6,66.7,2,0
S399,Data Structures,2,1,35.3,1,56.7,100.0,0,2
S399,Loops,2,0,81.3,2,58.1,25.0,1,0
S399,Loops,0,1,21.4,2,56.2,20.0,0,1
S399,Loops,1,1,33.8,1,57.6,33.3,1,1
S399,Variables,1,0,39.0,2,58.8,57.1,2,0
S399,Variables,0,1,18.6,1,57.1,50.0,0,1
S399,OOP,1,1,27.0,1,58.3,37.5,1,2
S399,Functions,2,1,25.0,1,59.5,75.0,2,2
S399,Variables,1,0,39.7,2,60.5,55.6,3,0
S399,Variables,2,1,42.4,1,59.0,50.0,0,2
S400,Functions,1,0,55.3,2,60.0,60.0,0,0
S400,Data Structures,0,1,18.9,1,0.0,0.0,0,1
S400,OOP,1,1,22.5,1,50.0,50.0,1,1
S400,Variables,0,1,14.3,1,66.7,66.7,2,2
S400,Variables,2,1,41.6,2,75.0,100.0,3,2
S400,Data Structures,2,0,61.2,2,80.0,100.0,4,1
S400,Functions,0,1,15.1,1,66.7,0.0,0,1
S400,Functions,1,1,24.7,1,71.4,50.0,1,2
S400,OOP,1,1,36.2,1,75.0,100.0,2,2
S400,Functions,2,0,99.4,2,77.8,66.7,3,0
S400,Functions,0,1,19.4,2,70.0,50.0,0,1
S400,Functions,1,0,57.2,2,72.7,60.0,1,0
S400,Variables,0,1,19.1,1,66.7,100.0,0,2
S400,Functions,2,0,39.1,3,69.2,50.0,1,0
S400,Data Structures,1,0,24.2,2,64.3,50.0,0,0
S400,Loops,0,1,13.4,1,60.0,60.0,0,2
S400,Variables,2,1,37.5,1,62.5,100.0,1,2
S400,Loops,2,1,33.5,1,64.7,100.0,2,2
S400,Loops,2,1,44.6,1,66.7,100.0,3,2
S400,Variables,2,1,41.9,1,68.4,100.0,4,2
S400,Functions,0,1,10.8,1,70.0,42.9,5,2
S400,OOP,2,0,52.8,2,71.4,100.0,6,1
S400,OOP,1,1,18.7,1,68.2,66.7,0,2
S400,Variables,2,0,51.9,3,69.6,100.0,1,1
S400,Loops,2,0,40.0,2,66.7,100.0,0,1
S400,OOP,1,1,36.6,1,64.0,75.0,0,1
S400,Functions,1,1,60.2,1,65.4,50.0,1,1
S400,Variables,1,1,22.0,1,66.7,83.3,2,2
S400,Variables,2,1,31.0,1,67.9,85.7,3,2
S400,Data Structures,2,1,32.7,1,69.0,33.3,4,2
S400,Functions,0,1,18.2,1,70.0,55.6,5,2
S400,Data Structures,1,1,11.9,1,71.0,50.0,6,2
S400,Data Structures,2,0,65.5,3,71.9,60.0,7,0
S400,Loops,0,1,13.6,1,69.7,75.0,0,2
S400,Variables,0,1,10.9,1,70.6,87.5,1,2
S400,Functions,2,0,95.7,2,71.4,60.0,2,0
S400,Functions,1,1,16.5,1,69.4,54.5,0,2
S400,OOP,2,0,36.8,3,70.3,80.0,1,0
S400,Variables,2,1,33.0,1,68.4,88.9,0,2
S400,Loops,2,1,25.8,1,69.2,80.0,1,2
S401,Functions,1,1,26.5,1,60.0,60.0,0,2
S401,Loops,2,1,52.2,1,100.0,100.0,1,2
S401,Loops,2,0,89.1,1,100.0,100.0,2,1
S401,Loops,1,1,34.8,1,66.7,50.0,0,2
S401,OOP,2,0,134.9,3,75.0,75.0,1,0
S401,OOP,1,1,56.1,1,60.0,0.0,0,1
S401,Functions,1,1,41.6,1,66.7,100.0,1,1
S401,Variables,1,0,32.1,2,71.4,71.4,2,0
S401,Data Structures,0,1,21.7,1,62.5,62.5,0,2
S401,Functions,2,0,64.2,2,66.7,100.0,1,1
S401,Data Structures,1,0,32.5,3,60.0,100.0,0,1
S401,OOP,1,1,44.9,1,54.5,50.0,0,2
S401,Loops,1,1,45.1,1,58.3,66.7,1,2
S401,Variables,2,0,48.0,3,61.5,0.0,2,0
S401,Loops,0,1,11.0,1,57.1,75.0,0,2
S401,Loops,2,1,40.7,1,60.0,80.0,1,2
S401,Loops,2,0,39.9,2,62.5,83.3,2,1
S401,OOP,1,0,54.9,2,58.8,66.7,0,0
S401,Variables,0,1,21.3,1,55.6,0.0,0,1
S401,Loops,1,0,26.2,2,57.9,71.4,1,0
S401,Functions,0,1,21.0,1,55.0,66.7,0,2
S401,Functions,2,1,33.8,1,57.1,75.0,1,2
S401,Variables,2,0,51.5,3,59.1,33.3,2,0
S401,Data Structures,0,1,25.7,1,56.5,50.0,0,1
S401,Loops,1,1,36.4,1,58.3,62.5,1,2
S401,Data Structures,2,0,98.3,3,60.0,66.7,2,0
S401,Loops,0,1,20.6,1,57.7,66.7,0,2
S401,Data Structures,2,0,115.0,2,59.3,50.0,1,0
S401,Loops,1,1,38.7,1,57.1,70.0,0,2
S401,OOP,2,0,59.1,3,58.6,50.0,1,0
S401,Data Structures,0,1,29.6,1,56.7,40.0,0,1
S401,Variables,1,1,31.1,1,58.1,25.0,1,1
S401,Variables,2,0,99.7,3,59.4,40.0,2,0
S401,Data Structures,0,1,22.2,1,57.6,50.0,0,1
S401,OOP,1,0,56.3,2,58.8,40.0,1,0
S401,Data Structures,0,1,30.8,1,57.1,57.1,0,1
S401,Loops,1,1,25.2,1,58.3,72.7,1,2
S401,Functions,0,1,20.3,1,59.5,80.0,2,2
S401,OOP,2,0,94.1,3,60.5,33.3,3,0
S401,Loops,0,1,19.0,1,59.0,75.0,0,2
S402,OOP,1,0,81.8,3,60.0,60.0,0,0
S402,Loops,2,0,180.0,2,0.0,0.0,0,0
S402,Loops,0,0,31.7,3,0.0,0.0,0,0
S402,OOP,0,0,32.7,2,0.0,0.0,0,0
S402,Data Structures,0,0,30.2,3,0.0,0.0,0,0
S402,Data Structures,2,0,102.9,2,0.0,0.0,0,0
S402,OOP,0,0,40.3,3,0.0,0.0,0,0
S402,Variables,0,0,29.3,3,0.0,0.0,0,0
S402,Data Structures,1,0,76.3,2,0.0,0.0,0,0
S402,Loops,0,0,18.9,3,0.0,0.0,0,0
S402,Functions,0,0,51.4,2,0.0,0.0,0,0
S402,Variables,0,1,31.7,1,0.0,0.0,0,1
S402,Data Structures,1,0,48.5,3,8.3,0.0,1,0
S402,Data Structures,0,0,20.9,3,7.7,0.0,0,0
S402,Data Structures,0,0,42.0,2,7.1,0.0,0,0
S402,Data Structures,0,1,25.9,1,6.7,0.0,0,1
S402,Functions,2,0,63.8,2,12.5,0.0,1,0
S402,Loops,0,1,25.9,1,11.8,0.0,0,1
S402,Data Structures,1,0,62.5,3,16.7,14.3,1,0
S402,Loops,1,0,41.8,2,15.8,25.0,0,0
S402,Functions,1,0,34.5,3,15.0,0.0,0,0
S402,Loops,0,0,47.7,2,14.3,20.0,0,0
S402,Loops,2,0,167.4,3,13.6,16.7,0,0
S402,Functions,0,1,25.5,1,13.0,0.0,0,1
S402,Data Structures,0,1,37.1,1,16.7,12.5,1,1
S402,Variables,1,0,72.5,2,20.0,50.0,2,0
S402,Data Structures,0,0,63.7,3,19.2,22.2,0,0
S402,Data Structures,0,0,34.4,2,18.5,20.0,0,0
S402,OOP,1,0,51.8,2,17.9,0.0,0,0
S402,Variables,0,1,39.3,1,17.2,33.3,0,1
S402,Functions,1,0,58.3,2,20.0,25.0,1,0
S402,Functions,0,0,34.0,3,19.4,20.0,0,0
S402,Variables,0,1,15.8,1,18.8,50.0,0,1
S402,Functions,1,0,83.8,3,21.2,16.7,1,0
S402,Functions,0,0,61.9,2,20.6,14.3,0,0
S402,Data Structures,1,0,78.6,3,20.0,18.2,0,0
S402,Functions,0,0,36.4,2,19.4,12.5,0,0
S402,Data Structures,2,0,109.3,3,18.9,16.7,0,0
S402,Functions,1,0,52.1,2,18.4,11.1,0,0
S402,Variables,0,1,26.5,1,17.9,60.0,0,1
S403,Data Structures,1,0,54.6,2,60.0,60.0,0,0
S403,Variables,0,1,29.7,1,0.0,0.0,0,1
S403,Data Structures,1,0,55.7,3,50.0,0.0,1,0
S403,OOP,0,0,41.2,3,33.3,33.3,0,0
S403,Loops,0,1,24.1,1,25.0,25.0,0,1
S403,Functions,1,1,45.5,1,40.0,40.0,1,1
S403,Data Structures,1,0,68.7,3,50.0,0.0,2,1
S403,Loops,1,0,53.1,3,42.9,100.0,0,0
S403,Variables,1,0,45.8,3,37.5,100.0,0,0
S403,Loops,0,1,32.6,1,33.3,50.0,0,1
S403,Variables,1,0,83.5,2,40.0,50.0,1,0
S403,Variables,0,1,39.4,1,36.4,33.3,0,0
S403,Functions,0,1,26.9,1,41.7,100.0,1,1
S403,Loops,1,0,37.6,2,46.2,66.7,2,0
S403,Variables,0,1,20.0,1,42.9,50.0,0,1
S403,Variables,1,0,97.6,3,46.7,60.0,1,0
S403,Variables,0,0,32.5,3,43.8,50.0,0,0
S403,Loops,0,1,15.7,2,41.2,50.0,0,1
S403,OOP,1,0,53.3,1,44.4,0.0,1,0
S403,Variables,0,0,22.6,1,42.1,42.9,0,0
S403,Loops,0,0,37.5,3,40.0,60.0,0,0
S403,Functions,0,1,13.9,1,38.1,100.0,0,2
S403,Loops,2,0,85.1,2,40.9,50.0,1,0
S403,Data Structures,0,0,39.4,3,39.1,0.0,0,0
S403,Data Structures,0,0,46.7,3,37.5,0.0,0,0
S403,Data Structures,0,0,26.2,3,36.0,0.0,0,0
S403,Data Structures,0,0,42.9,3,34.6,0.0,0,0
S403,Functions,1,0,33.2,3,33.3,100.0,0,0
S403,Data Structures,0,1,28.2,1,32.1,0.0,0,1
S403,OOP,1,1,36.6,1,34.5,0.0,1,1
S403,OOP,1,0,35.7,3,36.7,33.3,2,0
S403,Variables,0,1,27.2,1,35.5,37.5,0,1
S403,Functions,1,0,44.4,3,37.5,75.0,1,0
S403,Variables,1,0,66.9,3,36.4,44.4,0,0
S403,Functions,0,1,25.2,1,35.3,60.0,0,1
S403,Data Structures,1,0,83.8,2,37.1,12.5,1,0
S403,Functions,0,1,25.8,1,36.1,66.7,0,1
S403,Variables,1,0,36.7,3,37.8,40.0,1,0
S403,OOP,0,0,23.2,2,36.8,25.0,0,0
S403,OOP,0,1,19.0,1,35.9,20.0,0,1
S404,Data Structures,1,0,54.2,2,60.0,60.0,0,0
S404,Loops,0,1,22.1,3,0.0,0.0,0,0
S404,OOP,0,1,27.7,1,50.0,50.0,1,1
S404,Data Structures,1,0,71.1,3,66.7,0.0,2,0
S404,Variables,0,1,12.9,1,50.0,50.0,0,2
S404,Functions,2,0,107.0,3,60.0,60.0,1,0
S404,Data Structures,0,0,34.3,2,50.0,0.0,0,0
S404,Loops,0,1,19.3,1,42.9,100.0,0,2
S404,Functions,2,0,63.8,2,50.0,0.0,1,0
S404,Data Structures,0,1,38.4,1,44.4,0.0,0,1
S404,OOP,2,0,66.4,2,50.0,100.0,1,1
S404,Loops,0,0,36.6,3,45.5,100.0,0,0
S404,Functions,0,1,23.4,1,41.7,0.0,0,1
S404,Functions,0,1,25.0,1,46.2,33.3,1,1
S404,Loops,1,0,40.8,2,50.0,66.7,2,0
S404,Data Structures,0,0,30.7,3,46.7,25.0,0,0
S404,OOP,0,1,27.8,1,43.8,50.0,0,1
S404,Functions,0,1,24.3,1,47.1,50.0,1,1
S404,Loops,1,0,48.1,3,50.0,50.0,2,0
S404,Functions,0,1,31.7,1,47.4,60.0,0,1
S404,Variables,0,1,25.2,1,50.0,100.0,1,2
S404,Data Structures,2,0,97.2,3,52.4,20.0,2,0
S404,Variables,0,0,36.6,3,50.0,100.0,0,0
S404,OOP,0,1,17.1,1,47.8,66.7,0,2
S404,Functions,0,0,39.5,3,50.0,66.7,1,0
S404,Loops,0,1,42.2,2,48.0,40.0,0,1
S404,Loops,2,0,142.9,2,50.0,50.0,1,0
S404,Data Structures,0,0,73.0,2,48.1,16.7,0,0
S404,OOP,0,1,28.9,1,46.4,75.0,0,2
S404,Data Structures,0,0,22.7,2,48.3,14.3,1,0
S404,Loops,1,0,31.7,2,46.7,42.9,0,0
S404,OOP,2,1,45.4,1,45.2,80.0,0,2
S404,Loops,1,0,40.6,2,46.9,37.5,1,0
S404,OOP,0,1,17.5,1,45.5,83.3,0,2
S404,Data Structures,2,0,114.2,2,47.1,12.5,1,0
S404,Data Structures,0,0,54.0,2,45.7,11.1,0,0
S404,OOP,0,1,34.9,1,44.4,85.7,0,2
S404,Loops,2,0,138.2,3,45.9,33.3,1,0
S404,OOP,0,1,21.6,3,44.7,87.5,0,1
S404,Variables,1,0,56.9,3,46.2,66.7,1,0
S405,Variables,1,0,41.6,3,60.0,60.0,0,0
S405,OOP,0,1,21.3,1,0.0,0.0,0,1
S405,OOP,1,0,85.0,2,50.0,100.0,1,1
S405,Data Structures,1,0,43.5,3,33.3,33.3,0,0
S405,Functions,0,1,26.1,1,25.0,25.0,0,1
S405,OOP,1,1,20.4,1,40.0,50.0,1,2
S405,Variables,2,0,83.6,3,50.0,0.0,2,0
S405,Data Structures,0,1,23.3,1,42.9,0.0,0,1
S405,OOP,1,0,44.7,2,50.0,66.7,1,0
S405,Loops,0,1,14.9,1,44.4,44.4,0,1
S405,Data Structures,1,0,52.1,2,50.0,50.0,1,0
S405,OOP,0,0,20.8,2,45.5,50.0,0,0
S405,OOP,0,1,22.0,1,41.7,40.0,0,2
S405,Functions,1,0,44.9,2,46.2,100.0,1,0
S405,Functions,0,1,31.0,1,42.9,50.0,0,1
S405,Functions,1,0,54.7,2,46.7,66.7,1,0
S405,OOP,0,1,16.1,1,43.8,50.0,0,1
S405,Variables,1,1,52.5,1,47.1,0.0,1,1
S405,Functions,1,0,61.0,2,50.0,50.0,2,0
S405,OOP,0,1,18.7,1,47.4,57.1,0,2
S405,Variables,2,0,72.3,3,50.0,33.3,1,0
S405,OOP,0,0,24.4,3,47.6,62.5,0,0
S405,Data Structures,0,0,32.3,3,45.5,33.3,0,0
S405,Variables,0,1,23.9,3,43.5,25.0,0,2
S405,OOP,2,0,63.9,3,45.8,55.6,1,0
S405,Data Structures,0,0,58.9,3,44.0,25.0,0,0
S405,Variables,0,1,22.0,2,42.3,40.0,0,1
S405,Functions,2,0,88.1,2,44.4,40.0,1,0
S405,Functions,0,1,21.5,3,42.9,33.3,0,1
S405,Functions,1,0,41.0,2,44.8,42.9,1,0
S405,Variables,2,0,64.4,3,43.3,50.0,0,0
S405,OOP,0,1,17.4,1,41.9,50.0,0,1
S405,Variables,1,1,27.8,1,43.8,42.9,1,2
S405,Loops,0,1,18.5,1,45.5,100.0,2,2
S405,Data Structures,2,0,53.6,2,47.1,20.0,3,0
S405,OOP,0,1,27.7,1,45.7,54.5,0,1
S405,Functions,1,0,70.0,2,47.2,37.5,1,0
S405,Loops,0,1,24.8,1,45.9,100.0,0,2
S405,Variables,2,0,48.8,3,47.4,50.0,1,0
S405,Functions,0,0,24.3,2,46.2,33.3,0,0
S406,OOP,1,1,14.3,1,60.0,60.0,0,2
S406,Loops,2,0,77.9,2,100.0,100.0,1,1
S406,Variables,1,1,15.5,1,50.0,50.0,0,1
S406,Loops,1,1,39.5,1,66.7,0.0,1,1
S406,Data Structures,1,1,16.0,1,75.0,75.0,2,2
S406,OOP,2,1,34.3,1,80.0,100.0,3,1
S406,Functions,1,1,19.9,1,83.3,83.3,4,2
S406,OOP,2,1,21.1,1,85.7,100.0,5,2
S406,OOP,2,1,24.5,1,87.5,100.0,6,2
S406,OOP,2,1,23.1,1,88.9,100.0,7,2
S406,Variables,2,0,28.6,2,90.0,100.0,8,1
S406,Variables,1,1,11.1,1,81.8,50.0,0,2
S406,Variables,2,1,29.8,1,83.3,66.7,1,2
S406,Functions,2,1,18.4,1,84.6,100.0,2,2
S406,Variables,2,1,34.5,1,85.7,75.0,3,2
S406,OOP,2,1,36.1,1,86.7,100.0,4,2
S406,Variables,2,1,28.4,1,87.5,80.0,5,2
S406,Data Structures,1,1,37.8,1,88.2,100.0,6,2
S406,Data Structures,2,0,68.6,3,88.9,100.0,7,1
S406,Variables,1,1,18.2,1,84.2,83.3,0,1
S406,Loops,1,1,28.0,1,85.0,50.0,1,2
S406,Loops,2,0,89.2,3,85.7,66.7,2,0
S406,Data Structures,1,1,31.2,1,81.8,66.7,0,2
S406,Variables,2,1,19.9,1,82.6,85.7,1,2
S406,Loops,2,0,51.3,2,83.3,50.0,2,0
S406,Data Structures,0,1,16.9,1,80.0,75.0,0,2
S406,Data Structures,1,1,46.6,1,80.8,80.0,1,2
S406,Functions,0,1,13.9,1,81.5,100.0,2,2
S406,OOP,2,1,24.9,1,82.1,100.0,3,2
S406,Functions,1,1,14.3,2,82.8,100.0,4,2
S406,OOP,1,1,21.2,1,83.3,100.0,5,2
S406,Data Structures,2,1,32.0,1,83.9,83.3,6,2
S406,Data Structures,2,1,47.6,1,84.4,85.7,7,2
S406,Functions,2,1,62.2,3,84.8,100.0,8,2
S406,OOP,2,1,37.5,1,85.3,100.0,9,2
S406,OOP,1,1,9.2,1,85.7,100.0,10,2
S406,Functions,2,1,20.7,1,86.1,100.0,11,2
S406,Loops,2,0,48.7,3,86.5,40.0,12,0
S406,Variables,0,1,10.9,1,84.2,87.5,0,2
S406,Functions,0,1,7.8,1,84.6,100.0,1,2
S407,Variables,1,0,70.8,3,60.0,60.0,0,1
S407,Data Structures,1,0,64.1,3,0.0,0.0,0,0
S407,Data Structures,0,1,37.1,1,0.0,0.0,0,1
S407,Data Structures,1,0,40.5,3,33.3,50.0,1,0
S407,Functions,0,1,21.7,1,25.0,25.0,0,1
S407,Loops,1,1,29.6,1,40.0,40.0,1,0
S407,Loops,0,1,32.4,1,50.0,100.0,2,2
S407,Functions,2,0,67.7,3,57.1,100.0,3,0
S407,OOP,2,0,38.1,2,50.0,50.0,0,0
S407,Loops,0,1,25.8,1,44.4,100.0,0,2
S407,Functions,2,0,55.7,3,50.0,50.0,1,0
S407,OOP,2,0,95.8,3,45.5,0.0,0,0
S407,Data Structures,0,0,24.6,3,41.7,33.3,0,0
S407,OOP,0,1,16.8,1,38.5,0.0,0,1
S407,Loops,1,0,42.1,2,42.9,100.0,1,0
S407,Variables,0,1,25.9,1,40.0,0.0,0,1
S407,Functions,1,0,47.1,1,43.8,33.3,1,0
S407,Functions,0,1,13.3,1,41.2,25.0,0,1
S407,Functions,1,0,32.5,3,44.4,40.0,1,0
S407,Data Structures,2,0,105.5,3,42.1,25.0,0,0
S407,Loops,0,1,13.5,1,40.0,75.0,0,2
S407,OOP,2,0,92.1,3,42.9,33.3,1,0
S407,Loops,0,1,23.9,1,40.9,80.0,0,2
S407,OOP,2,0,176.2,3,43.5,25.0,1,0
S407,Data Structures,0,1,14.0,3,41.7,20.0,0,1
S407,OOP,1,0,66.5,2,44.0,20.0,1,0
S407,Functions,2,0,45.7,2,42.3,33.3,0,0
S407,Functions,0,1,11.3,1,40.7,28.6,0,1
S407,Loops,1,1,33.6,1,42.9,83.3,1,2
S407,Variables,2,0,101.7,3,44.8,50.0,2,0
S407,Loops,2,0,70.7,3,43.3,85.7,0,0
S407,Variables,0,0,25.2,3,41.9,33.3,0,0
S407,OOP,0,0,32.8,3,40.6,16.7,0,0
S407,Functions,0,1,17.0,1,39.4,37.5,0,1
S407,OOP,1,0,48.7,2,41.2,14.3,1,0
S407,Data Structures,0,0,36.9,2,40.0,33.3,0,0
S407,Variables,0,0,29.8,2,38.9,25.0,0,0
S407,Data Structures,1,0,47.5,2,37.8,28.6,0,0
S407,Functions,0,1,34.7,1,36.8,44.4,0,1
S407,Loops,1,0,48.9,1,38.5,75.0,1,0
S408,Loops,1,1,17.6,1,60.0,60.0,0,2
S408,Variables,2,0,66.5,3,100.0,100.0,1,1
S408,OOP,0,1,20.4,1,50.0,50.0,0,1
S408,Variables,1,0,64.2,3,66.7,0.0,1,0
S408,Loops,0,1,14.5,1,50.0,100.0,0,2
S408,OOP,2,0,80.0,2,60.0,100.0,1,1
S408,OOP,1,0,54.9,3,50.0,50.0,0,0
S408,Loops,0,1,8.2,1,42.9,100.0,0,2
S408,Functions,2,0,58.0,3,50.0,50.0,1,0
S408,Variables,0,0,35.2,2,44.4,0.0,0,0
S408,OOP,2,1,55.7,1,40.0,33.3,0,1
S408,Functions,1,1,34.1,1,45.5,0.0,1,1
S408,OOP,1,0,36.7,2,50.0,50.0,2,0
S408,Data Structures,0,0,24.1,2,46.2,46.2,0,0
S408,Variables,0,0,29.4,2,42.9,0.0,0,0
S408,Loops,0,1,15.5,1,40.0,100.0,0,2
S408,Functions,2,1,35.7,1,43.8,50.0,1,2
S408,Functions,2,0,44.2,3,47.1,66.7,2,0
S408,Variables,0,0,26.1,3,44.4,0.0,0,0
S408,OOP,0,1,24.4,1,42.1,40.0,0,1
S408,Data Structures,1,1,18.6,1,45.0,0.0,1,1
S408,OOP,0,1,22.4,1,47.6,50.0,2,1
S408,OOP,1,1,40.7,1,50.0,57.1,3,2
S408,Loops,0,1,9.8,1,52.2,100.0,4,2
S408,Variables,2,0,82.9,2,54.2,0.0,5,0
S408,Functions,0,1,12.5,1,52.0,50.0,0,2
S408,Data Structures,2,0,109.9,2,53.8,50.0,1,0
S408,Loops,0,1,14.1,2,51.9,100.0,0,2
S408,Loops,2,0,19.9,2,53.6,100.0,1,1
S408,Loops,1,1,34.7,1,51.7,85.7,0,2
S408,Data Structures,2,0,61.6,2,53.3,33.3,1,0
S408,Data Structures,0,1,19.1,1,51.6,25.0,0,1
S408,Functions,1,1,27.2,1,53.1,60.0,1,2
S408,Functions,2,1,36.9,3,54.5,66.7,2,2
S408,Variables,2,0,53.1,3,55.9,0.0,3,0
S408,Variables,0,0,32.2,1,54.3,0.0,0,0
S408,Variables,0,1,29.5,1,52.8,0.0,0,0
S408,Variables,0,0,32.5,2,54.1,11.1,1,0
S408,OOP,0,1,17.2,1,52.6,62.5,0,2
S408,Functions,2,1,31.5,1,53.8,71.4,1,2
S409,Data Structures,1,0,55.5,1,60.0,60.0,0,0
S409,Data Structures,0,0,23.8,3,0.0,0.0,0,0
S409,Loops,0,0,61.1,3,0.0,0.0,0,0
S409,Data Structures,2,0,120.7,2,0.0,0.0,0,0
S409,Variables,2,0,77.2,3,0.0,0.0,0,0
S409,OOP,0,1,23.0,1,0.0,0.0,0,1
S409,Variables,1,0,55.6,2,16.7,0.0,1,0
S409,Functions,0,0,20.3,2,14.3,14.3,0,1
S409,Data Structures,1,0,36.2,1,12.5,0.0,0,0
S409,Data Structures,0,1,16.8,1,11.1,0.0,0,0
S409,Variables,0,0,25.2,2,20.0,0.0,1,0
S409,Loops,0,1,22.1,1,18.2,0.0,0,1
S409,Data Structures,0,1,26.8,1,25.0,20.0,1,1
S409,Data Structures,1,0,48.3,3,30.8,33.3,2,0
S409,Functions,0,1,24.6,1,28.6,0.0,0,1
S409,Loops,1,0,83.8,3,33.3,50.0,1,0
S409,Variables,0,1,24.5,1,31.2,0.0,0,1
S409,Data Structures,1,0,51.9,2,35.3,28.6,1,0
S409,OOP,0,1,19.1,1,33.3,100.0,0,2
S409,Functions,2,0,61.6,3,36.8,50.0,1,0
S409,Functions,0,1,23.4,1,35.0,33.3,0,1
S409,Functions,1,0,57.5,3,38.1,50.0,1,0
S409,Variables,0,1,27.3,2,36.4,25.0,0,1
S409,OOP,1,1,40.1,2,39.1,100.0,1,2
S409,OOP,2,0,61.0,1,41.7,100.0,2,2
S409,Variables,2,0,43.0,2,40.0,40.0,0,0
S409,Data Structures,0,0,36.1,3,38.5,25.0,0,0
S409,OOP,0,1,23.1,1,37.0,75.0,0,2
S409,Loops,0,1,14.5,1,39.3,33.3,1,1
S409,Loops,1,0,51.1,2,41.4,50.0,2,0
S409,Functions,0,0,16.2,2,40.0,40.0,0,0
S409,Data Structures,0,0,39.4,3,38.7,22.2,0,0
S409,Data Structures,0,1,21.2,1,37.5,20.0,0,1
S409,Data Structures,1,0,57.6,3,39.4,27.3,1,0
S409,Functions,2,0,66.7,2,38.2,33.3,0,0
S409,Loops,0,1,17.6,1,37.1,40.0,0,2
S409,OOP,2,0,108.4,2,38.9,80.0,1,0
S409,Loops,0,0,51.9,3,37.8,50.0,0,0
S409,Functions,0,1,18.3,1,36.8,28.6,0,1
S409,OOP,1,1,52.7,1,38.5,66.7,1,2
S410,OOP,1,0,48.8,2,60.0,60.0,0,0
S410,OOP,2,0,62.9,3,0.0,0.0,0,0
S410,OOP,0,0,36.6,3,0.0,0.0,0,0
S410,Loops,0,1,35.0,1,0.0,0.0,0,1
S410,Variables,0,0,25.5,3,25.0,25.0,1,0
S410,Variables,0,0,25.6,2,20.0,0.0,0,0
S410,Functions,2,0,87.6,3,16.7,16.7,0,0
S410,OOP,0,0,38.6,2,14.3,0.0,0,0
S410,Variables,0,0,30.7,3,12.5,0.0,0,0
S410,OOP,0,0,63.5,3,11.1,0.0,0,0
S410,Loops,0,0,32.3,3,10.0,100.0,0,0
S410,OOP,0,0,36.2,2,9.1,0.0,0,0
S410,Variables,0,0,52.1,2,8.3,0.0,0,0
S410,Data Structures,0,1,37.1,1,7.7,7.7,0,1
S410,Functions,1,0,44.9,3,14.3,0.0,1,0
S410,Functions,0,0,46.5,2,13.3,0.0,0,0
S410,OOP,0,0,64.7,2,12.5,0.0,0,0
S410,Loops,0,0,30.7,1,11.8,50.0,0,0
S410,Functions,0,0,34.8,2,11.1,0.0,0,0
S410,Functions,1,0,38.5,2,10.5,0.0,0,0
S410,Loops,0,0,39.4,3,10.0,33.3,0,0
S410,OOP,0,0,27.3,3,9.5,0.0,0,0
S410,Loops,2,0,81.8,1,9.1,25.0,0,0
S410,Functions,1,0,53.1,2,8.7,0.0,0,0
S410,Variables,0,1,25.6,1,8.3,0.0,0,1
S410,Functions,1,1,45.5,1,12.0,0.0,1,1
S410,Variables,1,0,62.9,2,15.4,20.0,2,0
S410,Loops,0,1,41.2,1,14.8,20.0,0,1
S410,Loops,1,0,96.9,2,17.9,33.3,1,0
S410,Functions,0,1,16.3,3,17.2,14.3,0,1
S410,Data Structures,1,1,21.1,1,20.0,100.0,1,2
S410,Loops,2,0,118.4,3,22.6,28.6,2,0
S410,Data Structures,0,1,17.9,1,21.9,100.0,0,2
S410,Loops,2,0,93.3,3,24.2,25.0,1,0
S410,Functions,0,0,19.2,3,23.5,25.0,0,0
S410,Functions,1,0,63.4,2,22.9,22.2,0,0
S410,OOP,0,0,29.2,3,22.2,0.0,0,0
S410,Functions,0,0,25.4,3,21.6,20.0,0,0
S410,Data Structures,0,1,30.5,1,21.1,100.0,0,2
S410,Data Structures,2,0,69.7,2,23.1,100.0,1,0
S411,Loops,1,1,34.9,1,60.0,60.0,0,2
S411,OOP,2,0,76.9,2,100.0,100.0,1,1
S411,Functions,1,0,72.1,3,50.0,50.0,0,0
S411,Functions,0,0,34.9,3,33.3,0.0,0,0
S411,OOP,0,1,19.0,1,25.0,0.0,0,1
S411,Functions,1,0,43.3,2,40.0,0.0,1,0
S411,Functions,0,1,15.5,1,33.3,0.0,0,1
S411,Loops,1,0,55.5,2,42.9,100.0,1,0
S411,Loops,0,0,24.5,2,37.5,50.0,0,0
S411,Functions,0,1,31.2,3,33.3,25.0,0,1
S411,OOP,1,1,21.3,1,40.0,50.0,1,2
S411,Data Structures,2,0,129.8,3,45.5,45.5,2,0
S411,Data Structures,0,1,16.7,1,41.7,0.0,0,1
S411,OOP,1,0,48.5,3,46.2,66.7,1,0
S411,Variables,0,1,36.3,1,42.9,42.9,0,1
S411,Loops,2,0,80.9,3,46.7,33.3,1,0
S411,Data Structures,0,0,27.5,3,43.8,50.0,0,0
S411,Data Structures,1,0,67.5,3,41.2,33.3,0,0
S411,Functions,0,0,34.5,1,38.9,40.0,0,0
S411,Loops,0,1,19.7,1,36.8,25.0,0,1
S411,Loops,1,0,71.4,2,40.0,40.0,1,0
S411,Data Structures,0,0,65.0,3,38.1,25.0,0,0
S411,OOP,0,1,30.6,1,36.4,50.0,0,1
S411,Variables,1,0,58.5,2,39.1,100.0,1,0
S411,Variables,0,1,19.4,1,37.5,50.0,0,1
S411,Loops,1,0,34.7,2,40.0,33.3,1,0
S411,Loops,2,0,81.6,3,38.5,28.6,0,0
S411,OOP,0,1,23.8,2,37.0,60.0,0,1
S411,Data Structures,1,0,37.0,3,39.3,20.0,1,0
S411,Data Structures,0,1,35.4,1,37.9,16.7,0,1
S411,Variables,1,0,53.8,1,40.0,66.7,1,0
S411,Data Structures,0,1,25.8,1,38.7,28.6,0,1
S411,Variables,0,1,13.3,1,40.6,50.0,1,0
S411,Variables,0,0,29.3,3,42.4,60.0,2,0
S411,Functions,0,0,26.9,3,41.2,33.3,0,0
S411,Loops,0,1,25.0,1,40.0,25.0,0,1
S411,Variables,1,0,33.0,2,41.7,50.0,1,0
S411,Data Structures,0,1,20.7,1,40.5,37.5,0,1
S411,Data Structures,1,0,50.5,2,42.1,44.4,1,0
S411,Data Structures,0,0,46.8,3,41.0,40.0,0,0
S412,Variables,1,1,32.1,1,60.0,60.0,0,2
S412,Functions,0,1,16.5,2,100.0,100.0,1,2
S412,Variables,2,0,38.7,3,100.0,100.0,2,1
S412,Loops,1,0,15.7,2,66.7,66.7,0,0
S412,Variables,0,1,23.2,1,50.0,50.0,0,1
S412,Functions,1,1,37.2,1,60.0,100.0,1,2
S412,Variables,0,1,11.8,1,66.7,66.7,2,2
S412,Variables,2,0,80.0,2,71.4,75.0,3,0
S412,Loops,0,1,11.8,1,62.5,0.0,0,1
S412,Variables,1,0,28.0,3,66.7,60.0,1,0
S412,Loops,0,1,16.0,1,60.0,50.0,0,2
S412,Loops,2,0,49.7,3,63.6,66.7,1,0
S412,Loops,0,1,9.8,1,58.3,50.0,0,2
S412,Variables,2,0,69.3,2,61.5,50.0,1,0
S412,Data Structures,0,1,41.8,1,57.1,57.1,0,1
S412,Loops,1,1,20.6,1,60.0,60.0,1,2
S412,Functions,2,1,47.0,1,62.5,100.0,2,2
S412,Loops,2,1,31.6,1,64.7,66.7,3,2
S412,Functions,2,1,44.4,1,66.7,100.0,4,2
S412,Variables,2,0,74.7,3,68.4,42.9,5,0
S412,Functions,0,1,21.3,1,65.0,100.0,0,2
S412,OOP,2,0,88.6,3,66.7,66.7,1,0
S412,OOP,0,1,23.6,1,63.6,0.0,0,1
S412,Loops,1,1,15.6,1,65.2,71.4,1,2
S412,Data Structures,1,0,51.2,3,66.7,100.0,2,0
S412,OOP,0,1,26.3,1,64.0,50.0,0,1
S412,OOP,1,0,82.7,2,65.4,66.7,1,0
S412,Functions,0,1,25.2,1,63.0,100.0,0,1
S412,Functions,1,0,58.3,2,64.3,100.0,1,0
S412,Loops,2,0,37.5,2,62.1,75.0,0,0
S412,Variables,0,1,16.9,1,60.0,37.5,0,1
S412,Loops,1,1,35.3,1,61.3,66.7,1,2
S412,Loops,2,1,33.2,1,62.5,70.0,2,2
S412,OOP,2,0,60.7,3,63.6,50.0,3,0
S412,Data Structures,0,1,21.2,3,61.8,50.0,0,1
S412,Loops,1,1,35.7,1,62.9,72.7,1,2
S412,Variables,2,1,50.2,1,63.9,44.4,2,2
S412,Loops,2,0,64.3,3,64.9,75.0,3,0
S412,Data Structures,0,0,56.1,3,63.2,66.7,0,0
S412,Loops,0,1,13.8,1,61.5,69.2,0,2
S413,Functions,1,1,37.5,1,60.0,60.0,0,2
S413,Functions,2,0,110.4,2,100.0,100.0,1,1
S413,Functions,1,1,22.8,1,50.0,50.0,0,2
S413,Data Structures,2,0,71.4,2,66.7,66.7,1,0
S413,Variables,0,1,14.7,1,50.0,50.0,0,2
S413,Variables,2,0,75.2,2,60.0,100.0,1,1
S413,Functions,0,0,14.9,2,50.0,66.7,0,0
S413,Data Structures,0,1,13.7,1,42.9,0.0,0,1
S413,OOP,1,1,38.3,1,50.0,50.0,1,2
S413,Loops,2,1,43.0,1,55.6,55.6,2,2
S413,Data Structures,0,1,15.2,1,60.0,50.0,3,2
S413,OOP,2,0,58.9,3,63.6,100.0,4,1
S413,Functions,2,0,51.5,3,58.3,50.0,0,0
S413,OOP,2,0,58.7,2,53.8,50.0,0,0
S413,Functions,2,0,91.8,2,50.0,40.0,0,0
S413,Loops,0,1,9.0,1,46.7,100.0,0,1
S413,Variables,1,0,45.8,2,50.0,50.0,1,0
S413,Variables,0,1,11.8,1,47.1,33.3,0,1
S413,Functions,1,0,33.0,1,50.0,33.3,1,0
S413,Variables,0,1,14.1,1,47.4,50.0,0,1
S413,OOP,1,0,43.7,2,50.0,33.3,1,0
S413,OOP,0,1,27.6,1,47.6,25.0,0,1
S413,Functions,1,1,38.0,1,50.0,28.6,1,1
S413,Data Structures,2,0,79.0,2,52.2,66.7,2,0
S413,Variables,0,1,18.2,1,50.0,60.0,0,2
S413,Data Structures,2,0,141.3,2,52.0,50.0,1,0
S413,Variables,0,1,15.0,1,50.0,66.7,0,2
S413,Loops,2,0,67.4,2,51.9,100.0,1,1
S413,Variables,1,1,24.1,1,50.0,71.4,0,2
S413,Variables,2,0,48.5,3,51.7,75.0,1,0
S413,Loops,0,1,20.4,1,50.0,66.7,0,2
S413,Data Structures,0,1,21.2,3,51.6,40.0,1,1
S413,OOP,1,0,41.9,2,53.1,40.0,2,0
S413,Loops,0,1,34.2,1,51.5,75.0,0,2
S413,Functions,0,1,18.6,1,52.9,37.5,1,1
S413,Functions,1,1,17.0,1,54.3,44.4,2,2
S413,OOP,2,0,62.0,3,55.6,33.3,3,1
S413,OOP,1,1,40.8,1,54.1,28.6,0,1
S413,OOP,1,0,49.4,2,55.3,37.5,1,0
S413,Variables,0,1,15.5,1,53.8,66.7,0,2
S414,Loops,1,1,26.3,1,60.0,60.0,0,2
S414,Variables,2,1,28.4,1,100.0,100.0,1,1
S414,Functions,0,1,6.7,1,100.0,100.0,2,2
S414,OOP,2,0,40.4,3,100.0,100.0,3,1
S414,Data Structures,1,1,23.2,1,75.0,75.0,0,2
S414,Functions,2,1,34.1,1,80.0,100.0,1,2
S414,Functions,0,1,10.8,1,83.3,100.0,2,2
S414,Variables,2,1,31.1,1,85.7,100.0,3,2
S414,Loops,2,1,24.9,1,87.5,100.0,4,2
S414,Functions,2,1,26.1,1,88.9,100.0,5,2
S414,Functions,2,1,20.5,1,90.0,100.0,6,2
S414,OOP,2,1,35.9,1,90.9,0.0,7,2
S414,Data Structures,2,1,29.0,1,91.7,100.0,8,2
S414,Functions,2,1,16.2,2,92.3,100.0,9,2
S414,Data Structures,0,1,10.2,1,92.9,100.0,10,2
S414,Variables,2,1,20.2,1,93.3,100.0,11,2
S414,Variables,2,1,18.1,1,93.8,100.0,12,2
S414,Data Structures,1,1,13.6,1,94.1,100.0,13,2
S414,Functions,2,1,22.9,1,94.4,100.0,14,2
S414,Functions,2,1,25.9,1,94.7,100.0,15,2
S414,Variables,2,1,22.1,1,95.0,100.0,16,2
S414,Functions,2,0,30.1,2,95.2,100.0,17,1
S414,Functions,2,1,28.7,1,90.9,88.9,0,2
S414,OOP,1,1,26.3,1,91.3,50.0,1,2
S414,Data Structures,2,1,25.7,3,91.7,100.0,2,2
S414,OOP,0,1,13.8,2,92.0,66.7,3,2
S414,Data Structures,2,1,36.4,1,92.3,100.0,4,2
S414,Loops,1,1,19.3,1,92.6,100.0,5,2
S414,Functions,2,1,26.3,1,92.9,90.0,6,2
S414,OOP,2,0,34.0,2,93.1,75.0,7,1
S414,Functions,1,1,15.9,1,90.0,90.9,0,2
S414,Functions,2,1,26.0,3,90.3,91.7,1,2
S414,Data Structures,2,1,38.5,1,90.6,100.0,2,2
S414,Loops,2,1,27.5,1,90.9,100.0,3,2
S414,Loops,2,1,19.4,1,91.2,100.0,4,2
S414,Data Structures,2,1,55.4,1,91.4,100.0,5,2
S414,Functions,1,1,14.9,1,91.7,92.3,6,2
S414,Loops,2,1,36.1,1,91.9,100.0,7,2
S414,Loops,2,1,22.0,1,92.1,100.0,8,2
S414,OOP,0,1,11.7,1,92.3,60.0,9,2
S415,Data Structures,1,0,54.6,3,60.0,60.0,0,0
S415,Functions,2,0,43.0,2,0.0,0.0,0,0
S415,Variables,2,0,37.5,1,0.0,0.0,0,0
S415,Data Structures,0,1,18.0,1,0.0,0.0,0,1
S415,Loops,2,0,67.1,2,25.0,25.0,1,0
S415,Loops,0,1,16.3,1,20.0,0.0,0,1
S415,OOP,1,1,42.4,1,33.3,33.3,1,1
S415,Functions,1,1,20.6,1,42.9,0.0,2,1
S415,OOP,1,1,28.7,1,50.0,100.0,3,2
S415,OOP,2,0,87.9,2,55.6,100.0,4,0
S415,OOP,0,1,20.3,1,50.0,66.7,0,2
S415,Loops,2,0,51.1,2,54.5,50.0,1,0
S415,Data Structures,2,0,84.4,3,50.0,50.0,0,0
S415,Data Structures,0,1,19.1,1,46.2,33.3,0,1
S415,Data Structures,1,0,65.7,3,50.0,50.0,1,0
S415,Variables,0,1,14.6,2,46.7,0.0,0,1
S415,OOP,1,1,21.3,1,50.0,75.0,1,2
S415,Loops,2,0,73.7,2,52.9,33.3,2,0
S415,Functions,0,1,22.6,1,50.0,50.0,0,1
S415,Data Structures,1,0,81.3,2,52.6,40.0,1,0
S415,Loops,0,1,16.4,1,50.0,25.0,0,1
S415,Loops,1,1,25.3,1,52.4,40.0,1,2
S415,Variables,2,0,180.0,2,54.5,50.0,2,0
S415,Loops,0,1,11.5,1,52.2,50.0,0,2
S415,OOP,2,0,86.5,2,54.2,80.0,1,0
S415,Loops,0,0,15.9,2,52.0,57.1,0,0
S415,OOP,0,1,36.1,1,50.0,66.7,0,1
S415,Data Structures,1,0,71.2,2,51.9,33.3,1,0
S415,Loops,0,1,10.1,1,50.0,50.0,0,2
S415,OOP,2,0,74.5,2,51.7,71.4,1,0
S415,OOP,0,0,19.4,3,50.0,62.5,0,0
S415,Variables,0,1,29.9,1,48.4,33.3,0,1
S415,OOP,1,1,53.6,1,50.0,55.6,1,1
S415,Functions,1,0,49.8,3,51.5,66.7,2,0
S415,Data Structures,0,1,23.4,1,50.0,28.6,0,1
S415,Data Structures,2,0,56.8,3,51.4,37.5,1,1
S415,Variables,1,0,32.7,2,50.0,50.0,0,0
S415,Functions,0,0,13.3,1,48.6,50.0,0,0
S415,OOP,1,0,56.3,3,47.4,60.0,0,0
S415,Data Structures,0,1,22.5,1,46.2,33.3,0,1
S416,Variables,1,1,31.0,1,60.0,60.0,0,2
S416,Data Structures,2,0,48.6,3,100.0,100.0,1,1
S416,Variables,1,1,30.9,1,50.0,100.0,0,2
S416,Variables,2,0,97.0,3,66.7,100.0,1,0
S416,Data Structures,0,1,25.5,1,50.0,0.0,0,1
S416,Functions,0,1,17.2,1,60.0,60.0,1,2
S416,Functions,2,0,35.7,3,66.7,100.0,2,1
S416,Loops,0,1,30.5,1,57.1,57.1,0,1
S416,Loops,1,1,23.9,1,62.5,100.0,1,2
S416,Variables,2,0,89.7,3,66.7,66.7,2,0
S416,OOP,0,1,14.6,2,60.0,60.0,0,1
S416,Loops,1,0,50.3,3,63.6,100.0,1,0
S416,OOP,0,1,21.6,3,58.3,100.0,0,2
S416,Functions,2,0,60.6,3,61.5,50.0,1,0
S416,Data Structures,0,1,25.7,1,57.1,50.0,0,1
S416,Data Structures,1,0,57.0,3,60.0,66.7,1,0
S416,Loops,0,1,23.7,1,56.2,66.7,0,2
S416,Functions,2,0,81.9,3,58.8,33.3,1,1
S416,Functions,1,1,28.9,1,55.6,25.0,0,1
S416,Functions,1,1,46.9,2,57.9,40.0,1,1
S416,Data Structures,1,0,50.1,3,60.0,50.0,2,0
S416,Loops,0,1,12.8,1,57.1,75.0,0,2
S416,Loops,2,0,115.8,3,59.1,80.0,1,0
S416,Data Structures,1,0,66.7,2,56.5,40.0,0,0
S416,Data Structures,0,1,33.7,1,54.2,33.3,0,1
S416,Data Structures,1,1,31.3,1,56.0,42.9,1,2
S416,Functions,2,0,29.1,3,57.7,50.0,2,0
S416,Data Structures,0,1,17.0,1,55.6,50.0,0,1
S416,OOP,1,1,25.2,1,57.1,100.0,1,2
S416,Data Structures,2,0,79.6,2,58.6,55.6,2,0
S416,Loops,0,1,20.7,1,56.7,66.7,0,2
S416,Variables,2,0,65.0,2,58.1,50.0,1,0
S416,Data Structures,1,0,43.9,3,56.2,50.0,0,0
S416,Variables,0,1,18.2,2,54.5,40.0,0,1
S416,Loops,1,0,29.7,3,55.9,71.4,1,0
S416,Variables,0,1,16.2,1,54.3,50.0,0,2
S416,Functions,2,0,104.0,3,55.6,42.9,1,0
S416,Functions,0,1,9.5,1,54.1,37.5,0,1
S416,Data Structures,1,0,64.4,2,55.3,45.5,1,0
S416,Variables,0,0,36.5,3,53.8,57.1,0,0
S417,Functions,1,0,72.8,3,60.0,60.0,0,0
S417,Functions,0,0,21.0,3,0.0,0.0,0,0
S417,Functions,0,0,57.3,2,0.0,0.0,0,0
S417,Variables,0,1,13.1,1,0.0,0.0,0,1
S417,Functions,1,0,72.4,3,25.0,0.0,1,0
S417,Loops,2,0,105.4,2,20.0,20.0,0,0
S417,Functions,2,0,159.0,2,16.7,0.0,0,0
S417,Loops,0,1,24.2,1,14.3,0.0,0,1
S417,Functions,1,0,44.8,3,25.0,0.0,1,0
S417,Variables,0,1,12.5,1,22.2,100.0,0,2
S417,OOP,2,0,90.2,2,30.0,30.0,1,0
S417,Data Structures,0,1,14.8,1,27.3,27.3,0,1
S417,Variables,1,1,50.6,1,33.3,100.0,1,2
S417,OOP,2,0,94.4,3,38.5,0.0,2,0
S417,Loops,0,1,24.8,1,35.7,50.0,0,1
S417,Loops,1,0,106.3,2,40.0,66.7,1,0
S417,Functions,0,1,25.8,1,37.5,0.0,0,1
S417,OOP,1,0,48.2,2,41.2,0.0,1,0
S417,Variables,0,1,19.1,1,38.9,100.0,0,2
S417,OOP,2,0,94.7,3,42.1,0.0,1,0
S417,OOP,0,1,21.6,1,40.0,0.0,0,1
S417,Functions,1,0,38.6,2,42.9,14.3,1,0
S417,Functions,1,0,30.5,3,40.9,12.5,0,0
S417,Data Structures,0,1,34.8,1,39.1,100.0,0,2
S417,Functions,2,0,131.9,2,41.7,11.1,1,0
S417,Functions,0,0,28.4,3,40.0,10.0,0,1
S417,Variables,1,1,43.2,1,38.5,100.0,0,2
S417,Variables,2,1,94.0,1,40.7,100.0,1,2
S417,Data Structures,2,0,114.5,3,42.9,100.0,2,0
S417,Loops,0,1,22.3,1,41.4,50.0,0,1
S417,Data Structures,2,0,94.8,3,43.3,66.7,1,0
S417,Variables,0,1,20.7,1,41.9,100.0,0,2
S417,Functions,1,0,49.9,2,43.8,9.1,1,0
S417,Variables,0,1,12.6,1,42.4,100.0,0,2
S417,Variables,2,0,54.1,2,44.1,100.0,1,1
S417,Loops,1,1,38.3,1,42.9,60.0,0,2
S417,Data Structures,2,0,74.5,3,44.4,50.0,1,0
S417,OOP,0,1,14.9,1,43.2,20.0,0,1
S417,Data Structures,1,0,62.2,2,44.7,40.0,1,0
S417,Variables,0,1,15.5,1,43.6,88.9,0,2
S418,Functions,1,0,38.1,2,60.0,60.0,0,0
S418,Loops,1,0,49.8,3,0.0,0.0,0,0
S418,Loops,0,1,14.8,1,0.0,0.0,0,1
S418,Variables,1,1,20.8,2,33.3,33.3,1,1
S418,OOP,1,1,35.1,1,50.0,50.0,2,2
S418,Variables,2,0,44.0,3,60.0,100.0,3,1
S418,OOP,1,1,33.1,2,50.0,100.0,0,2
S418,Functions,2,0,43.5,3,57.1,0.0,1,0
S418,Data Structures,0,1,17.5,1,50.0,50.0,0,1
S418,Loops,1,0,60.8,2,55.6,50.0,1,0
S418,Loops,0,1,26.9,1,50.0,33.3,0,1
S418,Variables,1,1,17.3,1,54.5,50.0,1,2
S418,Data Structures,2,1,60.1,1,58.3,100.0,2,2
S418,OOP,2,0,44.6,3,61.5,100.0,3,1
S418,Variables,2,0,93.2,3,57.1,66.7,0,0
S418,Data Structures,0,1,19.9,2,53.3,100.0,0,2
S418,Loops,0,1,18.7,1,56.2,50.0,1,1
S418,Data Structures,1,1,22.8,1,58.8,100.0,2,2
S418,Loops,2,0,53.6,3,61.1,60.0,3,0
S418,Loops,0,1,33.3,1,57.9,50.0,0,1
S418,Data Structures,1,1,23.2,1,60.0,100.0,1,2
S418,OOP,2,0,85.4,3,61.9,66.7,2,0
S418,Loops,0,1,41.4,3,59.1,57.1,0,1
S418,Loops,1,1,55.4,1,60.9,62.5,1,2
S418,OOP,2,0,36.7,3,62.5,50.0,2,0
S418,Functions,0,1,24.0,1,60.0,0.0,0,1
S418,Loops,1,0,57.5,2,61.5,66.7,1,0
S418,Loops,2,0,123.0,3,59.3,60.0,0,0
S418,Data Structures,0,1,14.1,1,57.1,100.0,0,2
S418,Loops,2,0,141.2,3,58.6,54.5,1,0
S418,Functions,0,1,22.4,1,56.7,33.3,0,1
S418,OOP,2,0,51.3,2,58.1,40.0,1,0
S418,OOP,0,1,15.2,1,56.2,33.3,0,1
S418,Variables,1,1,24.2,1,57.6,50.0,1,2
S418,Functions,2,1,39.7,1,58.8,50.0,2,2
S418,Variables,2,1,52.8,1,60.0,60.0,3,2
S418,OOP,2,0,63.6,3,61.1,42.9,4,0
S418,Functions,0,1,13.1,1,59.5,60.0,0,2
S418,Functions,2,0,74.1,2,60.5,66.7,1,0
S418,Functions,0,1,22.0,2,59.0,57.1,0,1
S419,OOP,1,0,29.8,2,60.0,60.0,0,0
S419,Loops,2,0,66.2,3,0.0,0.0,0,0
S419,OOP,0,1,32.3,1,0.0,0.0,0,1
S419,Variables,1,1,27.8,1,33.3,33.3,1,1
S419,Functions,1,1,25.3,2,50.0,50.0,2,1
S419,Data Structures,1,1,19.8,1,60.0,60.0,3,2
S419,Variables,2,0,98.4,1,66.7,100.0,4,1
S419,OOP,1,0,62.7,3,57.1,50.0,0,0
S419,Data Structures,0,1,18.3,1,50.0,100.0,0,2
S419,Variables,2,0,43.7,3,55.6,50.0,1,0
S419,OOP,0,1,9.8,1,50.0,33.3,0,1
S419,Data Structures,1,1,22.2,1,54.5,100.0,1,2
S419,Data Structures,2,0,87.1,3,58.3,100.0,2,0
S419,Data Structures,0,1,10.6,1,53.8,75.0,0,2
S419,Data Structures,2,0,51.9,2,57.1,80.0,1,0
S419,Data Structures,0,1,18.9,1,53.3,66.7,0,2
S419,Variables,2,0,76.2,3,56.2,33.3,1,0
S419,Data Structures,0,1,19.2,1,52.9,71.4,0,2
S419,Variables,2,0,121.8,2,55.6,25.0,1,0
S419,Loops,0,1,23.7,1,52.6,0.0,0,1
S419,Loops,1,1,27.2,1,55.0,50.0,1,2
S419,Data Structures,2,0,43.0,3,57.1,75.0,2,0
S419,Loops,0,1,22.5,1,54.5,66.7,0,2
S419,Functions,2,0,47.2,3,56.5,100.0,1,1
S419,Data Structures,1,1,27.3,2,54.2,66.7,0,2
S419,Data Structures,2,0,74.9,2,56.0,70.0,1,0
S419,Variables,0,1,20.8,1,53.8,20.0,0,2
S419,Data Structures,2,1,30.4,1,55.6,63.6,1,2
S419,Data Structures,2,1,53.5,1,57.1,66.7,2,2
S419,Data Structures,2,1,42.6,1,58.6,69.2,3,2
S419,Functions,1,1,25.2,1,60.0,50.0,4,2
S419,Loops,2,0,70.4,2,61.3,75.0,5,0
S419,Functions,0,1,14.8,2,59.4,66.7,0,1
S419,Variables,1,1,43.9,1,60.6,33.3,1,1
S419,OOP,1,0,72.0,2,61.8,50.0,2,0
S419,OOP,0,0,38.7,2,60.0,40.0,0,0
S419,Data Structures,0,1,15.7,1,58.3,71.4,0,2
S419,Data Structures,2,0,44.5,2,59.5,73.3,1,0
S419,OOP,0,1,18.2,1,57.9,33.3,0,1
S419,OOP,1,0,74.6,2,59.0,42.9,1,0
S420,Variables,1,1,12.9,1,60.0,60.0,0,2
S420,Data Structures,2,0,51.7,1,100.0,100.0,1,1
S420,Variables,1,1,13.8,1,50.0,100.0,0,2
S420,Variables,2,0,42.8,2,66.7,100.0,1,1
S420,Variables,1,1,16.4,1,50.0,66.7,0,2
S420,Functions,1,1,42.4,1,60.0,60.0,1,2
S420,Data Structures,1,1,40.2,1,66.7,0.0,2,1
S420,Variables,1,1,21.3,1,71.4,75.0,3,2
S420,Variables,2,1,40.9,1,75.0,80.0,4,2
S420,Loops,2,1,33.2,1,77.8,77.8,5,2
S420,Data Structures,0,1,16.7,1,80.0,50.0,6,2
S420,Variables,1,1,19.7,1,81.8,83.3,7,2
S420,Variables,2,1,37.5,2,83.3,85.7,8,2
S420,OOP,2,0,78.9,2,84.6,84.6,9,0
S420,Loops,0,1,10.1,1,78.6,100.0,0,2
S420,Functions,2,1,49.0,1,80.0,100.0,1,2
S420,OOP,2,0,51.8,2,81.2,0.0,2,0
S420,Functions,0,1,15.9,1,76.5,100.0,0,1
S420,Loops,1,1,24.1,1,77.8,100.0,1,2
S420,Loops,2,1,32.6,1,78.9,100.0,2,2
S420,OOP,2,0,40.5,2,80.0,0.0,3,0
S420,Variables,0,1,7.7,1,76.2,87.5,0,2
S420,Data Structures,2,0,66.8,2,77.3,66.7,1,0
S420,Data Structures,0,1,15.5,1,73.9,50.0,0,2
S420,Functions,2,0,79.3,1,75.0,100.0,1,1
S420,OOP,1,1,24.5,1,72.0,0.0,0,1
S420,OOP,0,1,13.7,1,73.1,25.0,1,1
S420,OOP,1,1,42.4,1,74.1,40.0,2,2
S420,Data Structures,2,0,37.4,3,75.0,60.0,3,0
S420,Variables,2,1,32.8,2,72.4,88.9,0,2
S420,Variables,2,1,34.4,1,73.3,90.0,1,2
S420,Data Structures,2,1,37.8,1,74.2,50.0,2,2
S420,Functions,2,0,61.1,1,75.0,75.0,3,1
S420,Loops,1,1,16.5,1,72.7,100.0,0,2
S420,Data Structures,2,0,45.8,2,73.5,57.1,1,0
S420,Functions,0,1,15.5,1,71.4,60.0,0,2
S420,OOP,1,1,28.7,1,72.2,50.0,1,2
S420,Loops,2,1,27.3,1,73.0,100.0,2,2
S420,Variables,2,1,28.6,1,73.7,90.9,3,2
S420,Data Structures,2,0,32.0,3,74.4,50.0,4,0
S421,Loops,1,1,18.9,1,60.0,60.0,0,2
S421,OOP,2,0,57.4,2,100.0,100.0,1,1
S421,Functions,1,1,14.0,1,50.0,50.0,0,2
S421,Data Structures,2,0,48.8,2,66.7,66.7,1,0
S421,Variables,2,0,73.9,3,50.0,50.0,0,0
S421,Variables,0,1,10.2,1,40.0,0.0,0,1
S421,Functions,1,1,18.3,1,50.0,100.0,1,2
S421,Data Structures,1,1,22.8,1,57.1,0.0,2,1
S421,Functions,1,1,27.8,1,62.5,100.0,3,2
S421,OOP,2,0,56.1,3,66.7,0.0,4,0
S421,Variables,0,1,28.2,1,60.0,50.0,0,1
S421,Functions,1,1,25.0,1,63.6,100.0,1,2
S421,OOP,2,0,29.8,3,66.7,0.0,2,0
S421,Data Structures,0,1,17.4,1,61.5,50.0,0,2
S421,Data Structures,2,1,22.2,1,64.3,66.7,1,2
S421,Data Structures,2,1,22.8,2,66.7,75.0,2,2
S421,Data Structures,2,1,28.5,1,68.8,80.0,3,2
S421,OOP,2,1,51.0,1,70.6,0.0,4,2
S421,OOP,2,0,75.2,3,72.2,25.0,5,0
S421,Data Structures,0,1,12.9,1,68.4,83.3,0,2
S421,Variables,2,0,70.0,2,70.0,66.7,1,0
S421,Loops,1,1,20.2,1,66.7,100.0,0,2
S421,Functions,0,1,13.2,2,68.2,100.0,1,2
S421,Functions,2,0,40.7,3,69.6,100.0,2,1
S421,Functions,1,1,12.6,1,66.7,83.3,0,1
S421,Functions,1,1,20.3,1,68.0,85.7,1,2
S421,Loops,2,0,34.8,2,69.2,100.0,2,1
S421,Loops,1,1,20.2,1,66.7,66.7,0,2
S421,Functions,2,1,37.3,1,67.9,87.5,1,2
S421,Functions,1,1,15.0,1,69.0,88.9,2,2
S421,Functions,2,1,24.7,3,70.0,90.0,3,2
S421,OOP,1,1,25.9,1,71.0,20.0,4,1
S421,Loops,1,1,17.7,1,71.9,75.0,5,2
S421,Variables,2,1,39.7,1,72.7,50.0,6,2
S421,Functions,2,1,35.7,1,73.5,90.9,7,2
S421,OOP,2,1,60.4,1,74.3,33.3,8,2
S421,Functions,2,1,33.3,1,75.0,91.7,9,2
S421,Functions,2,1,32.4,1,75.7,92.3,10,2
S421,Data Structures,2,1,37.1,1,76.3,85.7,11,2
S421,OOP,2,0,59.7,3,76.9,42.9,12,0
S422,Variables,1,0,34.4,2,60.0,60.0,0,0
S422,Data Structures,0,1,36.5,1,0.0,0.0,0,1
S422,Functions,0,0,19.4,2,50.0,50.0,1,0
S422,Functions,0,0,29.8,3,33.3,0.0,0,0
S422,Functions,0,1,22.7,1,25.0,0.0,0,1
S422,Variables,0,0,27.5,2,40.0,0.0,1,0
S422,Data Structures,0,0,31.1,3,33.3,100.0,0,0
S422,Data Structures,0,0,47.6,3,28.6,50.0,0,0
S422,OOP,2,0,48.4,2,25.0,25.0,0,0
S422,OOP,0,0,47.5,3,22.2,0.0,0,0
S422,Functions,0,0,46.9,2,20.0,33.3,0,0
S422,Loops,0,0,25.9,2,18.2,18.2,0,0
S422,OOP,0,0,27.6,3,16.7,0.0,0,0
S422,Variables,0,0,32.3,3,15.4,0.0,0,0
S422,Data Structures,1,0,50.6,3,14.3,33.3,0,0
S422,Variables,0,0,26.7,3,13.3,0.0,0,0
S422,Functions,2,0,97.8,3,12.5,25.0,0,0
S422,Functions,0,0,37.0,3,11.8,20.0,0,0
S422,Functions,2,0,101.4,3,11.1,16.7,0,0
S422,OOP,0,0,24.7,2,10.5,0.0,0,0
S422,Loops,1,0,40.4,2,10.0,0.0,0,0
S422,Loops,0,1,16.5,1,9.5,0.0,0,1
S422,Variables,1,0,94.9,3,13.6,0.0,1,0
S422,Data Structures,0,1,26.4,1,13.0,25.0,0,1
S422,Data Structures,1,0,69.5,2,16.7,40.0,1,0
S422,Functions,0,0,42.3,3,16.0,14.3,0,0
S422,Data Structures,0,1,27.6,1,15.4,33.3,0,0
S422,Data Structures,2,0,87.2,2,18.5,42.9,1,0
S422,Data Structures,0,0,61.1,2,17.9,37.5,0,0
S422,OOP,1,0,50.0,2,17.2,0.0,0,0
S422,OOP,0,0,41.8,2,16.7,0.0,0,0
S422,Functions,0,0,60.3,2,16.1,12.5,0,0
S422,Variables,0,0,27.6,1,15.6,0.0,0,0
S422,Loops,1,0,58.9,2,15.2,33.3,0,0
S422,Loops,0,0,27.0,3,14.7,25.0,0,0
S422,Loops,0,0,24.5,2,14.3,20.0,0,0
S422,Functions,0,1,33.5,1,13.9,11.1,0,1
S422,Data Structures,1,0,76.9,3,16.2,33.3,1,0
S422,Functions,0,0,21.6,3,15.8,20.0,0,0
S422,Variables,2,0,145.9,2,15.4,0.0,0,0
S423,Functions,1,0,44.2,3,60.0,60.0,0,0
S423,Functions,0,1,14.8,1,0.0,0.0,0,1
S423,OOP,2,0,85.8,3,50.0,50.0,1,0
S423,Data Structures,0,1,17.8,1,33.3,33.3,0,1
S423,Data Structures,1,1,41.6,1,50.0,100.0,1,2
S423,OOP,0,1,34.4,1,60.0,0.0,2,1
S423,Data Structures,1,1,27.5,1,66.7,100.0,3,2
S423,Variables,2,0,47.5,2,71.4,71.4,4,0
S423,Functions,0,1,21.5,1,62.5,50.0,0,1
S423,Variables,1,0,53.1,3,66.7,0.0,1,0
S423,Loops,0,1,19.8,1,60.0,60.0,0,2
S423,Loops,2,0,36.4,2,63.6,100.0,1,1
S423,Functions,1,0,38.5,2,58.3,66.7,0,0
S423,Functions,2,1,38.1,1,53.8,50.0,0,2
S423,Data Structures,1,1,37.4,1,57.1,100.0,1,2
S423,Data Structures,2,1,24.1,1,60.0,100.0,2,2
S423,Data Structures,2,0,61.4,3,62.5,100.0,3,1
S423,OOP,1,1,35.6,1,58.8,50.0,0,2
S423,Functions,2,0,70.6,2,61.1,60.0,1,0
S423,Variables,0,1,15.6,1,57.9,0.0,0,1
S423,Variables,1,0,43.9,2,60.0,33.3,1,0
S423,Loops,0,1,17.4,1,57.1,50.0,0,1
S423,Functions,2,0,39.5,2,59.1,50.0,1,0
S423,Loops,2,0,82.9,3,56.5,66.7,0,0
S423,Loops,0,0,25.2,2,54.2,50.0,0,0
S423,Loops,0,1,17.9,1,52.0,40.0,0,1
S423,Functions,1,0,33.6,3,53.8,42.9,1,0
S423,OOP,1,1,27.0,1,51.9,66.7,0,2
S423,Data Structures,2,0,93.1,3,53.6,83.3,1,0
S423,Loops,0,1,19.2,1,51.7,50.0,0,1
S423,Loops,1,0,55.4,3,53.3,57.1,1,0
S423,Data Structures,0,1,21.5,1,51.6,71.4,0,2
S423,OOP,1,1,30.8,1,53.1,75.0,1,2
S423,Functions,1,0,48.9,3,54.5,37.5,2,0
S423,Data Structures,0,1,18.1,1,52.9,75.0,0,2
S423,Data Structures,2,0,48.1,3,54.3,77.8,1,0
S423,Functions,1,1,26.2,1,52.8,33.3,0,1
S423,Data Structures,1,1,26.8,1,54.1,70.0,1,2
S423,OOP,2,0,43.8,2,55.3,80.0,2,0
S423,Data Structures,0,1,11.7,1,53.8,72.7,0,2
S424,Functions,1,0,61.7,3,60.0,60.0,0,0
S424,Functions,0,1,18.0,1,0.0,0.0,0,1
S424,Functions,1,0,55.3,3,50.0,50.0,1,0
S424,Data Structures,1,0,57.5,2,33.3,33.3,0,0
S424,Functions,0,0,16.4,3,25.0,33.3,0,0
S424,Data Structures,0,1,17.2,1,20.0,0.0,0,0
S424,Data Structures,0,1,16.2,1,33.3,50.0,1,1
S424,Data Structures,2,1,48.5,1,42.9,66.7,2,2
S424,OOP,2,0,109.6,2,50.0,50.0,3,0
S424,Functions,0,1,30.7,1,44.4,25.0,0,1
S424,Data Structures,1,0,43.7,1,50.0,75.0,1,1
S424,Loops,1,1,33.1,1,45.5,45.5,0,2
S424,Data Structures,2,0,96.4,3,50.0,60.0,1,0
S424,Data Structures,0,1,19.9,1,46.2,50.0,0,1
S424,OOP,2,0,54.7,2,50.0,0.0,1,0
S424,Loops,0,1,17.3,1,46.7,100.0,0,2
S424,Data Structures,2,1,67.7,1,50.0,57.1,1,2
S424,Loops,2,1,49.7,1,52.9,100.0,2,2
S424,OOP,2,0,69.2,2,55.6,0.0,3,0
S424,Variables,0,1,19.3,1,52.6,52.6,0,1
S424,Loops,1,1,30.3,1,55.0,100.0,1,2
S424,Loops,2,1,44.0,1,57.1,100.0,2,2
S424,Data Structures,2,0,98.0,3,59.1,62.5,3,0
S424,Data Structures,0,1,17.0,1,56.5,55.6,0,2
S424,Loops,2,0,72.5,3,58.3,100.0,1,0
S424,Data Structures,0,1,32.3,1,56.0,60.0,0,1
S424,Loops,1,1,22.8,1,57.7,83.3,1,2
S424,Data Structures,2,0,69.3,2,59.3,63.6,2,0
S424,OOP,0,1,23.1,1,57.1,0.0,0,1
S424,Functions,1,1,40.8,1,58.6,40.0,1,1
S424,OOP,1,1,32.5,1,60.0,25.0,2,1
S424,Variables,1,0,46.0,2,61.3,100.0,3,1
S424,Variables,2,0,62.8,2,59.4,50.0,0,0
S424,OOP,0,1,22.8,1,57.6,40.0,0,1
S424,Loops,1,1,19.1,1,58.8,85.7,1,2
S424,Loops,2,1,63.5,1,60.0,87.5,2,2
S424,OOP,2,0,98.5,2,61.1,50.0,3,0
S424,OOP,0,1,20.5,1,59.5,42.9,0,1
S424,Functions,1,0,43.3,3,60.5,50.0,1,0
S424,OOP,0,1,18.5,1,59.0,50.0,0,1
S425,OOP,1,1,28.4,1,60.0,60.0,0,2
S425,Variables,2,0,86.5,3,100.0,100.0,1,1
S425,Data Structures,2,1,33.2,1,50.0,50.0,0,2
S425,OOP,2,0,95.9,3,66.7,100.0,1,0
S425,Variables,0,1,12.9,1,50.0,0.0,0,1
S425,Functions,1,0,50.7,3,60.0,60.0,1,0
S425,Data Structures,0,1,16.5,1,50.0,100.0,0,2
S425,Data Structures,2,0,60.5,2,57.1,100.0,1,1
S425,Data Structures,0,1,16.5,1,50.0,66.7,0,2
S425,Loops,2,1,51.1,1,55.6,55.6,1,2
S425,Data Structures,2,0,79.7,3,60.0,75.0,2,0
S425,Data Structures,0,1,11.0,1,54.5,60.0,0,2
S425,Functions,2,1,53.4,1,58.3,0.0,1,2
S425,OOP,1,1,25.1,1,61.5,50.0,2,2
S425,Data Structures,2,0,44.6,3,64.3,66.7,3,0
S425,Loops,0,1,14.0,1,60.0,100.0,0,2
S425,Variables,2,0,72.0,3,62.5,50.0,1,0
S425,OOP,0,1,16.6,1,58.8,66.7,0,2
S425,OOP,2,1,69.5,1,61.1,75.0,1,2
S425,Data Structures,2,0,55.7,2,63.2,57.1,2,0
S425,OOP,0,1,16.4,1,60.0,80.0,0,2
S425,Data Structures,2,0,85.2,3,61.9,50.0,1,0
S425,OOP,0,1,36.8,1,59.1,83.3,0,2
S425,Data Structures,1,1,37.9,1,60.9,44.4,1,2
S425,Functions,2,0,60.3,2,62.5,50.0,2,0
S425,OOP,0,1,10.6,1,60.0,85.7,0,2
S425,Data Structures,2,1,64.3,1,61.5,50.0,1,2
S425,OOP,2,1,42.1,1,63.0,87.5,2,2
S425,Loops,2,1,28.2,1,64.3,100.0,3,2
S425,OOP,2,0,32.8,2,65.5,88.9,4,1
S425,OOP,2,0,59.4,3,63.3,80.0,0,0
S425,Variables,0,1,21.2,1,61.3,33.3,0,1
S425,Functions,0,1,19.8,1,62.5,33.3,1,1
S425,OOP,1,1,23.5,1,63.6,72.7,2,2
S425,OOP,2,1,21.2,2,64.7,75.0,3,2
S425,Data Structures,2,0,54.2,2,65.7,54.5,4,0
S425,Functions,0,1,20.3,1,63.9,50.0,0,1
S425,Functions,1,1,14.8,3,64.9,60.0,1,2
S425,Data Structures,2,0,54.0,2,65.8,50.0,2,0
S425,OOP,0,1,12.9,1,64.1,76.9,0,2
S426,Data Structures,1,1,25.9,1,60.0,60.0,0,2
S426,Functions,0,1,12.6,1,100.0,100.0,1,2
S426,OOP,2,0,53.4,2,100.0,100.0,2,1
S426,Functions,1,1,31.4,1,66.7,100.0,0,2
S426,Loops,2,0,41.3,2,75.0,75.0,1,1
S426,Functions,1,1,24.7,1,60.0,100.0,0,2
S426,Variables,2,0,50.6,3,66.7,66.7,1,0
S426,Data Structures,0,1,27.1,1,57.1,100.0,0,2
S426,Variables,2,0,55.8,2,62.5,0.0,1,0
S426,Variables,0,1,24.7,1,55.6,0.0,0,1
S426,Functions,1,1,21.1,1,60.0,100.0,1,2
S426,OOP,2,1,42.7,1,63.6,0.0,2,1
S426,Data Structures,1,0,80.0,3,66.7,100.0,3,0
S426,OOP,0,1,11.1,1,61.5,50.0,0,2
S426,Data Structures,2,0,61.0,3,64.3,66.7,1,0
S426,Variables,0,1,16.1,1,60.0,33.3,0,1
S426,Functions,1,0,53.2,3,62.5,100.0,1,0
S426,OOP,0,1,14.3,1,58.8,66.7,0,2
S426,Functions,0,1,13.7,1,61.1,80.0,1,2
S426,Functions,2,1,57.9,1,63.2,83.3,2,2
S426,OOP,2,0,44.5,2,65.0,75.0,3,0
S426,Data Structures,0,1,30.2,1,61.9,50.0,0,1
S426,Loops,1,1,27.3,1,63.6,0.0,1,1
S426,Functions,1,1,35.2,1,65.2,85.7,2,1
S426,Variables,1,1,33.8,1,66.7,50.0,3,2
S426,Loops,2,0,71.3,2,68.0,50.0,4,0
S426,Variables,0,1,28.2,1,65.4,60.0,0,2
S426,Functions,2,1,32.9,1,66.7,87.5,1,2
S426,Functions,2,0,29.6,3,67.9,88.9,2,1
S426,Loops,1,1,46.5,1,65.5,33.3,0,1
S426,Data Structures,1,0,37.7,2,66.7,60.0,1,0
S426,Functions,2,1,37.8,1,64.5,80.0,0,1
S426,Data Structures,2,0,71.6,2,65.6,50.0,1,0
S426,OOP,1,1,35.2,1,63.6,60.0,0,2
S426,OOP,2,0,48.9,3,64.7,66.7,1,0
S426,Loops,0,1,17.2,1,62.9,50.0,0,2
S426,OOP,1,0,88.3,2,63.9,57.1,1,0
S426,OOP,0,1,18.4,1,62.2,50.0,0,2
S426,Data Structures,2,0,94.1,3,63.2,42.9,1,0
S426,Functions,0,1,25.4,1,61.5,81.8,0,2
S427,Variables,1,1,12.5,1,60.0,60.0,0,2
S427,Loops,2,1,23.0,1,100.0,100.0,1,2
S427,Data Structures,2,1,42.2,1,100.0,100.0,2,2
S427,Data Structures,0,1,16.7,1,100.0,100.0,3,2
S427,Data Structures,2,0,121.2,2,100.0,100.0,4,2
S427,Data Structures,2,0,71.4,2,80.0,66.7,0,0
S427,Data Structures,0,1,15.7,1,66.7,50.0,0,2
S427,Data Structures,2,0,66.4,2,71.4,60.0,1,0
S427,OOP,0,1,25.2,1,62.5,62.5,0,2
S427,Loops,2,1,31.1,3,66.7,100.0,1,2
S427,Functions,2,0,54.3,2,70.0,70.0,2,0
S427,Functions,2,1,25.7,1,63.6,0.0,0,1
S427,Variables,0,1,9.3,1,66.7,100.0,1,2
S427,Loops,2,1,26.9,3,69.2,100.0,2,2
S427,Variables,0,1,8.2,1,71.4,100.0,3,2
S427,OOP,2,0,84.4,1,73.3,100.0,4,1
S427,Variables,1,1,17.8,1,68.8,100.0,0,2
S427,Functions,2,1,26.4,1,70.6,50.0,1,2
S427,Variables,2,1,45.9,1,72.2,100.0,2,2
S427,Loops,2,1,19.6,1,73.7,100.0,3,2
S427,Functions,2,1,26.0,1,75.0,66.7,4,2
S427,Loops,2,1,28.5,1,76.2,100.0,5,2
S427,Data Structures,2,0,45.0,3,77.3,50.0,6,0
S427,Loops,1,1,17.6,1,73.9,100.0,0,2
S427,Functions,2,1,22.4,1,75.0,75.0,1,2
S427,Loops,2,1,34.9,2,76.0,100.0,2,2
S427,Functions,2,1,41.7,1,76.9,80.0,3,2
S427,Functions,2,1,30.5,1,77.8,83.3,4,2
S427,Variables,2,0,40.6,2,78.6,100.0,5,1
S427,Loops,1,1,24.0,1,75.9,100.0,0,2
S427,Variables,2,1,46.8,1,76.7,83.3,1,2
S427,Variables,2,1,50.0,1,77.4,85.7,2,2
S427,Variables,2,0,58.4,2,78.1,87.5,3,1
S427,Variables,0,1,7.8,1,75.8,77.8,0,2
S427,OOP,2,0,79.6,2,76.5,50.0,1,0
S427,OOP,0,1,13.7,2,74.3,33.3,0,1
S427,OOP,1,0,48.0,2,75.0,50.0,1,0
S427,Variables,1,1,37.3,1,73.0,80.0,0,2
S427,Functions,1,1,32.0,1,73.7,85.7,1,2
S427,Loops,2,1,23.7,1,74.4,100.0,2,2
S428,Functions,1,1,18.3,1,60.0,60.0,0,2
S428,Data Structures,2,1,30.3,1,100.0,100.0,1,2
S428,Functions,2,0,78.3,2,100.0,100.0,2,1
S428,Variables,1,1,36.7,1,66.7,66.7,0,2
S428,Functions,2,0,60.5,2,75.0,50.0,1,0
S428,OOP,0,1,18.0,1,60.0,60.0,0,2
S428,OOP,2,0,34.9,3,66.7,100.0,1,1
S428,Functions,1,1,31.5,1,57.1,33.3,0,1
S428,Loops,1,1,28.4,1,62.5,62.5,1,2
S428,Functions,2,1,49.5,2,66.7,50.0,2,2
S428,Variables,2,0,39.4,3,70.0,100.0,3,1
S428,OOP,1,1,27.4,1,63.6,50.0,0,2
S428,OOP,2,0,71.2,2,66.7,66.7,1,0
S428,Functions,2,0,52.7,2,61.5,60.0,0,0
S428,OOP,0,1,11.5,1,57.1,50.0,0,2
S428,Functions,2,0,54.5,1,60.0,50.0,1,0
S428,Functions,0,1,9.8,1,56.2,42.9,0,2
S428,OOP,2,0,76.2,3,58.8,60.0,1,1
S428,Loops,0,1,10.7,1,55.6,100.0,0,2
S428,Loops,2,0,39.4,3,57.9,100.0,1,1
S428,OOP,1,1,35.4,1,55.0,50.0,0,2
S428,Loops,2,1,43.8,2,57.1,66.7,1,2
S428,OOP,2,0,49.9,3,59.1,57.1,2,0
S428,Data Structures,0,1,12.7,1,56.5,100.0,0,2
S428,OOP,2,0,40.1,3,58.3,50.0,1,0
S428,Functions,2,1,45.3,1,56.0,50.0,0,2
S428,Functions,2,1,36.2,1,57.7,55.6,1,2
S428,Variables,2,0,85.5,2,59.3,50.0,2,0
S428,Data Structures,0,1,9.3,1,57.1,100.0,0,2
S428,Data Structures,2,1,28.0,1,58.6,100.0,1,2
S428,OOP,2,0,45.8,3,60.0,44.4,2,0
S428,OOP,0,1,12.6,1,58.1,40.0,0,1
S428,Data Structures,1,1,19.0,1,59.4,100.0,1,2
S428,Variables,2,1,42.9,1,60.6,33.3,2,2
S428,Variables,1,1,23.7,1,61.8,50.0,3,2
S428,OOP,0,1,13.9,1,62.9,45.5,4,2
S428,OOP,2,0,38.1,3,63.9,50.0,5,0
S428,Data Structures,0,1,8.1,1,62.2,100.0,0,2
S428,OOP,2,0,73.9,2,63.2,46.2,1,0
S428,Functions,0,1,15.2,1,61.5,60.0,0,1
S429,Variables,1,0,70.8,3,60.0,60.0,0,0
S429,Variables,0,1,15.6,1,0.0,0.0,0,1
S429,Variables,1,0,46.8,2,50.0,50.0,1,0
S429,Variables,0,1,14.0,2,33.3,33.3,0,1
S429,Functions,1,0,55.4,2,50.0,50.0,1,0
S429,Variables,0,1,25.5,2,40.0,50.0,0,0
S429,Loops,0,1,25.8,1,50.0,50.0,1,1
S429,OOP,0,1,27.0,1,57.1,57.1,2,1
S429,Loops,1,0,42.9,3,62.5,100.0,3,1
S429,Variables,0,1,27.0,1,55.6,60.0,0,1
S429,Variables,1,0,64.7,2,60.0,66.7,1,0
S429,OOP,0,1,17.1,1,54.5,100.0,0,2
S429,Functions,2,0,99.5,2,58.3,0.0,1,0
S429,Functions,2,0,94.1,3,53.8,0.0,0,0
S429,Functions,0,0,21.9,2,50.0,0.0,0,0
S429,OOP,0,1,24.8,1,46.7,100.0,0,2
S429,Variables,2,0,70.2,2,50.0,57.1,1,0
S429,Variables,0,0,34.1,3,47.1,50.0,0,0
S429,Functions,2,0,62.3,2,44.4,0.0,0,0
S429,Loops,0,0,49.5,3,42.1,50.0,0,0
S429,OOP,0,1,27.6,1,40.0,100.0,0,2
S429,Functions,2,0,93.4,3,42.9,0.0,1,0
S429,OOP,0,0,44.3,2,40.9,100.0,0,0
S429,Data Structures,0,0,23.3,2,39.1,39.1,0,0
S429,Loops,0,0,33.9,3,37.5,33.3,0,0
S429,OOP,0,1,19.8,1,36.0,80.0,0,2
S429,Functions,2,0,48.0,2,38.5,0.0,1,0
S429,Data Structures,0,1,13.4,1,37.0,0.0,0,1
S429,Variables,1,0,33.0,2,39.3,44.4,1,0
S429,Loops,0,0,24.2,1,37.9,25.0,0,0
S429,Loops,2,0,80.8,3,36.7,20.0,0,0
S429,Loops,0,0,68.6,3,35.5,16.7,0,0
S429,Variables,0,1,38.8,2,34.4,40.0,0,1
S429,Loops,1,0,34.7,2,36.4,14.3,1,0
S429,Functions,0,1,29.9,1,35.3,0.0,0,1
S429,Data Structures,1,0,47.7,2,37.1,50.0,1,0
S429,Variables,0,1,23.3,1,36.1,45.5,0,1
S429,Loops,1,0,62.0,2,37.8,12.5,1,0
S429,Variables,0,1,28.1,1,36.8,50.0,0,0
S429,Functions,0,0,31.0,2,38.5,12.5,1,0
S430,Variables,1,0,37.5,2,60.0,60.0,0,0
S430,Data Structures,0,0,41.4,2,0.0,0.0,0,0
S430,OOP,0,1,26.2,1,0.0,0.0,0,1
S430,Data Structures,1,0,49.2,2,33.3,0.0,1,0
S430,OOP,0,1,15.9,1,25.0,100.0,0,2
S430,OOP,2,0,123.0,2,40.0,100.0,1,0
S430,Variables,0,1,30.1,2,33.3,0.0,0,1
S430,Functions,1,0,61.5,2,42.9,42.9,1,0
S430,Variables,0,1,30.2,1,37.5,50.0,0,1
S430,Variables,2,0,44.9,2,44.4,66.7,1,0
S430,Variables,0,0,35.7,3,40.0,50.0,0,0
S430,Loops,0,1,29.6,1,36.4,36.4,0,1
S430,Data Structures,1,0,57.6,2,41.7,0.0,1,0
S430,Loops,0,0,58.5,3,38.5,100.0,0,0
S430,Loops,0,1,32.4,1,35.7,50.0,0,1
S430,Loops,2,0,154.1,3,40.0,66.7,1,0
S430,Loops,0,0,33.6,3,37.5,50.0,0,0
S430,Data Structures,0,1,25.7,1,35.3,0.0,0,1
S430,Loops,1,0,65.6,2,38.9,40.0,1,0
S430,Loops,0,0,23.9,2,36.8,33.3,0,1
S430,Loops,1,0,103.2,3,35.0,28.6,0,0
S430,OOP,1,0,70.1,2,33.3,66.7,0,0
S430,Loops,0,0,34.3,2,31.8,25.0,0,0
S430,Data Structures,0,0,37.2,2,30.4,25.0,0,0
S430,Functions,0,0,40.9,2,29.2,0.0,0,0
S430,Data Structures,0,1,29.1,1,28.0,20.0,0,1
S430,Variables,1,0,73.8,2,30.8,40.0,1,0
S430,Functions,0,0,38.8,2,29.6,0.0,0,0
S430,Loops,0,0,52.7,2,28.6,22.2,0,0
S430,Variables,0,1,23.3,1,27.6,33.3,0,1
S430,Data Structures,1,0,76.0,3,30.0,33.3,1,0
S430,OOP,0,0,28.8,2,29.0,50.0,0,0
S430,Functions,0,0,27.4,3,28.1,0.0,0,0
S430,Data Structures,0,0,41.0,3,27.3,28.6,0,0
S430,Loops,0,0,33.6,1,26.5,20.0,0,0
S430,Loops,0,0,61.9,2,25.7,18.2,0,0
S430,Loops,0,1,35.7,1,25.0,16.7,0,1
S430,Functions,1,0,41.6,3,27.0,0.0,1,0
S430,Data Structures,2,0,74.4,3,26.3,25.0,0,0
S430,Functions,0,0,17.8,2,25.6,0.0,0,0
S431,Loops,1,1,23.9,1,60.0,60.0,0,2
S431,OOP,2,0,61.9,3,100.0,100.0,1,1
S431,OOP,0,0,17.0,2,50.0,0.0,0,0
S431,Functions,0,1,15.4,1,33.3,33.3,0,1
S431,Variables,1,0,44.0,2,50.0,50.0,1,0
S431,Variables,0,1,18.0,1,40.0,0.0,0,1
S431,Variables,1,1,61.5,1,50.0,50.0,1,1
S431,Loops,2,0,69.6,2,57.1,100.0,2,1
S431,Data Structures,1,1,40.5,1,50.0,50.0,0,1
S431,Loops,1,0,30.0,3,55.6,50.0,1,0
S431,Data Structures,0,1,28.9,1,50.0,100.0,0,2
S431,Data Structures,2,0,53.2,3,54.5,100.0,1,1
S431,Functions,1,0,39.2,3,50.0,100.0,0,0
S431,Loops,0,1,19.7,1,46.2,33.3,0,1
S431,Loops,1,0,64.6,2,50.0,50.0,1,0
S431,OOP,1,1,43.9,1,46.7,0.0,0,1
S431,Variables,1,1,21.0,1,50.0,66.7,1,2
S431,Data Structures,2,0,82.7,3,52.9,66.7,2,0
S431,Functions,0,1,17.1,1,50.0,50.0,0,1
S431,Loops,1,0,41.2,2,52.6,40.0,1,0
S431,Data Structures,0,1,20.9,2,50.0,50.0,0,1
S431,OOP,1,1,25.2,1,52.4,33.3,1,1
S431,OOP,1,0,37.8,2,54.5,50.0,2,0
S431,Loops,0,1,10.8,2,52.2,33.3,0,1
S431,Data Structures,1,1,43.4,1,54.2,60.0,1,2
S431,Data Structures,0,1,23.2,1,56.0,66.7,2,2
S431,OOP,2,0,53.2,2,57.7,40.0,3,0
S431,Variables,0,1,20.1,1,55.6,75.0,0,2
S431,Loops,2,0,53.9,3,57.1,42.9,1,0
S431,Functions,0,1,14.9,1,55.2,66.7,0,2
S431,Data Structures,2,0,76.1,3,56.7,71.4,1,0
S431,Variables,1,0,22.5,2,54.8,80.0,0,0
S431,Loops,2,0,57.4,2,53.1,37.5,0,0
S431,OOP,0,1,15.0,1,51.5,33.3,0,1
S431,Data Structures,1,1,24.7,1,52.9,62.5,1,2
S431,Data Structures,2,0,57.3,2,54.3,66.7,2,0
S431,OOP,0,1,26.9,1,52.8,42.9,0,1
S431,Variables,2,0,47.6,2,54.1,66.7,1,0
S431,Data Structures,0,1,20.8,1,52.6,60.0,0,2
S431,Data Structures,2,0,56.0,3,53.8,63.6,1,0
S432,Functions,1,1,40.7,1,60.0,60.0,0,2
S432,Functions,2,0,60.3,2,100.0,100.0,1,1
S432,Loops,1,1,39.2,1,50.0,50.0,0,2
S432,Variables,2,0,119.3,2,66.7,66.7,1,0
S432,Functions,0,1,15.0,1,50.0,50.0,0,1
S432,Data Structures,1,1,44.1,1,60.0,60.0,1,2
S432,Functions,0,1,14.6,1,66.7,66.7,2,2
S432,Variables,2,0,53.5,3,71.4,0.0,3,0
S432,Loops,2,1,35.0,2,62.5,100.0,0,2
S432,OOP,2,0,106.4,2,66.7,66.7,1,0
S432,OOP,0,1,26.2,1,60.0,0.0,0,1
S432,Data Structures,1,0,42.2,2,63.6,100.0,1,1
S432,Data Structures,1,1,26.8,1,58.3,50.0,0,2
S432,Loops,2,1,24.3,1,61.5,100.0,1,2
S432,OOP,2,0,180.0,2,64.3,50.0,2,1
S432,OOP,1,0,32.5,3,60.0,33.3,0,0
S432,Loops,1,1,26.7,1,56.2,100.0,0,2
S432,Data Structures,2,1,76.7,1,58.8,66.7,1,2
S432,Loops,2,0,43.5,2,61.1,100.0,2,1
S432,OOP,1,0,40.8,2,57.9,25.0,0,0
S432,OOP,1,1,34.9,1,55.0,20.0,0,1
S432,Data Structures,1,1,15.2,1,57.1,75.0,1,2
S432,Loops,2,0,57.4,2,59.1,80.0,2,0
S432,OOP,0,0,23.4,3,56.5,33.3,0,0
S432,Data Structures,0,1,23.0,1,54.2,80.0,0,2
S432,Data Structures,2,0,61.9,2,56.0,83.3,1,0
S432,Loops,0,1,15.1,1,53.8,66.7,0,2
S432,OOP,2,0,58.7,1,55.6,28.6,1,0
S432,Variables,0,1,6.6,1,53.6,0.0,0,1
S432,Functions,1,1,37.6,1,55.2,75.0,1,2
S432,Variables,2,0,53.3,3,56.7,33.3,2,0
S432,OOP,0,1,17.5,1,54.8,25.0,0,1
S432,OOP,2,0,79.7,3,56.2,33.3,1,0
S432,OOP,0,1,14.3,1,54.5,30.0,0,1
S432,Variables,1,0,36.9,2,55.9,25.0,1,0
S432,Data Structures,0,1,15.1,1,54.3,71.4,0,2
S432,OOP,2,0,127.7,3,55.6,36.4,1,0
S432,Data Structures,0,1,21.3,1,54.1,75.0,0,2
S432,Data Structures,2,0,100.3,3,55.3,77.8,1,0
S432,Functions,0,1,22.6,1,53.8,80.0,0,2
S433,OOP,1,0,53.9,2,60.0,60.0,0,0
S433,Data Structures,0,0,15.6,2,0.0,0.0,0,0
S433,OOP,0,1,16.1,1,0.0,0.0,0,1
S433,Functions,1,0,39.8,2,33.3,33.3,1,0
S433,OOP,0,0,41.6,1,25.0,50.0,0,0
S433,Data Structures,0,0,20.1,3,20.0,0.0,0,0
S433,Variables,1,0,39.6,2,16.7,16.7,0,0
S433,OOP,0,0,26.5,3,14.3,33.3,0,0
S433,Loops,0,1,20.1,1,12.5,12.5,0,1
S433,OOP,1,0,51.6,2,22.2,25.0,1,0
S433,Data Structures,0,1,25.3,1,20.0,0.0,0,1
S433,OOP,1,0,84.6,3,27.3,20.0,1,0
S433,OOP,0,0,35.7,3,25.0,16.7,0,0
S433,Variables,0,0,59.2,2,23.1,0.0,0,0
S433,Loops,0,0,28.0,2,21.4,100.0,0,0
S433,Data Structures,0,0,23.5,3,20.0,33.3,0,0
S433,Loops,0,0,32.4,2,18.8,50.0,0,0
S433,Data Structures,0,0,33.1,2,17.6,25.0,0,0
S433,Variables,0,0,48.5,2,16.7,0.0,0,0
S433,Variables,0,0,44.6,2,15.8,0.0,0,0
S433,Functions,0,1,28.7,1,15.0,0.0,0,1
S433,Variables,1,0,69.2,3,19.0,0.0,1,0
S433,Variables,0,0,26.3,2,18.2,0.0,0,0
S433,OOP,0,0,57.7,2,17.4,14.3,0,0
S433,OOP,0,1,31.4,3,16.7,12.5,0,0
S433,Functions,0,1,21.8,1,20.0,50.0,1,1
S433,Loops,1,0,65.4,3,23.1,33.3,2,0
S433,Data Structures,0,1,26.7,3,22.2,20.0,0,1
S433,Loops,1,1,53.2,1,25.0,25.0,1,1
S433,Functions,1,0,51.2,3,27.6,66.7,2,0
S433,Functions,0,0,28.7,2,26.7,50.0,0,0
S433,Loops,0,1,22.2,1,25.8,40.0,0,1
S433,Variables,1,0,78.0,2,28.1,0.0,1,0
S433,Loops,0,1,15.1,1,27.3,50.0,0,1
S433,Data Structures,1,0,52.7,2,29.4,33.3,1,0
S433,Data Structures,0,1,31.9,1,28.6,28.6,0,1
S433,Variables,1,0,54.7,2,30.6,0.0,1,0
S433,Loops,2,0,66.0,1,29.7,57.1,0,0
S433,Functions,0,0,46.0,2,28.9,40.0,0,0
S433,OOP,0,0,28.7,3,28.2,22.2,0,0
S434,Loops,1,1,27.2,1,60.0,60.0,0,2
S434,OOP,2,1,34.3,1,100.0,100.0,1,2
S434,Data Structures,2,0,60.2,3,100.0,100.0,2,1
S434,OOP,1,1,34.9,1,66.7,100.0,0,2
S434,Data Structures,2,1,40.2,1,75.0,0.0,1,1
S434,Loops,1,1,20.6,1,80.0,100.0,2,2
S434,Loops,2,0,43.8,3,83.3,100.0,3,1
S434,Variables,1,1,41.3,1,71.4,71.4,0,2
S434,OOP,2,0,71.6,2,75.0,100.0,1,1
S434,Functions,1,0,57.1,2,66.7,66.7,0,0
S434,Variables,0,1,16.9,1,60.0,100.0,0,2
S434,OOP,2,1,29.9,1,63.6,66.7,1,2
S434,Functions,2,0,51.8,2,66.7,0.0,2,0
S434,Loops,0,1,16.5,1,61.5,66.7,0,2
S434,Functions,2,0,124.4,2,64.3,0.0,1,0
S434,OOP,0,1,13.3,1,60.0,75.0,0,2
S434,Variables,1,1,22.1,1,62.5,100.0,1,2
S434,Functions,1,0,44.3,1,64.7,0.0,2,0
S434,Functions,0,1,19.7,1,61.1,0.0,0,1
S434,Variables,1,1,32.0,1,63.2,100.0,1,2
S434,Functions,2,0,107.1,3,65.0,20.0,2,0
S434,Loops,0,1,10.0,1,61.9,75.0,0,2
S434,OOP,2,0,58.9,2,63.6,80.0,1,0
S434,Loops,0,1,11.1,1,60.9,80.0,0,2
S434,Variables,2,0,46.9,2,62.5,100.0,1,1
S434,Loops,1,1,12.8,1,60.0,83.3,0,2
S434,Variables,2,1,55.3,1,61.5,80.0,1,2
S434,Loops,2,0,32.6,3,63.0,85.7,2,1
S434,Variables,0,1,11.6,1,60.7,83.3,0,2
S434,Variables,0,1,14.7,1,62.1,85.7,1,2
S434,Functions,2,0,80.4,2,63.3,16.7,2,0
S434,Loops,0,1,8.9,1,61.3,75.0,0,2
S434,Variables,1,1,23.7,1,62.5,87.5,1,2
S434,Variables,1,0,50.9,2,63.6,88.9,2,0
S434,Data Structures,0,1,15.6,1,61.8,50.0,0,2
S434,Variables,2,0,48.2,3,62.9,80.0,1,0
S434,Loops,0,1,18.2,1,61.1,77.8,0,2
S434,Variables,2,0,45.2,2,62.2,72.7,1,0
S434,Loops,2,1,32.2,1,60.5,80.0,0,2
S434,OOP,2,0,39.3,2,61.5,66.7,1,0
S435,Variables,1,0,54.0,2,60.0,60.0,0,0
S435,Loops,1,0,57.0,3,0.0,0.0,0,0
S435,OOP,0,1,16.2,1,0.0,0.0,0,1
S435,OOP,1,0,40.3,3,33.3,100.0,1,0
S435,Loops,2,0,83.0,1,25.0,0.0,0,0
S435,Loops,0,0,14.5,2,20.0,0.0,0,0
S435,Functions,0,1,19.9,1,16.7,16.7,0,1
S435,Data Structures,1,0,51.3,2,28.6,28.6,1,0
S435,Loops,2,0,86.1,3,25.0,0.0,0,0
S435,Functions,2,0,113.2,1,22.2,100.0,0,0
S435,OOP,1,1,43.1,2,20.0,50.0,0,1
S435,OOP,1,1,32.3,1,27.3,66.7,1,2
S435,OOP,2,0,65.1,2,33.3,75.0,2,0
S435,Variables,0,1,18.7,1,30.8,0.0,0,1
S435,Functions,0,1,29.5,1,35.7,50.0,1,1
S435,Functions,1,0,82.5,2,40.0,66.7,2,0
S435,OOP,0,1,12.6,1,37.5,60.0,0,2
S435,Loops,2,0,100.5,3,41.2,0.0,1,0
S435,Loops,0,1,22.0,1,38.9,0.0,0,1
S435,Variables,1,0,78.0,3,42.1,50.0,1,0
S435,Loops,0,1,19.6,1,40.0,16.7,0,1
S435,Functions,1,0,53.8,3,42.9,50.0,1,0
S435,Data Structures,0,0,26.1,3,40.9,0.0,0,0
S435,Loops,0,1,26.4,1,39.1,28.6,0,1
S435,OOP,1,1,36.4,1,41.7,66.7,1,2
S435,OOP,2,0,89.9,3,44.0,71.4,2,0
S435,Loops,0,1,19.2,1,42.3,37.5,0,1
S435,Data Structures,0,1,29.2,1,44.4,0.0,1,1
S435,Functions,1,0,59.3,2,46.4,40.0,2,0
S435,Loops,0,1,18.6,1,44.8,44.4,0,1
S435,Loops,1,0,34.3,2,46.7,50.0,1,0
S435,Variables,2,0,100.3,3,45.2,33.3,0,0
S435,Loops,0,1,15.2,1,43.8,45.5,0,1
S435,Variables,1,1,67.4,1,45.5,25.0,1,1
S435,OOP,1,1,40.6,1,47.1,62.5,2,2
S435,Data Structures,2,0,88.8,2,48.6,33.3,3,0
S435,Loops,0,1,12.6,1,47.2,50.0,0,2
S435,Loops,2,1,42.5,1,48.6,53.8,1,2
S435,Data Structures,2,0,77.1,2,50.0,25.0,2,0
S435,Data Structures,0,0,45.1,3,48.7,20.0,0,0
S436,OOP,1,1,17.3,1,60.0,60.0,0,2
S436,Data Structures,2,0,47.1,3,100.0,100.0,1,1
S436,OOP,1,1,24.2,1,50.0,100.0,0,2
S436,Variables,2,1,26.8,1,66.7,66.7,1,2
S436,Functions,2,1,41.0,1,75.0,75.0,2,2
S436,Functions,2,1,42.7,1,80.0,100.0,3,2
S436,Functions,1,1,23.9,1,83.3,100.0,4,2
S436,Loops,2,0,27.6,3,85.7,85.7,5,1
S436,Loops,0,1,12.3,2,75.0,0.0,0,1
S436,Functions,1,0,48.0,3,77.8,100.0,1,1
S436,Variables,2,1,55.3,1,70.0,100.0,0,2
S436,Loops,2,0,36.9,3,72.7,50.0,1,0
S436,Variables,2,1,25.4,1,66.7,100.0,0,2
S436,Data Structures,2,1,34.3,1,69.2,0.0,1,1
S436,Data Structures,1,1,22.7,1,71.4,50.0,2,2
S436,Variables,2,0,44.8,3,73.3,100.0,3,1
S436,OOP,1,0,59.8,3,68.8,100.0,0,0
S436,Functions,1,1,35.0,1,64.7,75.0,0,2
S436,Functions,2,0,24.2,3,66.7,80.0,1,1
S436,Variables,2,0,36.2,3,63.2,75.0,0,0
S436,Loops,0,1,14.1,1,60.0,33.3,0,1
S436,Variables,1,1,26.7,1,61.9,60.0,1,2
S436,Functions,1,1,22.2,1,63.6,66.7,2,2
S436,Data Structures,2,0,54.7,2,65.2,66.7,3,0
S436,Variables,0,1,14.2,1,62.5,66.7,0,2
S436,Functions,2,0,66.4,2,64.0,71.4,1,0
S436,Variables,0,1,10.3,1,61.5,71.4,0,2
S436,Data Structures,2,1,26.9,1,63.0,50.0,1,2
S436,Functions,2,1,37.1,1,64.3,62.5,2,2
S436,Data Structures,2,1,53.8,1,65.5,60.0,3,2
S436,Data Structures,2,1,40.0,1,66.7,66.7,4,2
S436,Functions,2,0,49.1,3,67.7,66.7,5,0
S436,Data Structures,0,1,14.3,1,65.6,71.4,0,2
S436,Loops,2,0,36.6,3,66.7,50.0,1,0
S436,Functions,0,1,20.1,1,64.7,60.0,0,2
S436,Functions,1,1,32.6,1,65.7,63.6,1,2
S436,Data Structures,2,1,32.3,1,66.7,75.0,2,2
S436,Loops,2,1,29.2,1,67.6,40.0,3,2
S436,Functions,2,0,59.5,2,68.4,66.7,4,0
S436,Data Structures,1,1,25.4,1,66.7,77.8,0,2
S437,Functions,1,1,19.4,1,60.0,60.0,0,2
S437,Data Structures,2,0,53.4,3,100.0,100.0,1,1
S437,Variables,0,1,24.1,1,50.0,50.0,0,1
S437,Functions,1,1,22.1,1,66.7,100.0,1,2
S437,OOP,2,1,35.7,1,75.0,75.0,2,2
S437,Functions,2,0,82.9,3,80.0,100.0,3,1
S437,Functions,1,1,44.7,1,66.7,66.7,0,2
S437,Data Structures,2,0,47.3,2,71.4,0.0,1,0
S437,Functions,0,1,16.9,1,62.5,75.0,0,2
S437,Functions,2,1,66.0,2,66.7,80.0,1,2
S437,Data Structures,2,0,64.4,2,70.0,0.0,2,0
S437,OOP,0,1,15.7,1,63.6,100.0,0,2
S437,Variables,1,1,23.2,1,66.7,100.0,1,2
S437,Data Structures,2,0,65.6,3,69.2,0.0,2,0
S437,Functions,2,1,45.4,1,64.3,83.3,0,2
S437,Loops,2,1,62.5,1,66.7,66.7,1,2
S437,Functions,2,1,31.1,1,68.8,85.7,2,2
S437,Functions,1,1,33.8,1,70.6,87.5,3,2
S437,Loops,2,1,42.7,2,72.2,100.0,4,2
S437,Loops,2,0,67.8,2,73.7,100.0,5,2
S437,Data Structures,2,0,29.7,2,70.0,0.0,0,0
S437,Data Structures,0,1,16.3,1,66.7,0.0,0,1
S437,Data Structures,2,0,81.9,1,68.2,16.7,1,1
S437,Functions,1,0,39.1,2,65.2,88.9,0,1
S437,Variables,1,1,24.8,1,62.5,100.0,0,2
S437,OOP,1,1,14.6,1,64.0,100.0,1,2
S437,Functions,2,0,52.3,2,65.4,80.0,2,0
S437,Loops,1,1,17.7,1,63.0,66.7,0,2
S437,Data Structures,2,0,72.6,2,64.3,14.3,1,0
S437,Loops,1,1,19.4,1,62.1,75.0,0,2
S437,Functions,2,0,62.4,2,63.3,72.7,1,0
S437,OOP,0,1,19.3,2,61.3,100.0,0,2
S437,OOP,2,1,37.9,3,62.5,100.0,1,2
S437,OOP,2,1,33.3,1,63.6,100.0,2,2
S437,Variables,2,0,136.9,2,64.7,100.0,3,0
S437,Loops,0,1,11.2,1,62.9,80.0,0,2
S437,Data Structures,1,1,29.1,1,63.9,12.5,1,1
S437,Data Structures,1,1,23.7,1,64.9,22.2,2,1
S437,Variables,0,1,21.3,1,65.8,75.0,3,2
S437,Variables,2,0,31.8,3,66.7,80.0,4,0
S438,Data Structures,1,1,32.4,1,60.0,60.0,0,2
S438,Loops,2,0,35.6,3,100.0,100.0,1,2
S438,Loops,2,1,29.1,1,50.0,0.0,0,1
S438,Functions,2,0,75.4,2,66.7,66.7,1,0
S438,Data Structures,0,1,9.7,1,50.0,100.0,0,2
S438,Loops,2,1,43.7,1,60.0,50.0,1,2
S438,Loops,2,1,28.2,1,66.7,66.7,2,2
S438,Functions,2,1,38.7,1,71.4,0.0,3,1
S438,OOP,0,1,10.0,1,75.0,75.0,4,2
S438,Functions,2,0,110.7,3,77.8,50.0,5,0
S438,Data Structures,0,1,9.3,1,70.0,100.0,0,2
S438,Variables,2,1,27.1,1,72.7,72.7,1,2
S438,Functions,2,1,32.5,1,75.0,33.3,2,2
S438,Data Structures,2,1,33.3,1,76.9,100.0,3,2
S438,OOP,1,1,23.3,1,78.6,100.0,4,2
S438,OOP,2,0,56.7,3,80.0,100.0,5,1
S438,Data Structures,1,1,15.2,1,75.0,100.0,0,2
S438,Functions,0,1,23.7,1,76.5,50.0,1,2
S438,OOP,1,1,20.2,1,77.8,66.7,2,1
S438,Variables,1,1,14.6,1,78.9,100.0,3,2
S438,Loops,2,1,49.9,1,80.0,75.0,4,2
S438,Data Structures,2,0,96.7,3,81.0,100.0,5,0
S438,Variables,0,1,13.2,1,77.3,100.0,0,2
S438,Data Structures,2,1,27.2,1,78.3,83.3,1,2
S438,Functions,2,1,37.6,1,79.2,60.0,2,2
S438,Loops,1,1,14.4,3,80.0,80.0,3,2
S438,OOP,1,1,46.5,1,80.8,75.0,4,2
S438,OOP,2,1,49.3,1,81.5,80.0,5,2
S438,OOP,2,1,37.9,1,82.1,83.3,6,2
S438,Variables,2,0,58.0,3,82.8,100.0,7,1
S438,Loops,1,1,17.5,2,80.0,83.3,0,2
S438,Functions,2,0,71.5,3,80.6,66.7,1,0
S438,Variables,0,1,10.5,1,78.1,75.0,0,2
S438,Loops,2,1,38.3,1,78.8,85.7,1,2
S438,Data Structures,2,1,39.5,1,79.4,85.7,2,2
S438,Functions,2,0,58.5,2,80.0,57.1,3,0
S438,OOP,1,1,24.2,1,77.8,85.7,0,2
S438,Loops,2,1,33.8,1,78.4,87.5,1,2
S438,Loops,2,1,35.1,1,78.9,88.9,2,2
S438,OOP,2,0,44.5,3,79.5,87.5,3,1
S439,OOP,1,1,18.3,1,60.0,60.0,0,2
S439,Functions,2,0,42.2,2,100.0,100.0,1,1
S439,Data Structures,1,1,17.4,1,50.0,50.0,0,2
S439,Data Structures,2,1,51.0,1,66.7,100.0,1,2
S439,Variables,2,1,62.8,1,75.0,75.0,2,2
S439,OOP,2,1,18.5,1,80.0,100.0,3,2
S439,Functions,2,1,33.8,1,83.3,0.0,4,1
S439,Data Structures,1,1,28.2,1,85.7,100.0,5,2
S439,Data Structures,2,1,50.5,1,87.5,100.0,6,2
S439,Functions,2,1,30.9,1,88.9,50.0,7,2
S439,Loops,2,0,53.6,3,90.0,90.0,8,1
S439,Functions,1,1,23.0,1,81.8,66.7,0,2
S439,OOP,2,1,22.8,1,83.3,100.0,1,2
S439,Loops,2,1,29.0,1,84.6,0.0,2,1
S439,Functions,1,1,16.8,1,85.7,75.0,3,2
S439,Functions,2,1,19.0,1,86.7,80.0,4,2
S439,Functions,1,1,21.6,1,87.5,83.3,5,2
S439,OOP,2,1,37.2,1,88.2,100.0,6,2
S439,Variables,0,1,17.0,1,88.9,100.0,7,2
S439,Variables,2,1,74.1,1,89.5,100.0,8,2
S439,Variables,1,1,28.0,1,90.0,100.0,9,2
S439,Loops,2,1,41.5,3,90.5,50.0,10,2
S439,Variables,2,1,54.8,1,90.9,100.0,11,2
S439,Loops,2,0,45.0,2,91.3,66.7,12,1
S439,Variables,1,0,21.7,2,87.5,100.0,0,1
S439,Data Structures,1,1,39.4,1,84.0,100.0,0,2
S439,OOP,2,1,30.7,1,84.6,100.0,1,2
S439,OOP,2,1,17.0,1,85.2,100.0,2,2
S439,Loops,2,0,48.8,3,85.7,50.0,3,0
S439,Data Structures,0,1,12.7,1,82.8,100.0,0,2
S439,OOP,2,1,37.7,1,83.3,100.0,1,2
S439,OOP,2,1,50.9,1,83.9,100.0,2,2
S439,Functions,2,1,32.0,1,84.4,85.7,3,2
S439,Loops,2,1,42.3,1,84.8,40.0,4,2
S439,Data Structures,2,0,52.0,3,85.3,100.0,5,2
S439,Data Structures,2,0,56.4,3,82.9,85.7,0,0
S439,Loops,0,1,7.6,1,80.6,50.0,0,2
S439,Loops,0,1,12.5,1,81.1,57.1,1,2
S439,Functions,2,0,40.3,3,81.6,87.5,2,1
S439,Loops,1,1,29.5,1,79.5,62.5,0,2
S440,Functions,1,0,72.9,3,60.0,60.0,0,1
S440,Loops,1,0,52.2,2,0.0,0.0,0,0
S440,Functions,0,0,26.1,2,0.0,0.0,0,0
S440,OOP,0,0,31.6,3,0.0,0.0,0,0
S440,OOP,0,0,26.4,2,0.0,0.0,0,0
S440,Functions,0,0,39.1,1,0.0,0.0,0,0
S440,Data Structures,0,1,19.1,1,0.0,0.0,0,1
S440,Functions,1,0,42.1,2,14.3,0.0,1,0
S440,Data Structures,0,0,32.9,2,12.5,100.0,0,0
S440,Functions,0,0,34.4,2,11.1,0.0,0,0
S440,Variables,0,0,21.8,2,10.0,10.0,0,0
S440,Variables,0,0,57.1,2,9.1,0.0,0,0
S440,Data Structures,0,0,22.8,3,8.3,50.0,0,0
S440,Functions,0,0,32.3,2,7.7,0.0,0,0
S440,Loops,0,0,35.1,3,7.1,0.0,0,0
S440,OOP,0,0,56.8,3,6.7,0.0,0,0
S440,Functions,0,0,47.5,1,6.2,0.0,0,0
S440,Variables,0,1,45.9,1,5.9,0.0,0,1
S440,OOP,1,0,67.3,3,11.1,0.0,1,0
S440,Loops,0,0,27.2,3,10.5,0.0,0,0
S440,OOP,0,0,38.4,2,10.0,0.0,0,0
S440,Loops,0,0,32.2,2,9.5,0.0,0,0
S440,Variables,0,0,46.9,3,9.1,33.3,0,0
S440,Functions,0,0,27.1,1,8.7,0.0,0,0
S440,Functions,0,0,50.4,3,8.3,0.0,0,0
S440,Variables,0,0,24.0,2,8.0,25.0,0,0
S440,Functions,0,1,40.1,1,7.7,0.0,0,1
S440,Functions,1,0,69.3,3,11.1,10.0,1,0
S440,OOP,0,1,37.9,1,10.7,0.0,0,1
S440,Data Structures,2,0,84.4,3,13.8,33.3,1,0
S440,Loops,0,0,30.3,3,13.3,0.0,0,0
S440,Data Structures,2,0,105.5,2,12.9,25.0,0,0
S440,Loops,0,0,31.5,2,12.5,0.0,0,0
S440,OOP,0,0,32.2,3,12.1,16.7,0,0
S440,Data Structures,2,0,84.2,2,11.8,20.0,0,0
S440,Variables,0,0,25.4,2,11.4,20.0,0,0
S440,OOP,0,0,49.4,3,11.1,14.3,0,0
S440,Data Structures,0,1,20.1,1,10.8,16.7,0,1
S440,Variables,1,0,102.5,2,13.2,16.7,1,0
S440,Data Structures,1,0,38.4,3,12.8,28.6,0,0
S441,Variables,1,1,24.3,2,60.0,60.0,0,2
S441,Loops,2,0,51.4,2,100.0,100.0,1,1
S441,Data Structures,2,1,21.0,1,50.0,50.0,0,2
S441,Loops,2,0,73.3,3,66.7,0.0,1,0
S441,Loops,0,1,21.6,1,50.0,0.0,0,1
S441,Variables,1,1,23.0,1,60.0,100.0,1,2
S441,Functions,2,0,59.0,3,66.7,66.7,2,0
S441,Functions,0,0,24.8,2,57.1,0.0,0,0
S441,OOP,0,1,13.8,1,50.0,50.0,0,2
S441,Data Structures,0,1,8.4,1,55.6,100.0,1,2
S441,Loops,2,0,73.2,2,60.0,33.3,2,0
S441,Functions,0,1,16.0,1,54.5,0.0,0,1
S441,Variables,1,0,33.2,3,58.3,100.0,1,1
S441,Variables,0,1,21.1,1,53.8,66.7,0,2
S441,OOP,2,0,47.2,2,57.1,100.0,1,1
S441,Variables,1,1,34.2,1,53.3,75.0,0,2
S441,Functions,2,0,48.4,3,56.2,33.3,1,0
S441,Data Structures,0,1,8.4,1,52.9,100.0,0,2
S441,Functions,2,0,93.7,3,55.6,25.0,1,0
S441,Functions,0,0,29.3,3,52.6,20.0,0,0
S441,Variables,0,1,19.2,3,50.0,80.0,0,1
S441,Variables,1,0,31.8,3,52.4,83.3,1,0
S441,Loops,0,1,16.3,1,50.0,25.0,0,1
S441,Functions,1,0,55.4,2,52.2,16.7,1,0
S441,Variables,1,0,38.3,3,50.0,71.4,0,0
S441,Loops,2,0,49.8,3,48.0,40.0,0,0
S441,Functions,0,1,40.4,1,46.2,14.3,0,1
S441,Variables,0,1,16.6,1,48.1,62.5,1,2
S441,Variables,2,0,66.2,3,50.0,66.7,2,0
S441,Data Structures,1,1,16.4,1,48.3,100.0,0,2
S441,Data Structures,2,1,41.6,1,50.0,100.0,1,2
S441,Variables,2,0,38.7,3,51.6,60.0,2,0
S441,Variables,0,1,16.2,1,50.0,54.5,0,2
S441,Loops,2,1,67.4,1,51.5,33.3,1,1
S441,Variables,1,1,28.8,1,52.9,58.3,2,2
S441,Variables,2,0,75.9,2,54.3,61.5,3,0
S441,Data Structures,0,1,9.5,1,52.8,100.0,0,2
S441,OOP,2,1,42.0,1,54.1,50.0,1,2
S441,OOP,2,1,37.2,1,55.3,66.7,2,2
S441,Loops,2,0,64.5,2,56.4,42.9,3,0
S442,Variables,1,0,40.3,2,60.0,60.0,0,0
S442,OOP,0,1,19.1,1,0.0,0.0,0,1
S442,OOP,1,0,69.1,2,50.0,100.0,1,0
S442,Data Structures,0,1,21.5,1,33.3,33.3,0,1
S442,Variables,1,1,31.0,1,50.0,0.0,1,1
S442,Variables,1,0,50.1,2,60.0,50.0,2,0
S442,Data Structures,0,1,11.4,1,50.0,100.0,0,2
S442,OOP,2,0,48.0,3,57.1,50.0,1,0
S442,Data Structures,0,1,13.8,1,50.0,100.0,0,2
S442,Functions,2,0,38.5,2,55.6,55.6,1,0
S442,Variables,2,0,69.5,3,50.0,33.3,0,0
S442,Data Structures,0,1,16.5,1,45.5,100.0,0,2
S442,Functions,2,0,79.1,2,50.0,0.0,1,0
S442,Data Structures,0,1,15.5,1,46.2,100.0,0,2
S442,Data Structures,1,1,23.5,1,50.0,100.0,1,2
S442,Loops,2,0,45.8,2,53.3,53.3,2,0
S442,OOP,0,1,22.2,1,50.0,33.3,0,1
S442,OOP,1,0,47.4,2,52.9,50.0,1,0
S442,Loops,0,1,14.6,1,50.0,0.0,0,1
S442,Variables,1,0,47.2,3,52.6,25.0,1,0
S442,OOP,0,1,14.5,3,50.0,40.0,0,1
S442,Loops,1,1,22.0,1,52.4,50.0,1,2
S442,OOP,2,0,49.9,1,54.5,50.0,2,0
S442,Functions,0,1,19.8,1,52.2,0.0,0,2
S442,Variables,2,1,38.4,1,54.2,20.0,1,2
S442,Data Structures,2,1,39.8,1,56.0,100.0,2,2
S442,Loops,2,1,48.4,1,57.7,66.7,3,2
S442,Functions,2,0,45.4,2,59.3,33.3,4,0
S442,OOP,0,1,9.0,1,57.1,42.9,0,2
S442,Functions,2,1,32.0,1,58.6,25.0,1,2
S442,Data Structures,2,0,73.8,3,60.0,100.0,2,0
S442,Variables,0,1,22.0,2,58.1,33.3,0,1
S442,Functions,2,1,48.2,1,59.4,40.0,1,2
S442,Data Structures,2,1,47.0,1,60.6,87.5,2,2
S442,OOP,2,1,20.8,2,61.8,50.0,3,2
S442,OOP,2,1,62.0,1,62.9,55.6,4,2
S442,Loops,2,1,44.6,1,63.9,75.0,5,2
S442,OOP,0,1,25.3,1,64.9,60.0,6,2
S442,Functions,2,1,85.8,1,65.8,50.0,7,2
S442,Functions,2,1,60.9,1,66.7,57.1,8,2
S443,Functions,1,0,113.4,3,60.0,60.0,0,0
S443,Functions,0,0,40.9,1,0.0,0.0,0,0
S443,OOP,0,0,43.0,2,0.0,0.0,0,0
S443,OOP,0,1,40.6,1,0.0,0.0,0,1
S443,Loops,1,0,80.4,2,25.0,25.0,1,0
S443,Functions,0,0,39.3,2,20.0,0.0,0,0
S443,Loops,0,0,44.1,2,16.7,0.0,0,0
S443,Variables,0,0,25.7,3,14.3,14.3,0,0
S443,Data Structures,0,0,29.6,3,12.5,12.5,0,0
S443,Loops,0,0,15.9,1,11.1,0.0,0,0
S443,Variables,0,0,75.3,2,10.0,0.0,0,0
S443,OOP,0,0,32.3,2,9.1,50.0,0,0
S443,Functions,0,0,34.4,2,8.3,0.0,0,0
S443,OOP,0,0,28.6,2,7.7,33.3,0,0
S443,Loops,0,0,51.1,2,7.1,0.0,0,0
S443,OOP,0,0,29.3,1,6.7,25.0,0,0
S443,OOP,0,0,51.9,2,6.2,20.0,0,0
S443,Data Structures,0,1,24.4,1,5.9,0.0,0,1
S443,Data Structures,1,0,50.1,3,11.1,50.0,1,0
S443,OOP,0,0,38.5,3,10.5,16.7,0,0
S443,Loops,0,0,20.7,2,10.0,0.0,0,0
S443,Variables,0,0,46.5,2,9.5,0.0,0,0
S443,OOP,0,0,51.8,2,9.1,14.3,0,0
S443,Functions,0,0,43.4,2,8.7,0.0,0,0
S443,Variables,0,1,53.5,1,8.3,0.0,0,1
S443,Data Structures,1,0,24.6,2,12.0,33.3,1,0
S443,Functions,0,1,30.9,1,11.5,0.0,0,1
S443,Variables,1,0,72.4,2,14.8,25.0,1,0
S443,Functions,0,0,45.4,2,14.3,16.7,0,0
S443,Functions,0,0,32.9,3,13.8,14.3,0,0
S443,Loops,0,1,32.5,1,13.3,0.0,0,1
S443,Variables,1,0,49.2,2,16.1,20.0,1,0
S443,OOP,0,1,21.0,1,15.6,12.5,0,0
S443,Variables,0,1,34.6,1,18.2,16.7,1,1
S443,Data Structures,0,0,28.1,3,20.6,25.0,2,0
S443,Loops,0,0,28.5,2,20.0,16.7,0,0
S443,Variables,0,1,28.8,1,19.4,28.6,0,1
S443,Data Structures,1,0,61.9,1,21.6,20.0,1,0
S443,Loops,1,0,62.4,2,21.1,14.3,0,0
S443,Functions,2,0,83.5,3,20.5,12.5,0,0
S444,Functions,1,1,18.0,1,60.0,60.0,0,2
S444,Variables,1,1,16.7,1,100.0,100.0,1,2
S444,Variables,2,0,44.0,2,100.0,100.0,2,1
S444,Data Structures,1,1,11.5,2,66.7,66.7,0,2
S444,OOP,2,1,43.3,1,75.0,75.0,1,2
S444,Functions,2,1,24.5,1,80.0,100.0,2,2
S444,Functions,2,0,62.9,2,83.3,100.0,3,1
S444,Functions,1,1,17.8,2,71.4,66.7,0,2
S444,Variables,2,1,25.9,2,75.0,50.0,1,2
S444,Variables,1,1,33.2,1,77.8,66.7,2,1
S444,Variables,1,1,17.3,1,80.0,75.0,3,2
S444,Functions,2,1,33.9,1,81.8,75.0,4,2
S444,Variables,1,1,17.5,1,83.3,80.0,5,2
S444,OOP,2,0,37.0,1,84.6,100.0,6,1
S444,Loops,0,1,7.7,1,78.6,78.6,0,2
S444,Functions,1,1,25.1,1,80.0,80.0,1,2
S444,Functions,2,1,17.1,1,81.2,83.3,2,2
S444,Loops,2,0,84.8,3,82.4,100.0,3,1
S444,Loops,1,1,16.4,3,77.8,50.0,0,2
S444,OOP,2,1,44.4,1,78.9,50.0,1,1
S444,Loops,1,1,13.6,1,80.0,66.7,2,2
S444,Variables,2,1,25.5,1,81.0,83.3,3,2
S444,Functions,2,1,27.2,1,81.8,85.7,4,2
S444,Functions,2,1,45.2,1,82.6,87.5,5,2
S444,OOP,2,0,52.7,2,83.3,66.7,6,0
S444,Functions,2,1,25.5,1,80.0,88.9,0,2
S444,Functions,2,1,29.4,1,80.8,90.0,1,2
S444,OOP,2,1,54.9,1,81.5,50.0,2,2
S444,Data Structures,1,1,15.5,1,82.1,100.0,3,2
S444,Data Structures,2,1,34.4,1,82.8,100.0,4,2
S444,Data Structures,1,1,25.5,1,83.3,100.0,5,2
S444,Loops,2,1,35.1,1,83.9,75.0,6,2
S444,Data Structures,0,1,10.2,1,84.4,100.0,7,2
S444,OOP,1,1,32.1,1,84.8,60.0,8,2
S444,Data Structures,2,1,29.2,2,85.3,100.0,9,2
S444,Loops,2,1,18.6,1,85.7,80.0,10,2
S444,OOP,2,1,48.5,1,86.1,66.7,11,2
S444,Loops,1,1,25.7,1,86.5,83.3,12,2
S444,Variables,2,1,29.4,3,86.8,85.7,13,2
S444,Functions,2,1,49.3,1,87.2,90.9,14,2
S445,Loops,1,1,24.4,1,60.0,60.0,0,2
S445,Data Structures,2,1,17.2,1,100.0,100.0,1,1
S445,Loops,1,1,41.7,1,100.0,100.0,2,1
S445,Functions,1,1,6.5,1,100.0,100.0,3,2
S445,Data Structures,1,1,21.3,1,100.0,100.0,4,2
S445,Data Structures,0,1,13.8,1,100.0,100.0,5,2
S445,Variables,1,1,21.1,1,100.0,100.0,6,2
S445,OOP,0,1,17.6,1,100.0,100.0,7,1
S445,Variables,1,1,13.0,1,100.0,100.0,8,2
S445,Functions,2,0,29.1,2,100.0,100.0,9,1
S445,Loops,1,1,36.1,2,90.0,100.0,0,2
S445,Data Structures,2,1,25.8,1,90.9,100.0,1,2
S445,Functions,2,1,21.5,1,91.7,50.0,2,2
S445,Variables,2,1,40.4,1,92.3,100.0,3,1
S445,OOP,1,1,23.5,2,92.9,100.0,4,2
S445,Data Structures,0,1,12.2,1,93.3,100.0,5,2
S445,Variables,2,1,20.8,1,93.8,100.0,6,2
S445,OOP,2,0,38.1,3,94.1,100.0,7,1
S445,Functions,2,1,31.0,1,88.9,66.7,0,2
S445,Loops,2,0,31.2,3,89.5,100.0,1,1
S445,Loops,1,1,35.6,1,85.0,75.0,0,2
S445,Functions,2,1,26.2,1,85.7,75.0,1,1
S445,OOP,1,1,32.2,1,86.4,66.7,2,2
S445,Variables,2,1,18.2,1,87.0,100.0,3,2
S445,Functions,2,1,40.0,1,87.5,80.0,4,2
S445,Functions,2,0,44.0,2,88.0,83.3,5,1
S445,Data Structures,1,1,23.4,1,84.6,100.0,0,2
S445,Loops,2,1,32.3,1,85.2,80.0,1,2
S445,Data Structures,2,1,15.7,1,85.7,100.0,2,2
S445,Variables,2,1,35.0,1,86.2,100.0,3,2
S445,Functions,2,1,14.4,1,86.7,71.4,4,2
S445,Variables,2,1,20.1,1,87.1,100.0,5,2
S445,Data Structures,2,1,29.4,1,87.5,100.0,6,2
S445,Variables,2,1,26.1,1,87.9,100.0,7,2
S445,Functions,2,1,28.2,1,88.2,75.0,8,2
S445,Functions,2,0,41.2,2,88.6,77.8,9,1
S445,OOP,1,1,30.0,1,86.1,75.0,0,2
S445,Variables,2,1,44.6,1,86.5,100.0,1,2
S445,Loops,1,1,27.4,1,86.8,83.3,2,2
S445,OOP,2,1,33.5,1,87.2,80.0,3,2
S446,Functions,1,0,46.3,3,60.0,60.0,0,0
S446,Data Structures,2,0,63.7,2,0.0,0.0,0,0
S446,Loops,2,0,65.4,3,0.0,0.0,0,0
S446,Variables,0,1,16.7,1,0.0,0.0,0,1
S446,OOP,1,1,29.1,1,25.0,25.0,1,1
S446,Data Structures,0,1,16.4,1,40.0,0.0,2,1
S446,Loops,1,1,30.3,1,50.0,0.0,3,1
S446,Functions,1,0,27.8,2,57.1,0.0,4,1
S446,Loops,1,1,22.3,1,50.0,50.0,0,2
S446,Functions,2,0,123.5,2,55.6,0.0,1,0
S446,Variables,0,1,21.8,1,50.0,100.0,0,2
S446,Data Structures,1,0,32.3,2,54.5,50.0,1,0
S446,Data Structures,0,1,17.7,1,50.0,33.3,0,1
S446,Functions,1,0,56.1,2,53.8,0.0,1,0
S446,Functions,0,0,46.6,2,50.0,0.0,0,0
S446,Functions,0,1,33.6,1,46.7,0.0,0,1
S446,Functions,2,0,77.2,2,50.0,16.7,1,0
S446,Functions,0,0,57.1,3,47.1,14.3,0,0
S446,Variables,0,1,13.4,1,44.4,100.0,0,2
S446,OOP,2,0,43.8,2,47.4,100.0,1,1
S446,Data Structures,1,1,46.7,1,45.0,50.0,0,1
S446,Data Structures,1,0,48.1,3,47.6,60.0,1,0
S446,OOP,0,1,24.6,1,45.5,50.0,0,1
S446,Data Structures,1,1,31.2,1,47.8,50.0,1,2
S446,Functions,2,0,84.1,3,50.0,12.5,2,0
S446,Loops,0,1,13.4,1,48.0,66.7,0,2
S446,Loops,2,1,45.8,1,50.0,75.0,1,2
S446,Variables,2,0,47.0,3,51.9,100.0,2,1
S446,Data Structures,1,0,44.7,3,50.0,57.1,0,0
S446,Loops,0,1,14.3,1,48.3,80.0,0,2
S446,OOP,0,0,29.3,2,50.0,66.7,1,0
S446,Loops,0,1,10.8,1,48.4,83.3,0,2
S446,Loops,2,0,50.3,2,50.0,85.7,1,0
S446,Data Structures,2,0,64.9,3,48.5,50.0,0,0
S446,Functions,1,0,74.3,1,47.1,11.1,0,0
S446,Loops,0,1,20.2,1,45.7,75.0,0,2
S446,Data Structures,2,0,58.8,3,47.2,44.4,1,0
S446,Variables,0,1,30.2,1,45.9,75.0,0,2
S446,OOP,2,0,77.7,3,47.4,50.0,1,0
S446,Loops,0,1,20.6,1,46.2,77.8,0,2
S447,OOP,1,0,46.0,3,60.0,60.0,0,0
S447,OOP,1,1,16.2,1,0.0,0.0,0,1
S447,Data Structures,1,1,19.4,1,50.0,50.0,1,2
S447,OOP,1,1,34.8,3,66.7,50.0,2,1
S447,OOP,1,1,40.5,1,75.0,66.7,3,2
S447,Functions,0,1,7.1,1,80.0,80.0,4,2
S447,Functions,2,0,43.0,3,83.3,100.0,5,1
S447,OOP,1,1,23.0,3,71.4,75.0,0,2
S447,OOP,1,1,39.4,1,75.0,80.0,1,2
S447,Data Structures,2,1,27.5,1,77.8,100.0,2,2
S447,Loops,2,1,27.9,1,80.0,80.0,3,2
S447,Variables,2,0,40.2,3,81.8,81.8,4,1
S447,Variables,1,1,31.7,1,75.0,0.0,0,2
S447,Loops,2,1,23.1,3,76.9,100.0,1,2
S447,Loops,2,1,22.8,1,78.6,100.0,2,2
S447,OOP,2,0,64.4,2,80.0,83.3,3,1
S447,Data Structures,1,1,19.1,1,75.0,100.0,0,2
S447,Variables,2,0,100.7,2,76.5,50.0,1,0
S447,Functions,0,1,19.0,1,72.2,50.0,0,2
S447,Functions,2,1,47.3,1,73.7,66.7,1,2
S447,Variables,2,0,110.2,3,75.0,33.3,2,1
S447,Loops,1,1,16.1,1,71.4,100.0,0,2
S447,Variables,2,1,27.6,1,72.7,25.0,1,2
S447,Functions,2,0,60.8,2,73.9,75.0,2,0
S447,Data Structures,0,1,9.5,2,70.8,100.0,0,2
S447,Loops,2,1,35.9,1,72.0,100.0,1,2
S447,Data Structures,2,1,35.3,1,73.1,100.0,2,2
S447,Data Structures,2,1,25.9,1,74.1,100.0,3,2
S447,Data Structures,2,1,39.7,2,75.0,100.0,4,2
S447,Data Structures,2,1,39.5,1,75.9,100.0,5,2
S447,Variables,2,1,42.0,1,76.7,40.0,6,2
S447,Data Structures,2,0,58.6,2,77.4,100.0,7,0
S447,Loops,0,1,10.7,1,75.0,100.0,0,2
S447,Data Structures,2,1,35.4,1,75.8,88.9,1,2
S447,Data Structures,2,1,39.0,1,76.5,90.0,2,2
S447,Loops,2,1,29.9,1,77.1,100.0,3,2
S447,OOP,2,0,62.4,2,77.8,71.4,4,0
S447,Functions,0,1,14.2,2,75.7,60.0,0,1
S447,Functions,1,1,43.9,1,76.3,66.7,1,2
S447,Data Structures,2,1,23.8,1,76.9,90.9,2,2
S448,OOP,1,0,50.7,3,60.0,60.0,0,0
S448,Functions,0,1,20.9,1,0.0,0.0,0,1
S448,Variables,1,0,47.5,3,50.0,50.0,1,0
S448,Loops,0,0,35.5,3,33.3,33.3,0,0
S448,OOP,2,1,50.7,1,25.0,0.0,0,1
S448,Functions,1,0,38.2,3,40.0,100.0,1,0
S448,Functions,0,0,38.9,2,33.3,50.0,0,0
S448,OOP,0,1,20.1,1,28.6,50.0,0,1
S448,Loops,1,0,52.3,3,37.5,0.0,1,0
S448,Data Structures,0,1,42.6,2,33.3,33.3,0,1
S448,Functions,1,0,51.4,3,40.0,33.3,1,0
S448,OOP,0,1,9.3,1,36.4,66.7,0,2
S448,Data Structures,2,0,175.3,3,41.7,100.0,1,0
S448,Loops,0,0,34.5,3,38.5,0.0,0,0
S448,Variables,0,0,21.2,2,35.7,0.0,0,0
S448,Data Structures,0,0,30.3,3,33.3,50.0,0,0
S448,Loops,0,1,11.6,2,31.2,0.0,0,1
S448,Functions,0,0,25.3,3,35.3,25.0,1,0
S448,Variables,0,1,26.5,1,33.3,0.0,0,2
S448,OOP,1,0,52.2,3,36.8,75.0,1,0
S448,OOP,2,0,47.6,3,35.0,60.0,0,0
S448,Data Structures,0,1,28.7,1,33.3,33.3,0,1
S448,Functions,1,0,65.9,2,36.4,20.0,1,0
S448,Data Structures,0,0,38.1,2,34.8,50.0,0,0
S448,Data Structures,0,1,17.1,1,33.3,40.0,0,1
S448,Variables,1,0,32.8,2,36.0,33.3,1,0
S448,OOP,0,1,31.1,1,34.6,50.0,0,1
S448,Loops,1,1,79.6,1,37.0,25.0,1,1
S448,Data Structures,1,0,69.3,1,39.3,50.0,2,0
S448,Loops,0,1,14.3,1,37.9,40.0,0,1
S448,Functions,1,0,71.8,3,40.0,16.7,1,0
S448,OOP,0,1,20.9,1,38.7,57.1,0,1
S448,Variables,1,0,51.9,2,40.6,25.0,1,0
S448,Data Structures,0,0,50.7,3,39.4,42.9,0,0
S448,Data Structures,0,0,28.8,2,38.2,37.5,0,0
S448,Variables,0,1,25.5,1,37.1,20.0,0,1
S448,Functions,2,0,119.0,2,38.9,14.3,1,0
S448,Variables,2,0,137.2,2,37.8,33.3,0,0
S448,Variables,0,1,33.9,1,36.8,28.6,0,1
S448,Variables,1,0,80.2,2,38.5,37.5,1,0
S449,OOP,1,1,59.6,1,60.0,60.0,0,2
S449,Loops,2,1,65.6,1,100.0,100.0,1,2
S449,OOP,2,0,62.7,3,100.0,100.0,2,0
S449,Functions,0,1,15.2,1,66.7,66.7,0,2
S449,Data Structures,2,0,44.7,3,75.0,75.0,1,1
S449,OOP,1,0,40.4,3,60.0,50.0,0,0
S449,Data Structures,0,1,12.6,1,50.0,0.0,0,1
S449,Loops,1,0,47.5,3,57.1,100.0,1,0
S449,Loops,0,1,23.4,1,50.0,50.0,0,1
S449,Loops,2,0,54.5,2,55.6,66.7,1,0
S449,Functions,0,1,11.2,1,50.0,100.0,0,2
S449,OOP,1,1,29.0,1,54.5,33.3,1,1
S449,Loops,0,0,24.8,3,58.3,50.0,2,0
S449,Data Structures,2,0,44.4,2,53.8,50.0,0,0
S449,Data Structures,0,1,17.7,1,50.0,33.3,0,1
S449,OOP,1,1,36.1,1,53.3,50.0,1,2
S449,OOP,2,0,60.9,3,56.2,60.0,2,0
S449,Variables,0,1,21.6,1,52.9,52.9,0,1
S449,Loops,1,0,57.8,3,55.6,40.0,1,0
S449,Data Structures,1,1,21.2,1,52.6,50.0,0,2
S449,Functions,2,0,73.3,1,55.0,100.0,1,1
S449,OOP,1,1,31.2,1,52.4,50.0,0,2
S449,Data Structures,2,1,23.1,1,54.5,60.0,1,2
S449,Data Structures,2,0,43.6,3,56.5,66.7,2,0
S449,Loops,2,0,100.3,3,54.2,33.3,0,0
S449,Variables,0,1,18.0,1,52.0,100.0,0,2
S449,Data Structures,2,0,70.1,3,53.8,57.1,1,0
S449,Functions,1,1,23.7,1,51.9,66.7,0,2
S449,Functions,2,1,40.6,1,53.6,75.0,1,1
S449,Functions,1,0,50.2,2,55.2,80.0,2,0
S449,Variables,0,1,30.6,1,53.3,100.0,0,2
S449,Variables,2,0,97.3,3,54.8,100.0,1,0
S449,Variables,0,1,23.1,1,53.1,75.0,0,2
S449,OOP,1,1,21.8,1,54.5,57.1,1,2
S449,Variables,2,0,71.3,3,55.9,80.0,2,0
S449,Data Structures,0,1,13.7,1,54.3,50.0,0,2
S449,OOP,2,0,44.8,2,55.6,62.5,1,0
S449,Data Structures,0,1,16.3,1,54.1,55.6,0,2
S449,Loops,2,0,75.0,3,55.3,28.6,1,0
S449,Functions,0,1,15.5,1,53.8,66.7,0,2
S450,Data Structures,1,0,50.0,3,60.0,60.0,0,0
S450,Variables,0,1,18.6,1,0.0,0.0,0,1
S450,Loops,1,0,50.3,2,50.0,50.0,1,0
S450,OOP,1,0,45.8,3,33.3,33.3,0,0
S450,Functions,0,1,32.8,1,25.0,25.0,0,1
S450,Data Structures,1,0,39.4,3,40.0,0.0,1,0
S450,Data Structures,0,1,16.4,1,33.3,0.0,0,1
S450,Data Structures,2,0,62.7,3,42.9,33.3,1,0
S450,Loops,0,1,32.4,1,37.5,0.0,0,1
S450,OOP,1,0,31.9,2,44.4,0.0,1,0
S450,Loops,0,0,28.5,1,40.0,50.0,0,0
S450,Loops,0,1,34.0,1,36.4,33.3,0,1
S450,Variables,1,0,39.6,2,41.7,100.0,1,1
S450,Loops,1,0,64.8,3,38.5,50.0,0,0
S450,Data Structures,0,1,15.6,1,35.7,25.0,0,1
S450,Data Structures,1,0,46.2,2,40.0,40.0,1,0
S450,Variables,0,1,17.5,2,37.5,50.0,0,1
S450,Data Structures,1,0,43.3,2,41.2,33.3,1,0
S450,Functions,0,1,28.5,1,38.9,100.0,0,2
S450,Functions,2,0,51.0,1,42.1,100.0,1,1
S450,Data Structures,1,1,39.4,1,40.0,28.6,0,1
S450,Functions,1,0,41.4,3,42.9,66.7,1,0
S450,Variables,2,0,103.8,3,40.9,66.7,0,0
S450,Variables,0,1,18.6,1,39.1,50.0,0,1
S450,OOP,1,1,16.9,1,41.7,0.0,1,0
S450,Data Structures,0,1,21.4,1,44.0,37.5,2,1
S450,OOP,1,0,38.4,3,46.2,33.3,3,0
S450,Data Structures,0,1,21.1,1,44.4,44.4,0,1
S450,Loops,1,0,92.8,2,46.4,40.0,1,0
S450,Loops,0,1,26.4,1,44.8,33.3,0,1
S450,OOP,1,1,59.7,1,46.7,25.0,1,1
S450,Data Structures,1,0,53.3,2,48.4,50.0,2,0
S450,Functions,0,1,27.9,1,46.9,50.0,0,1
S450,OOP,1,0,43.7,2,48.5,40.0,1,0
S450,Variables,0,1,16.9,1,47.1,60.0,0,2
S450,OOP,2,0,59.7,2,48.6,33.3,1,0
S450,Data Structures,0,1,19.9,1,47.2,45.5,0,1
S450,Functions,2,0,129.9,3,48.6,60.0,1,0
S450,Functions,0,1,18.4,1,47.4,50.0,0,1
S450,Variables,1,0,53.9,3,48.7,66.7,1,0
S451,OOP,1,1,29.5,1,60.0,60.0,0,2
S451,OOP,2,0,83.3,3,100.0,100.0,1,1
S451,OOP,1,0,48.0,2,50.0,50.0,0,0
S451,Data Structures,0,1,20.8,3,33.3,33.3,0,1
S451,OOP,1,0,33.5,2,50.0,33.3,1,0
S451,Functions,0,1,18.9,1,40.0,40.0,0,1
S451,OOP,1,0,25.3,3,50.0,25.0,1,0
S451,Variables,0,1,13.9,1,42.9,42.9,0,1
S451,Variables,1,1,42.9,1,50.0,100.0,1,2
S451,Loops,2,1,24.7,1,55.6,55.6,2,2
S451,Variables,2,1,45.7,1,60.0,100.0,3,2
S451,Data Structures,2,0,85.4,2,63.6,100.0,4,1
S451,Data Structures,1,1,39.4,1,58.3,50.0,0,2
S451,Data Structures,2,0,89.9,3,61.5,66.7,1,0
S451,Functions,0,0,42.3,2,57.1,100.0,0,0
S451,Data Structures,0,1,14.3,1,53.3,50.0,0,2
S451,Data Structures,2,0,65.1,2,56.2,60.0,1,0
S451,Loops,0,1,18.0,1,52.9,100.0,0,2
S451,Variables,2,0,79.4,2,55.6,100.0,1,1
S451,Functions,1,0,53.9,2,52.6,50.0,0,0
S451,OOP,0,1,19.1,1,50.0,20.0,0,1
S451,Loops,1,1,17.9,1,52.4,100.0,1,1
S451,Data Structures,1,1,40.6,1,54.5,50.0,2,2
S451,Data Structures,2,0,51.9,3,56.5,57.1,3,0
S451,OOP,0,1,17.2,1,54.2,33.3,0,1
S451,Data Structures,1,0,31.8,2,56.0,50.0,1,0
S451,Variables,0,1,11.1,1,53.8,75.0,0,2
S451,Loops,2,1,51.1,1,55.6,100.0,1,2
S451,Data Structures,2,1,40.1,1,57.1,44.4,2,2
S451,Loops,2,0,53.0,3,58.6,100.0,3,1
S451,Variables,1,0,43.7,3,56.7,80.0,0,0
S451,OOP,0,1,17.8,1,54.8,42.9,0,1
S451,Data Structures,1,0,51.3,3,56.2,50.0,1,0
S451,Data Structures,0,0,17.6,2,54.5,45.5,0,0
S451,Functions,0,1,13.4,1,52.9,33.3,0,1
S451,Loops,1,1,41.8,1,54.3,80.0,1,2
S451,Functions,2,0,71.0,3,55.6,50.0,2,0
S451,Variables,0,1,12.7,1,54.1,66.7,0,2
S451,Functions,2,0,72.9,2,55.3,40.0,1,0
S451,Loops,2,0,53.0,2,53.8,83.3,0,0
S452,Loops,1,1,21.8,1,60.0,60.0,0,2
S452,Variables,2,0,37.9,2,100.0,100.0,1,1
S452,OOP,1,1,23.0,1,50.0,50.0,0,2
S452,Loops,2,0,50.1,3,66.7,100.0,1,1
S452,Variables,1,1,18.9,1,50.0,0.0,0,1
S452,Variables,1,1,17.6,1,60.0,50.0,1,2
S452,Functions,2,1,23.5,1,66.7,66.7,2,2
S452,Functions,2,0,38.6,2,71.4,100.0,3,1
S452,Functions,1,1,17.2,1,62.5,50.0,0,2
S452,Variables,2,1,42.4,2,66.7,66.7,1,2
S452,Loops,2,1,33.0,1,70.0,50.0,2,2
S452,Functions,1,1,13.4,1,72.7,66.7,3,2
S452,OOP,0,1,11.7,1,75.0,100.0,4,2
S452,Functions,2,1,25.3,1,76.9,75.0,5,2
S452,Data Structures,2,1,27.7,1,78.6,78.6,6,2
S452,OOP,1,1,30.3,1,80.0,100.0,7,2
S452,OOP,2,1,25.5,1,81.2,100.0,8,2
S452,Data Structures,2,1,21.3,1,82.4,100.0,9,2
S452,OOP,2,0,47.8,2,83.3,100.0,10,1
S452,Loops,1,1,29.7,1,78.9,66.7,0,2
S452,Variables,2,0,42.6,2,80.0,75.0,1,1
S452,Data Structures,1,1,24.3,1,76.2,100.0,0,2
S452,Loops,2,0,53.2,2,77.3,75.0,1,0
S452,Loops,0,1,11.0,1,73.9,60.0,0,2
S452,Variables,1,1,19.5,1,75.0,60.0,1,2
S452,OOP,2,0,56.4,3,76.0,80.0,2,0
S452,Functions,0,1,9.1,1,73.1,80.0,0,2
S452,Data Structures,2,1,18.5,1,74.1,100.0,1,2
S452,OOP,0,1,18.6,1,75.0,66.7,2,2
S452,OOP,2,1,38.2,1,75.9,71.4,3,2
S452,Variables,2,0,52.2,3,76.7,66.7,4,0
S452,OOP,0,1,7.1,1,74.2,75.0,0,2
S452,Data Structures,2,1,19.8,1,75.0,100.0,1,2
S452,OOP,2,1,24.7,1,75.8,77.8,2,2
S452,Functions,2,1,31.8,1,76.5,83.3,3,2
S452,Data Structures,1,1,17.1,1,77.1,100.0,4,2
S452,Loops,2,1,36.8,1,77.8,66.7,5,2
S452,Variables,2,1,44.8,1,78.4,57.1,6,2
S452,Variables,2,1,34.1,1,78.9,62.5,7,2
S452,OOP,1,1,18.5,1,79.5,80.0,8,2
S453,Variables,1,1,26.1,1,60.0,60.0,0,2
S453,Loops,2,0,71.3,3,100.0,100.0,1,1
S453,Variables,1,1,26.5,1,50.0,100.0,0,2
S453,Data Structures,0,1,20.2,1,66.7,66.7,1,2
S453,Loops,2,0,88.4,1,75.0,0.0,2,0
S453,Functions,1,1,58.1,1,60.0,60.0,0,2
S453,Variables,2,0,57.1,3,66.7,100.0,1,1
S453,Functions,1,1,28.4,1,57.1,100.0,0,2
S453,OOP,2,0,44.6,2,62.5,62.5,1,0
S453,Variables,0,1,25.2,1,55.6,66.7,0,2
S453,Variables,2,0,61.3,2,60.0,75.0,1,0
S453,Loops,1,0,53.1,2,54.5,0.0,0,0
S453,Loops,0,0,25.5,2,50.0,0.0,0,0
S453,OOP,0,1,11.3,1,46.2,0.0,0,1
S453,OOP,1,1,18.6,1,50.0,50.0,1,2
S453,OOP,2,0,43.3,2,53.3,66.7,2,0
S453,OOP,0,1,27.5,1,50.0,50.0,0,1
S453,OOP,0,1,13.6,2,52.9,60.0,1,1
S453,Data Structures,2,0,78.3,2,55.6,100.0,2,1
S453,Data Structures,1,0,42.7,2,52.6,50.0,0,0
S453,Variables,0,1,18.2,1,50.0,60.0,0,2
S453,Variables,2,0,65.4,2,52.4,66.7,1,0
S453,OOP,0,1,14.9,1,50.0,66.7,0,2
S453,OOP,2,0,43.8,2,52.2,71.4,1,0
S453,Functions,0,1,27.6,3,50.0,100.0,0,2
S453,Data Structures,2,0,132.9,1,52.0,33.3,1,0
S453,Functions,0,0,44.9,2,50.0,100.0,0,0
S453,Data Structures,0,1,13.7,1,48.1,25.0,0,1
S453,Loops,1,1,40.1,1,50.0,0.0,1,1
S453,Functions,1,0,70.8,2,51.7,75.0,2,0
S453,Functions,0,0,32.5,3,50.0,60.0,0,0
S453,Loops,0,1,30.6,1,48.4,20.0,0,0
S453,Data Structures,0,1,17.5,1,50.0,40.0,1,1
S453,Data Structures,1,0,51.2,2,51.5,50.0,2,0
S453,Variables,0,1,21.2,1,50.0,57.1,0,1
S453,Variables,1,1,24.9,1,51.4,62.5,1,2
S453,OOP,2,1,29.5,1,52.8,62.5,2,2
S453,OOP,2,0,56.0,2,54.1,66.7,3,0
S453,Loops,0,1,25.0,1,52.6,33.3,0,1
S453,OOP,2,0,63.6,1,53.8,60.0,1,0
S454,Variables,1,1,38.6,1,60.0,60.0,0,2
S454,Loops,2,1,44.6,1,100.0,100.0,1,1
S454,Data Structures,1,0,61.1,2,100.0,100.0,2,1
S454,OOP,1,0,83.6,2,66.7,66.7,0,0
S454,Data Structures,0,1,20.9,1,50.0,0.0,0,1
S454,Variables,1,1,23.1,1,60.0,100.0,1,2
S454,Functions,2,0,61.8,2,66.7,66.7,2,0
S454,OOP,0,1,25.4,1,57.1,0.0,0,1
S454,OOP,2,0,65.1,2,62.5,50.0,1,0
S454,Variables,0,1,22.6,1,55.6,100.0,0,2
S454,Data Structures,2,0,108.9,2,60.0,50.0,1,0
S454,OOP,0,1,17.3,1,54.5,33.3,0,1
S454,OOP,1,1,53.7,1,58.3,50.0,1,1
S454,Loops,1,0,46.9,3,61.5,100.0,2,0
S454,Functions,2,0,45.3,3,57.1,0.0,0,0
S454,Functions,0,1,20.3,1,53.3,0.0,0,1
S454,OOP,1,1,29.8,2,56.2,60.0,1,1
S454,Data Structures,1,1,34.8,1,58.8,33.3,2,1
S454,Variables,1,1,47.1,1,61.1,100.0,3,2
S454,OOP,2,1,70.0,1,63.2,66.7,4,2
S454,Loops,2,0,52.0,3,65.0,50.0,5,0
S454,Loops,0,1,24.3,3,61.9,33.3,0,1
S454,Loops,1,1,24.6,1,63.6,50.0,1,2
S454,OOP,2,0,66.5,2,65.2,71.4,2,0
S454,Functions,0,1,9.9,1,62.5,33.3,0,1
S454,Loops,1,1,34.2,1,64.0,60.0,1,2
S454,Functions,2,0,43.3,3,65.4,50.0,2,0
S454,OOP,0,0,39.8,3,63.0,62.5,0,0
S454,Loops,0,1,14.4,1,60.7,66.7,0,2
S454,Variables,2,0,63.9,3,62.1,100.0,1,1
S454,Variables,1,1,39.1,1,60.0,80.0,0,2
S454,OOP,2,0,136.6,2,61.3,55.6,1,0
S454,Functions,2,0,60.7,2,59.4,40.0,0,0
S454,OOP,0,1,23.9,1,57.6,50.0,0,1
S454,Data Structures,1,0,46.9,2,58.8,50.0,1,0
S454,Functions,0,1,17.4,1,57.1,33.3,0,1
S454,Loops,2,0,94.2,2,58.3,71.4,1,0
S454,OOP,0,1,53.9,1,56.8,54.5,0,1
S454,Variables,1,0,34.1,3,57.9,83.3,1,0
S454,Functions,0,1,11.3,1,56.4,42.9,0,2
S455,Functions,1,1,28.1,1,60.0,60.0,0,2
S455,Functions,2,0,74.7,3,100.0,100.0,1,1
S455,Variables,1,1,29.1,1,50.0,50.0,0,2
S455,Variables,2,0,80.9,3,66.7,100.0,1,0
S455,Functions,0,1,14.7,1,50.0,50.0,0,1
S455,Variables,1,1,33.5,1,60.0,50.0,1,2
S455,Functions,2,0,76.1,3,66.7,66.7,2,0
S455,Variables,0,1,14.4,1,57.1,66.7,0,2
S455,Variables,2,1,59.9,2,62.5,75.0,1,2
S455,Loops,2,0,37.6,2,66.7,66.7,2,0
S455,OOP,0,1,17.6,1,60.0,60.0,0,2
S455,Functions,2,1,72.0,1,63.6,50.0,1,2
S455,Variables,2,0,68.4,3,66.7,80.0,2,0
S455,Functions,2,0,113.2,3,61.5,60.0,0,0
S455,Functions,0,0,22.3,3,57.1,50.0,0,0
S455,Loops,0,1,16.4,1,53.3,0.0,0,1
S455,Functions,1,1,24.7,1,56.2,42.9,1,2
S455,OOP,2,1,18.6,1,58.8,100.0,2,2
S455,OOP,2,0,74.0,3,61.1,100.0,3,0
S455,Data Structures,0,1,10.4,1,57.9,57.9,0,2
S455,Functions,2,0,80.0,2,60.0,50.0,1,0
S455,Data Structures,0,1,9.1,1,57.1,100.0,0,2
S455,OOP,2,1,31.1,3,59.1,66.7,1,2
S455,Variables,2,0,95.8,2,60.9,66.7,2,0
S455,Variables,1,0,51.4,3,58.3,57.1,0,0
S455,Loops,0,1,8.6,2,56.0,50.0,0,1
S455,Data Structures,1,1,29.1,1,57.7,100.0,1,2
S455,Loops,2,1,67.0,1,59.3,66.7,2,2
S455,Variables,2,0,80.4,1,60.7,50.0,3,0
S455,Loops,0,1,10.7,2,58.6,75.0,0,2
S455,Functions,2,0,72.6,3,60.0,44.4,1,0
S455,Data Structures,0,1,14.7,1,58.1,100.0,0,2
S455,Functions,2,0,61.0,3,59.4,40.0,1,0
S455,Loops,1,1,22.2,1,57.6,80.0,0,2
S455,Data Structures,2,0,41.7,3,58.8,100.0,1,1
S455,Variables,1,1,25.7,1,57.1,44.4,0,2
S455,Variables,2,0,66.1,3,58.3,50.0,1,0
S455,OOP,1,1,16.8,1,56.8,75.0,0,2
S455,Data Structures,2,1,34.6,1,57.9,80.0,1,2
S455,Variables,2,0,70.5,2,59.0,45.5,2,0
S456,Data Structures,1,1,23.6,1,60.0,60.0,0,2
S456,Functions,1,1,25.9,1,100.0,100.0,1,2
S456,OOP,2,1,26.5,1,100.0,100.0,2,2
S456,Functions,2,1,22.6,1,100.0,100.0,3,2
S456,Functions,2,1,31.4,1,100.0,100.0,4,2
S456,Variables,2,1,26.9,1,100.0,100.0,5,2
S456,Data Structures,2,1,18.7,1,100.0,100.0,6,2
S456,Data Structures,2,1,39.9,1,100.0,100.0,7,2
S456,Variables,0,1,7.1,1,100.0,100.0,8,2
S456,Variables,2,1,23.6,1,100.0,100.0,9,2
S456,Loops,2,1,34.1,1,100.0,100.0,10,2
S456,Functions,2,1,36.9,1,100.0,100.0,11,2
S456,OOP,2,1,29.1,1,100.0,100.0,12,2
S456,Variables,1,1,12.3,1,100.0,100.0,13,2
S456,Data Structures,0,1,10.3,1,100.0,100.0,14,2
S456,OOP,2,1,38.7,1,100.0,100.0,15,2
S456,OOP,1,1,19.5,1,100.0,100.0,16,2
S456,Data Structures,2,1,25.3,1,100.0,100.0,17,2
S456,Loops,2,1,20.2,1,100.0,100.0,18,2
S456,Loops,2,1,37.1,1,100.0,100.0,19,2
S456,Functions,2,1,43.2,1,100.0,100.0,20,2
S456,Variables,1,1,22.2,1,100.0,100.0,21,2
S456,Functions,2,1,29.7,1,100.0,100.0,22,2
S456,Loops,2,1,45.5,1,100.0,100.0,23,2
S456,OOP,2,1,34.7,1,100.0,100.0,24,2
S456,Variables,2,1,41.1,1,100.0,100.0,25,2
S456,OOP,2,1,48.8,1,100.0,100.0,26,2
S456,OOP,0,1,7.2,1,100.0,100.0,27,2
S456,Variables,2,1,18.1,1,100.0,100.0,28,2
S456,Data Structures,2,0,56.0,2,100.0,100.0,29,1
S456,Functions,1,1,10.9,1,96.7,100.0,0,2
S456,Functions,2,0,31.2,2,96.8,100.0,1,1
S456,Data Structures,1,1,12.3,1,93.8,83.3,0,2
S456,Loops,2,1,26.3,1,93.9,100.0,1,2
S456,Variables,0,1,11.8,1,94.1,100.0,2,2
S456,Data Structures,2,1,20.6,1,94.3,85.7,3,2
S456,Data Structures,0,1,13.3,1,94.4,87.5,4,2
S456,OOP,2,1,15.2,1,94.6,100.0,5,2
S456,Variables,2,1,50.6,3,94.7,100.0,6,2
S456,OOP,2,1,27.0,2,94.9,100.0,7,2
S457,Data Structures,1,0,27.6,3,60.0,60.0,0,0
S457,Variables,0,0,25.5,2,0.0,0.0,0,0
S457,OOP,0,1,31.3,1,0.0,0.0,0,1
S457,Functions,1,1,43.7,1,33.3,33.3,1,1
S457,Variables,1,0,71.6,1,50.0,0.0,2,0
S457,Loops,0,0,40.9,2,40.0,40.0,0,0
S457,OOP,2,0,76.5,2,33.3,100.0,0,0
S457,Functions,0,1,30.2,1,28.6,100.0,0,2
S457,Functions,2,0,64.6,3,37.5,100.0,1,0
S457,OOP,0,1,42.3,1,33.3,50.0,0,1
S457,OOP,0,1,23.8,1,40.0,66.7,1,2
S457,Variables,2,0,53.4,3,45.5,0.0,2,0
S457,Data Structures,0,0,36.1,2,41.7,0.0,0,0
S457,Variables,1,0,53.9,2,38.5,0.0,0,0
S457,Variables,2,0,94.7,2,35.7,0.0,0,0
S457,Variables,0,0,28.0,1,33.3,0.0,0,0
S457,Data Structures,0,1,15.2,1,31.2,0.0,0,1
S457,Loops,1,0,63.4,1,35.3,0.0,1,0
S457,Data Structures,1,1,39.4,1,33.3,33.3,0,1
S457,OOP,1,0,37.4,3,36.8,75.0,1,0
S457,Functions,0,1,18.0,1,35.0,66.7,0,2
S457,Loops,2,0,58.1,2,38.1,0.0,1,0
S457,Data Structures,0,1,26.1,1,36.4,50.0,0,1
S457,Variables,1,0,67.6,2,39.1,0.0,1,0
S457,Data Structures,0,1,34.5,1,37.5,60.0,0,2
S457,Functions,2,0,110.7,1,40.0,75.0,1,0
S457,Loops,0,0,52.8,3,38.5,0.0,0,0
S457,Functions,0,1,24.3,2,37.0,60.0,0,0
S457,Functions,0,1,35.4,1,39.3,66.7,1,1
S457,Loops,1,0,43.1,2,41.4,0.0,2,0
S457,Data Structures,0,1,22.3,1,40.0,66.7,0,2
S457,Data Structures,2,0,92.0,3,41.9,71.4,1,0
S457,Loops,1,0,42.6,1,40.6,0.0,0,0
S457,Functions,0,1,11.5,1,39.4,71.4,0,2
S457,Functions,2,0,64.7,2,41.2,75.0,1,0
S457,Loops,2,0,70.4,3,40.0,0.0,0,0
S457,Variables,0,0,19.7,2,38.9,0.0,0,0
S457,OOP,0,0,45.2,2,37.8,60.0,0,0
S457,OOP,0,1,30.7,1,36.8,50.0,0,1
S457,Functions,1,0,95.3,1,38.5,66.7,1,0
S458,Functions,1,0,47.1,3,60.0,60.0,0,0
S458,Data Structures,0,1,31.8,1,0.0,0.0,0,1
S458,OOP,1,1,27.4,1,50.0,50.0,1,2
S458,Data Structures,0,0,30.5,2,66.7,100.0,2,1
S458,Data Structures,1,0,72.4,3,50.0,50.0,0,0
S458,OOP,0,1,17.2,1,40.0,100.0,0,2
S458,OOP,0,1,17.2,1,50.0,100.0,1,2
S458,Data Structures,1,0,40.2,3,57.1,33.3,2,0
S458,Data Structures,0,0,37.4,2,50.0,25.0,0,0
S458,Loops,0,0,25.9,2,44.4,44.4,0,0
S458,OOP,2,0,70.8,2,40.0,100.0,0,0
S458,Loops,0,1,31.4,1,36.4,0.0,0,1
S458,Data Structures,1,0,82.1,2,41.7,20.0,1,0
S458,Data Structures,0,0,45.4,3,38.5,16.7,0,0
S458,Data Structures,0,0,40.6,2,35.7,14.3,0,0
S458,OOP,2,0,150.9,2,33.3,75.0,0,0
S458,Data Structures,0,0,41.8,2,31.2,12.5,0,0
S458,OOP,0,1,24.8,1,29.4,60.0,0,1
S458,Functions,2,0,125.7,3,33.3,0.0,1,0
S458,OOP,0,1,22.6,1,31.6,66.7,0,1
S458,Variables,1,1,27.9,1,35.0,35.0,1,1
S458,OOP,1,0,30.7,3,38.1,71.4,2,0
S458,Functions,0,1,19.9,1,36.4,0.0,0,1
S458,Functions,1,0,32.9,3,39.1,33.3,1,0
S458,Data Structures,0,1,21.6,1,37.5,11.1,0,1
S458,Functions,1,0,70.9,3,40.0,25.0,1,0
S458,Data Structures,0,1,20.3,1,38.5,20.0,0,1
S458,Variables,2,0,101.2,2,40.7,100.0,1,0
S458,Functions,0,1,29.2,1,39.3,20.0,0,1
S458,Variables,1,1,47.0,1,41.4,50.0,1,1
S458,Data Structures,1,0,52.5,2,43.3,27.3,2,0
S458,Functions,0,0,24.7,3,41.9,33.3,0,1
S458,OOP,1,0,52.4,2,40.6,62.5,0,0
S458,OOP,0,1,21.8,1,39.4,55.6,0,1
S458,OOP,1,0,41.1,3,41.2,60.0,1,0
S458,Variables,0,1,22.0,1,40.0,66.7,0,2
S458,Functions,2,0,67.1,3,41.7,28.6,1,0
S458,Loops,2,0,59.5,2,40.5,50.0,0,0
S458,Functions,2,0,75.2,2,39.5,25.0,0,0
S458,OOP,0,1,20.8,1,38.5,54.5,0,1
S459,Data Structures,1,0,36.5,1,60.0,60.0,0,0
S459,OOP,0,1,19.3,1,0.0,0.0,0,1
S459,Variables,0,1,13.1,1,50.0,50.0,1,2
S459,Loops,2,0,113.8,3,66.7,66.7,2,0
S459,Loops,0,1,16.4,1,50.0,0.0,0,1
S459,Data Structures,1,0,30.7,2,60.0,0.0,1,0
S459,Data Structures,0,1,14.1,1,50.0,0.0,0,1
S459,OOP,1,1,21.7,1,57.1,100.0,1,2
S459,Data Structures,0,1,19.0,1,62.5,33.3,2,1
S459,Variables,1,0,35.2,2,66.7,100.0,3,1
S459,OOP,1,1,19.8,1,60.0,100.0,0,2
S459,Loops,2,1,46.3,1,63.6,50.0,1,2
S459,Loops,2,0,102.1,2,66.7,66.7,2,0
S459,Loops,0,0,21.1,2,61.5,50.0,0,0
S459,Data Structures,0,0,24.9,3,57.1,50.0,0,0
S459,Loops,0,0,26.2,2,53.3,40.0,0,0
S459,Loops,0,1,10.9,1,50.0,33.3,0,1
S459,Loops,0,1,13.4,2,52.9,42.9,1,1
S459,Loops,0,1,13.9,1,55.6,50.0,2,2
S459,OOP,0,1,18.5,1,57.9,100.0,3,2
S459,Data Structures,2,1,41.3,1,60.0,40.0,4,2
S459,Functions,2,0,94.2,3,61.9,61.9,5,0
S459,Functions,2,0,103.4,2,59.1,0.0,0,0
S459,Data Structures,0,1,18.1,1,56.5,50.0,0,2
S459,OOP,2,0,82.4,1,58.3,100.0,1,1
S459,Loops,1,1,39.1,1,56.0,55.6,0,2
S459,Loops,2,0,43.4,2,57.7,60.0,1,0
S459,Functions,0,1,12.6,1,55.6,0.0,0,1
S459,OOP,1,1,16.0,1,57.1,80.0,1,2
S459,OOP,1,0,47.3,3,58.6,83.3,2,0
S459,Variables,0,1,16.2,1,56.7,50.0,0,2
S459,OOP,2,1,56.3,1,58.1,71.4,1,2
S459,Variables,2,1,42.0,1,59.4,66.7,2,2
S459,Functions,2,0,37.2,2,60.6,33.3,3,0
S459,Data Structures,0,1,11.6,1,58.8,57.1,0,2
S459,Variables,2,0,64.1,3,60.0,75.0,1,0
S459,OOP,0,1,18.3,1,58.3,75.0,0,2
S459,Functions,0,1,14.4,1,59.5,25.0,1,1
S459,Data Structures,1,0,38.1,3,60.5,62.5,2,0
S459,Loops,0,1,11.5,1,59.0,54.5,0,2
S460,Variables,1,1,28.5,1,60.0,60.0,0,2
S460,Variables,2,1,49.0,1,100.0,100.0,1,2
S460,Variables,2,0,47.2,2,100.0,100.0,2,1
S460,Functions,1,0,49.5,2,66.7,66.7,0,0
S460,Functions,0,0,18.8,2,50.0,0.0,0,0
S460,Variables,1,1,27.2,1,40.0,66.7,0,2
S460,OOP,2,1,33.8,1,50.0,50.0,1,2
S460,OOP,0,1,14.6,1,57.1,100.0,2,2
S460,Loops,2,0,76.7,2,62.5,62.5,3,0
S460,OOP,0,1,19.1,1,55.6,100.0,0,2
S460,Data Structures,2,0,69.2,3,60.0,60.0,1,0
S460,Variables,0,1,15.5,1,54.5,75.0,0,2
S460,Data Structures,2,1,51.7,1,58.3,0.0,1,1
S460,Variables,1,1,31.0,2,61.5,80.0,2,2
S460,Loops,2,0,77.5,2,64.3,0.0,3,0
S460,OOP,0,1,28.4,1,60.0,100.0,0,2
S460,Loops,0,1,13.3,1,62.5,0.0,1,1
S460,OOP,1,0,39.1,2,64.7,100.0,2,1
S460,Data Structures,1,0,34.9,3,61.1,50.0,0,0
S460,Variables,0,1,9.5,1,57.9,83.3,0,2
S460,Variables,1,1,31.6,1,60.0,85.7,1,2
S460,Variables,2,0,43.1,2,61.9,87.5,2,1
S460,Variables,2,1,53.1,1,59.1,77.8,0,2
S460,Data Structures,2,0,77.3,2,60.9,33.3,1,0
S460,Variables,0,1,15.9,1,58.3,80.0,0,2
S460,Data Structures,1,0,88.8,2,60.0,25.0,1,0
S460,OOP,0,1,20.8,1,57.7,80.0,0,2
S460,OOP,2,0,42.5,2,59.3,83.3,1,1
S460,OOP,1,1,24.0,2,57.1,71.4,0,2
S460,Data Structures,2,0,72.2,3,58.6,20.0,1,0
S460,Data Structures,0,1,12.4,1,56.7,16.7,0,1
S460,Variables,1,1,19.1,1,58.1,81.8,1,2
S460,Variables,2,1,30.4,1,59.4,83.3,2,2
S460,Functions,2,0,46.7,3,60.6,0.0,3,0
S460,Functions,0,1,14.1,1,58.8,0.0,0,1
S460,OOP,1,1,26.1,1,60.0,75.0,1,2
S460,OOP,2,0,56.9,3,61.1,77.8,2,0
S460,Variables,0,1,12.8,2,59.5,84.6,0,2
S460,OOP,2,0,78.4,2,60.5,70.0,1,0
S460,OOP,0,1,11.3,1,59.0,63.6,0,2
S461,OOP,1,0,35.6,2,60.0,60.0,0,0
S461,Loops,0,0,15.8,2,0.0,0.0,0,0
S461,OOP,0,1,15.3,1,0.0,0.0,0,1
S461,Functions,1,1,21.6,1,33.3,33.3,1,1
S461,Data Structures,1,1,25.9,1,50.0,50.0,2,2
S461,Loops,2,0,47.4,3,60.0,0.0,3,0
S461,Functions,0,1,13.1,1,50.0,100.0,0,2
S461,Loops,2,0,65.5,2,57.1,0.0,1,0
S461,Functions,0,1,18.5,1,50.0,100.0,0,2
S461,Data Structures,2,1,42.3,1,55.6,100.0,1,2
S461,Functions,2,0,26.7,2,60.0,100.0,2,1
S461,Variables,1,1,31.7,1,54.5,54.5,0,2
S461,Data Structures,1,1,22.3,1,58.3,100.0,1,1
S461,Variables,1,1,21.0,1,61.5,100.0,2,2
S461,Loops,2,0,93.4,3,64.3,0.0,3,0
S461,Functions,0,1,10.3,1,60.0,75.0,0,2
S461,OOP,2,1,62.4,1,62.5,50.0,1,2
S461,Variables,2,1,41.4,1,64.7,100.0,2,2
S461,Loops,2,0,69.5,2,66.7,0.0,3,0
S461,Data Structures,0,1,17.7,1,63.2,100.0,0,2
S461,OOP,2,1,59.5,1,65.0,66.7,1,2
S461,Variables,2,1,32.3,2,66.7,100.0,2,2
S461,Loops,2,0,41.3,3,68.2,0.0,3,0
S461,Functions,0,1,14.6,1,65.2,80.0,0,2
S461,Loops,2,1,29.3,1,66.7,0.0,1,1
S461,Variables,1,1,22.7,1,68.0,100.0,2,2
S461,Variables,2,1,42.9,1,69.2,100.0,3,2
S461,Loops,2,0,82.8,2,70.4,14.3,4,0
S461,Functions,0,1,13.1,1,67.9,83.3,0,2
S461,OOP,2,1,38.0,1,69.0,75.0,1,2
S461,Variables,2,1,49.1,1,70.0,100.0,2,2
S461,Loops,1,1,23.5,1,71.0,12.5,3,1
S461,Variables,2,1,36.3,1,71.9,100.0,4,2
S461,Loops,2,1,42.1,1,72.7,22.2,5,2
S461,Variables,2,0,29.6,3,73.5,100.0,6,1
S461,Data Structures,1,1,18.4,1,71.4,100.0,0,2
S461,Variables,2,1,16.8,2,72.2,88.9,1,2
S461,Loops,2,0,38.8,2,73.0,30.0,2,0
S461,OOP,0,1,12.1,1,71.1,80.0,0,2
S461,Functions,2,0,47.4,2,71.8,85.7,1,1
S462,Data Structures,1,1,14.5,1,60.0,60.0,0,2
S462,Variables,0,1,17.7,1,100.0,100.0,1,2
S462,Loops,2,1,43.4,1,100.0,100.0,2,2
S462,Loops,2,0,76.9,2,100.0,100.0,3,1
S462,Data Structures,1,1,26.2,1,75.0,100.0,0,1
S462,Loops,1,1,33.0,1,80.0,50.0,1,2
S462,Data Structures,2,1,23.0,1,83.3,100.0,2,2
S462,Variables,2,0,42.8,3,85.7,100.0,3,1
S462,Variables,1,1,20.2,1,75.0,50.0,0,2
S462,OOP,2,0,78.0,2,77.8,77.8,1,0
S462,Loops,2,0,57.9,2,70.0,66.7,0,0
S462,Loops,0,1,15.8,1,63.6,50.0,0,2
S462,Data Structures,2,1,27.4,1,66.7,100.0,1,2
S462,Variables,2,0,41.5,2,69.2,66.7,2,0
S462,Functions,0,1,11.2,1,64.3,64.3,0,2
S462,Variables,2,0,113.5,2,66.7,50.0,1,0
S462,Variables,0,1,9.7,1,62.5,40.0,0,2
S462,Loops,0,1,9.7,1,64.7,60.0,1,2
S462,Data Structures,2,0,29.1,3,66.7,100.0,2,1
S462,OOP,1,0,42.8,2,63.2,0.0,0,0
S462,Functions,0,1,15.2,1,60.0,100.0,0,2
S462,Variables,2,0,72.3,2,61.9,50.0,1,0
S462,Data Structures,0,1,15.8,1,59.1,80.0,0,2
S462,Functions,2,1,54.6,1,60.9,100.0,1,2
S462,Functions,2,1,25.7,1,62.5,100.0,2,2
S462,Loops,2,1,48.2,1,64.0,66.7,3,2
S462,OOP,2,1,40.2,1,65.4,0.0,4,1
S462,Functions,1,1,19.8,1,66.7,100.0,5,2
S462,Variables,2,0,33.1,3,67.9,42.9,6,0
S462,Functions,0,1,13.6,1,65.5,100.0,0,2
S462,Data Structures,2,0,34.6,3,66.7,83.3,1,1
S462,Variables,1,1,34.6,1,64.5,37.5,0,2
S462,OOP,2,1,72.6,1,65.6,33.3,1,2
S462,Functions,2,0,46.9,2,66.7,100.0,2,1
S462,Variables,1,1,20.7,1,64.7,44.4,0,2
S462,Loops,2,0,60.5,2,65.7,71.4,1,0
S462,Loops,0,1,11.9,1,63.9,62.5,0,2
S462,Functions,2,0,50.6,2,64.9,85.7,1,1
S462,OOP,1,0,26.2,2,63.2,50.0,0,0
S462,Data Structures,0,1,6.5,1,61.5,71.4,0,2
S463,Functions,1,0,64.4,3,60.0,60.0,0,0
S463,OOP,0,1,24.3,1,0.0,0.0,0,1
S463,Loops,1,0,72.5,3,50.0,50.0,1,0
S463,Data Structures,0,0,35.5,2,33.3,33.3,0,0
S463,Variables,0,0,27.3,2,25.0,25.0,0,1
S463,Variables,1,0,38.5,3,20.0,0.0,0,0
S463,Variables,0,0,21.4,3,16.7,0.0,0,0
S463,Data Structures,0,1,27.3,1,14.3,0.0,0,1
S463,OOP,1,0,80.0,3,25.0,100.0,1,0
S463,Functions,0,0,31.8,1,22.2,0.0,0,0
S463,Data Structures,0,0,26.0,3,20.0,50.0,0,0
S463,OOP,0,0,27.6,3,18.2,50.0,0,0
S463,Data Structures,0,0,34.6,3,16.7,33.3,0,0
S463,Variables,0,1,14.0,1,15.4,0.0,0,2
S463,Variables,2,0,159.9,3,21.4,25.0,1,0
S463,OOP,0,1,24.7,1,20.0,33.3,0,1
S463,Loops,1,1,33.9,1,25.0,0.0,1,1
S463,Data Structures,1,0,58.4,3,29.4,25.0,2,0
S463,OOP,1,0,87.6,3,27.8,50.0,0,0
S463,Variables,0,0,36.6,2,26.3,20.0,0,0
S463,Data Structures,0,1,39.2,1,25.0,20.0,0,1
S463,Functions,1,0,64.6,2,28.6,0.0,1,0
S463,Data Structures,1,0,72.8,3,27.3,33.3,0,0
S463,Loops,0,1,31.1,1,26.1,50.0,0,1
S463,Variables,1,0,50.8,3,29.2,16.7,1,0
S463,OOP,0,0,41.8,3,28.0,40.0,0,1
S463,Data Structures,1,0,69.7,3,26.9,28.6,0,0
S463,Variables,0,1,20.1,1,25.9,14.3,0,0
S463,Loops,0,0,55.3,3,28.6,66.7,1,0
S463,Data Structures,0,1,18.4,1,27.6,25.0,0,1
S463,Functions,0,0,44.2,2,30.0,0.0,1,0
S463,Functions,1,0,74.0,2,29.0,0.0,0,0
S463,Functions,0,0,38.6,3,28.1,0.0,0,0
S463,Functions,0,0,20.5,3,27.3,0.0,0,0
S463,OOP,0,0,27.1,2,26.5,33.3,0,0
S463,Variables,0,0,23.7,3,25.7,25.0,0,0
S463,Loops,0,1,27.2,1,25.0,50.0,0,1
S463,Data Structures,1,0,54.4,1,27.0,33.3,1,0
S463,Variables,0,0,32.6,3,26.3,22.2,0,0
S463,Functions,0,0,25.4,3,25.6,0.0,0,0
S464,Functions,1,1,28.2,1,60.0,60.0,0,2
S464,OOP,2,1,46.4,1,100.0,100.0,1,2
S464,OOP,2,1,35.5,1,100.0,100.0,2,2
S464,Variables,2,0,99.1,2,100.0,100.0,3,1
S464,Variables,1,1,18.8,1,75.0,0.0,0,1
S464,Variables,1,1,31.7,1,80.0,50.0,1,2
S464,Functions,2,0,54.0,2,83.3,100.0,2,1
S464,Loops,1,1,23.5,2,71.4,71.4,0,2
S464,OOP,2,0,34.7,3,75.0,100.0,1,1
S464,Variables,2,0,51.9,2,66.7,66.7,0,0
S464,Variables,0,1,17.7,1,60.0,50.0,0,2
S464,OOP,2,0,60.3,1,63.6,66.7,1,1
S464,Functions,1,1,25.8,3,58.3,50.0,0,1
S464,Functions,1,1,26.3,1,61.5,66.7,1,2
S464,Loops,2,0,88.6,1,64.3,100.0,2,1
S464,OOP,1,1,31.4,1,60.0,50.0,0,2
S464,Variables,2,1,46.1,1,62.5,60.0,1,2
S464,Variables,0,1,11.6,1,64.7,66.7,2,2
S464,Data Structures,2,0,71.5,1,66.7,66.7,3,1
S464,Functions,1,1,42.3,1,63.2,75.0,0,2
S464,OOP,2,0,63.6,2,65.0,60.0,1,0
S464,Functions,1,0,63.2,2,61.9,80.0,0,0
S464,Data Structures,0,1,23.6,3,59.1,0.0,0,1
S464,Data Structures,1,1,30.2,1,60.9,50.0,1,2
S464,OOP,2,1,65.6,1,62.5,50.0,2,2
S464,Functions,2,0,72.8,2,64.0,66.7,3,1
S464,Data Structures,1,1,26.3,1,61.5,66.7,0,2
S464,Variables,2,1,33.2,1,63.0,71.4,1,2
S464,Loops,2,0,92.3,2,64.3,50.0,2,0
S464,Loops,0,1,23.0,1,62.1,33.3,0,1
S464,Data Structures,1,1,32.6,1,63.3,75.0,1,2
S464,Data Structures,2,0,43.5,3,64.5,80.0,2,0
S464,Variables,0,1,19.0,2,62.5,75.0,0,2
S464,Variables,2,1,45.7,1,63.6,77.8,1,2
S464,Loops,2,0,76.9,2,64.7,50.0,2,0
S464,Loops,0,1,13.8,1,62.9,40.0,0,1
S464,Data Structures,1,1,35.7,1,63.9,66.7,1,2
S464,Variables,2,0,49.8,2,64.9,80.0,2,0
S464,Loops,2,0,74.7,2,63.2,50.0,0,0
S464,OOP,0,1,14.9,1,61.5,57.1,0,2
S465,Loops,1,0,40.7,3,60.0,60.0,0,0
S465,Data Structures,0,0,17.1,2,0.0,0.0,0,0
S465,Variables,0,1,16.6,1,0.0,0.0,0,1
S465,OOP,1,0,28.2,3,33.3,33.3,1,0
S465,OOP,0,1,23.3,1,25.0,0.0,0,1
S465,Data Structures,1,1,38.9,1,40.0,0.0,1,1
S465,Functions,1,0,45.6,2,50.0,50.0,2,0
S465,OOP,0,1,22.4,1,42.9,50.0,0,1
S465,Loops,1,0,44.0,2,50.0,0.0,1,0
S465,Data Structures,0,1,27.0,1,44.4,50.0,0,1
S465,OOP,1,1,22.0,1,50.0,66.7,1,2
S465,Data Structures,2,0,75.9,3,54.5,66.7,2,0
S465,Loops,0,1,20.1,1,50.0,0.0,0,1
S465,Variables,1,0,47.6,3,53.8,100.0,1,0
S465,Loops,0,0,28.2,2,50.0,33.3,0,0
S465,Variables,0,1,17.0,1,46.7,50.0,0,1
S465,Data Structures,2,0,45.9,2,50.0,50.0,1,0
S465,Data Structures,0,1,27.7,1,47.1,40.0,0,1
S465,Data Structures,1,0,37.5,2,50.0,50.0,1,0
S465,Variables,1,0,78.6,3,47.4,66.7,0,0
S465,Loops,0,0,42.0,2,45.0,25.0,0,0
S465,Functions,0,1,17.2,1,42.9,0.0,0,1
S465,Data Structures,1,1,41.5,2,45.5,42.9,1,1
S465,Loops,0,1,19.4,1,47.8,20.0,2,1
S465,Functions,2,0,102.3,2,50.0,50.0,3,0
S465,Data Structures,1,0,45.8,3,48.0,50.0,0,0
S465,Data Structures,0,1,38.5,1,46.2,44.4,0,1
S465,Functions,1,0,39.9,2,48.1,33.3,1,0
S465,Data Structures,0,1,20.1,1,46.4,50.0,0,1
S465,Loops,0,1,23.2,1,48.3,33.3,1,1
S465,OOP,1,0,46.5,2,50.0,75.0,2,0
S465,Functions,1,0,62.4,3,48.4,25.0,0,0
S465,OOP,0,1,30.8,1,46.9,60.0,0,1
S465,Variables,1,0,28.8,2,48.5,50.0,1,0
S465,Variables,0,1,15.6,1,47.1,40.0,0,1
S465,OOP,1,0,37.8,3,48.6,66.7,1,0
S465,Data Structures,1,0,57.2,3,47.2,54.5,0,0
S465,Data Structures,2,0,105.1,3,45.9,50.0,0,0
S465,Functions,1,0,55.2,1,44.7,20.0,0,0
S465,Loops,0,1,19.4,1,43.6,42.9,0,1
S466,Data Structures,1,0,67.4,2,60.0,60.0,0,0
S466,Loops,0,1,15.3,1,0.0,0.0,0,1
S466,Functions,1,0,135.8,2,50.0,50.0,1,0
S466,Data Structures,0,0,41.8,2,33.3,0.0,0,0
S466,Data Structures,0,1,24.4,1,25.0,0.0,0,1
S466,Variables,1,0,75.4,2,40.0,40.0,1,0
S466,Functions,0,0,25.1,2,33.3,0.0,0,0
S466,Functions,0,0,56.0,2,28.6,0.0,0,0
S466,Functions,2,0,144.8,2,25.0,0.0,0,1
S466,Functions,1,0,86.5,1,22.2,0.0,0,0
S466,Variables,0,0,68.9,2,20.0,0.0,0,0
S466,Data Structures,1,1,30.4,1,18.2,33.3,0,1
S466,Data Structures,1,1,53.5,1,25.0,50.0,1,1
S466,Variables,1,0,83.2,3,30.8,0.0,2,0
S466,Variables,0,0,69.1,2,28.6,0.0,0,0
S466,Loops,0,1,15.7,1,26.7,100.0,0,2
S466,Functions,2,0,115.7,3,31.2,0.0,1,0
S466,Functions,0,1,20.1,1,29.4,0.0,0,1
S466,Data Structures,0,1,25.2,1,33.3,60.0,1,1
S466,OOP,1,0,47.4,3,36.8,36.8,2,0
S466,Functions,2,0,142.6,3,35.0,14.3,0,0
S466,Data Structures,0,1,31.8,1,33.3,66.7,0,1
S466,Loops,1,0,51.8,3,36.4,100.0,1,0
S466,OOP,0,0,72.6,1,34.8,0.0,0,0
S466,Variables,0,0,31.7,2,33.3,0.0,0,0
S466,Variables,0,0,23.2,3,32.0,0.0,0,0
S466,OOP,1,0,36.6,2,30.8,0.0,0,0
S466,OOP,1,0,46.5,3,29.6,0.0,0,0
S466,Loops,0,1,12.8,1,28.6,66.7,0,2
S466,Loops,2,0,100.6,2,31.0,75.0,1,0
S466,OOP,0,0,42.7,2,30.0,0.0,0,0
S466,Data Structures,0,1,19.4,1,29.0,71.4,0,2
S466,Functions,2,0,126.1,3,31.2,12.5,1,0
S466,Variables,0,0,28.0,3,30.3,0.0,0,0
S466,Variables,2,0,129.8,3,29.4,0.0,0,0
S466,Functions,0,0,22.4,2,28.6,11.1,0,0
S466,OOP,2,0,136.6,1,27.8,0.0,0,0
S466,Functions,0,0,30.8,2,27.0,10.0,0,0
S466,Loops,0,1,15.1,1,26.3,60.0,0,1
S466,Loops,1,0,115.9,2,28.2,66.7,1,0
S467,Variables,1,0,44.3,3,60.0,60.0,0,0
S467,Loops,0,1,8.1,1,0.0,0.0,0,1
S467,Data Structures,1,1,23.0,3,50.0,50.0,1,1
S467,Variables,1,1,44.7,1,66.7,0.0,2,1
S467,OOP,1,1,23.7,1,75.0,75.0,3,2
S467,Data Structures,0,1,15.2,1,80.0,100.0,4,2
S467,Data Structures,2,0,65.9,2,83.3,100.0,5,1
S467,Functions,1,1,28.4,1,71.4,71.4,0,2
S467,OOP,2,1,48.0,1,75.0,100.0,1,2
S467,OOP,0,1,12.7,1,77.8,100.0,2,2
S467,Loops,2,0,47.7,3,80.0,100.0,3,1
S467,Variables,1,0,35.4,2,72.7,50.0,0,0
S467,OOP,0,1,27.9,1,66.7,100.0,0,2
S467,OOP,2,1,44.1,1,69.2,100.0,1,2
S467,Data Structures,2,1,32.5,1,71.4,66.7,2,2
S467,Data Structures,2,0,66.7,2,73.3,75.0,3,0
S467,Loops,0,1,10.3,1,68.8,50.0,0,2
S467,Variables,0,1,25.0,1,70.6,33.3,1,1
S467,Functions,1,0,36.6,1,72.2,100.0,2,1
S467,Loops,1,0,45.1,3,68.4,66.7,0,0
S467,Data Structures,0,1,10.4,1,65.0,60.0,0,2
S467,Variables,2,0,69.1,3,66.7,50.0,1,0
S467,OOP,1,0,30.9,1,63.6,100.0,0,1
S467,OOP,1,1,33.3,1,60.9,83.3,0,2
S467,OOP,2,0,91.1,3,62.5,85.7,1,0
S467,Functions,0,1,22.2,3,60.0,50.0,0,1
S467,OOP,1,0,65.0,2,61.5,75.0,1,0
S467,Data Structures,0,1,10.8,1,59.3,66.7,0,2
S467,Data Structures,2,1,30.1,1,60.7,71.4,1,2
S467,Data Structures,2,1,30.8,1,62.1,75.0,2,2
S467,OOP,1,0,36.6,3,63.3,66.7,3,0
S467,Loops,0,1,21.4,1,61.3,50.0,0,1
S467,Functions,1,1,38.2,1,62.5,66.7,1,2
S467,OOP,2,1,37.5,2,63.6,60.0,2,2
S467,OOP,2,0,47.0,3,64.7,63.6,3,0
S467,OOP,2,1,50.4,1,62.9,58.3,0,2
S467,OOP,2,0,51.5,3,63.9,61.5,1,0
S467,Variables,0,1,18.6,1,62.2,40.0,0,1
S467,Loops,1,1,19.2,1,63.2,60.0,1,2
S467,Variables,2,0,34.2,3,64.1,50.0,2,0
S468,Data Structures,1,0,63.3,2,60.0,60.0,0,0
S468,OOP,0,1,24.6,1,0.0,0.0,0,1
S468,Loops,1,0,67.5,2,50.0,50.0,1,0
S468,Variables,0,1,27.4,1,33.3,33.3,0,1
S468,Functions,2,0,66.2,2,50.0,50.0,1,0
S468,Functions,2,1,56.1,1,40.0,0.0,0,1
S468,Variables,0,1,20.4,1,50.0,100.0,1,2
S468,OOP,2,0,72.1,1,57.1,100.0,2,1
S468,Data Structures,1,0,69.7,2,50.0,0.0,0,0
S468,OOP,0,0,24.1,2,44.4,50.0,0,0
S468,Data Structures,1,1,37.8,1,40.0,0.0,0,1
S468,Data Structures,1,0,32.6,2,45.5,33.3,1,0
S468,Variables,0,1,13.2,1,41.7,100.0,0,2
S468,Variables,2,0,71.9,3,46.2,100.0,1,0
S468,Variables,0,1,25.0,1,42.9,75.0,0,2
S468,OOP,2,0,114.0,3,46.7,33.3,1,0
S468,Functions,0,1,15.1,1,43.8,50.0,0,0
S468,Functions,2,0,52.6,3,47.1,66.7,1,0
S468,Data Structures,0,1,45.5,1,44.4,25.0,0,1
S468,Functions,0,1,22.8,1,47.4,50.0,1,1
S468,Variables,1,0,46.6,1,50.0,80.0,2,1
S468,OOP,2,0,109.9,2,47.6,25.0,0,0
S468,Variables,1,0,36.9,3,45.5,66.7,0,0
S468,Loops,0,0,20.1,1,43.5,0.0,0,0
S468,Functions,0,1,25.1,1,41.7,60.0,0,1
S468,Loops,1,0,49.0,3,44.0,0.0,1,0
S468,Variables,0,0,38.2,3,42.3,57.1,0,0
S468,Functions,0,1,13.0,1,40.7,66.7,0,2
S468,Variables,2,0,79.9,3,42.9,50.0,1,0
S468,Loops,0,1,12.6,1,41.4,0.0,0,1
S468,Data Structures,1,0,58.7,3,43.3,40.0,1,0
S468,Data Structures,0,1,16.4,1,41.9,33.3,0,1
S468,OOP,1,0,45.8,2,43.8,20.0,1,0
S468,Functions,2,0,166.3,1,42.4,71.4,0,0
S468,Loops,1,0,43.8,2,41.2,25.0,0,0
S468,Data Structures,0,1,16.5,1,40.0,42.9,0,1
S468,Functions,1,1,29.0,1,41.7,62.5,1,2
S468,Loops,1,0,53.1,3,43.2,20.0,2,0
S468,Loops,0,1,14.3,1,42.1,16.7,0,1
S468,Variables,2,0,67.8,3,43.6,44.4,1,0
S469,OOP,1,1,35.2,1,60.0,60.0,0,2
S469,Functions,1,1,32.2,1,100.0,100.0,1,2
S469,Variables,2,0,86.2,2,100.0,100.0,2,1
S469,Functions,1,0,53.5,3,66.7,100.0,0,0
S469,Loops,0,1,24.8,1,50.0,50.0,0,1
S469,OOP,1,0,65.1,2,60.0,100.0,1,0
S469,Variables,0,1,18.2,1,50.0,0.0,0,1
S469,OOP,0,1,20.8,1,57.1,50.0,1,1
S469,Data Structures,1,0,62.2,3,62.5,62.5,2,0
S469,Data Structures,0,1,15.5,1,55.6,0.0,0,1
S469,Loops,1,0,62.5,2,60.0,100.0,1,0
S469,Variables,0,0,34.0,2,54.5,50.0,0,0
S469,Data Structures,0,1,55.4,1,50.0,50.0,0,1
S469,OOP,2,0,70.0,2,53.8,66.7,1,0
S469,Functions,0,0,26.3,2,50.0,50.0,0,0
S469,Variables,0,1,13.0,1,46.7,33.3,0,1
S469,Loops,2,0,88.0,3,50.0,50.0,1,0
S469,OOP,0,1,24.6,1,47.1,50.0,0,1
S469,Functions,1,1,28.5,1,50.0,33.3,1,1
S469,Functions,1,0,35.3,2,52.6,50.0,2,0
S469,Variables,2,0,146.5,2,50.0,50.0,0,0
S469,Variables,0,0,39.8,3,47.6,40.0,0,0
S469,OOP,0,1,13.3,1,45.5,60.0,0,2
S469,Data Structures,2,0,51.9,3,47.8,66.7,1,0
S469,Functions,0,1,16.2,1,45.8,40.0,0,1
S469,Data Structures,1,0,34.1,3,48.0,50.0,1,0
S469,Data Structures,0,1,26.2,1,46.2,40.0,0,1
S469,Data Structures,1,0,42.0,3,48.1,50.0,1,0
S469,OOP,0,1,27.7,1,46.4,66.7,0,1
S469,Data Structures,1,1,37.4,1,48.3,42.9,1,1
S469,OOP,1,0,53.0,2,50.0,71.4,2,0
S469,Data Structures,0,0,21.8,3,48.4,50.0,0,0
S469,Functions,0,1,17.1,1,46.9,50.0,0,1
S469,Variables,1,0,40.9,2,48.5,33.3,1,1
S469,Functions,1,1,27.6,1,47.1,57.1,0,2
S469,Data Structures,2,0,63.3,2,48.6,44.4,1,0
S469,OOP,0,1,21.7,1,47.2,62.5,0,2
S469,Variables,2,0,69.4,3,48.6,28.6,1,0
S469,OOP,0,1,12.3,1,47.4,66.7,0,2
S469,OOP,2,0,83.9,3,48.7,70.0,1,0
S470,OOP,1,1,33.0,1,60.0,60.0,0,2
S470,Data Structures,2,0,46.3,2,100.0,100.0,1,1
S470,OOP,2,0,65.0,3,50.0,100.0,0,0
S470,OOP,0,1,24.9,1,33.3,50.0,0,1
S470,Loops,1,0,44.7,2,50.0,50.0,1,0
S470,Data Structures,0,1,11.9,1,40.0,0.0,0,1
S470,Loops,1,1,25.3,1,50.0,0.0,1,1
S470,Variables,1,1,30.2,1,57.1,57.1,2,2
S470,Loops,2,0,83.2,3,62.5,50.0,3,0
S470,Variables,0,1,15.7,1,55.6,100.0,0,2
S470,Functions,2,1,28.3,1,60.0,60.0,1,2
S470,Functions,2,0,67.6,2,63.6,100.0,2,1
S470,Loops,1,0,35.0,3,58.3,33.3,0,0
S470,Data Structures,1,1,27.5,1,53.8,50.0,0,2
S470,Loops,2,0,85.7,2,57.1,25.0,1,0
S470,OOP,0,1,22.8,1,53.3,66.7,0,1
S470,Functions,1,1,33.2,1,56.2,50.0,1,2
S470,Functions,2,0,56.4,3,58.8,66.7,2,0
S470,Variables,0,1,15.6,1,55.6,100.0,0,2
S470,Functions,2,0,59.7,1,57.9,50.0,1,0
S470,Functions,0,1,11.4,1,55.0,40.0,0,1
S470,Functions,1,1,20.4,1,57.1,50.0,1,2
S470,Loops,2,0,49.9,2,59.1,20.0,2,0
S470,OOP,0,1,28.1,1,56.5,75.0,0,2
S470,OOP,2,0,88.1,3,58.3,80.0,1,0
S470,Functions,0,1,8.9,1,56.0,57.1,0,2
S470,Variables,0,1,31.3,1,57.7,100.0,1,2
S470,Functions,1,0,34.6,2,59.3,62.5,2,0
S470,Loops,0,1,20.2,1,57.1,16.7,0,1
S470,Variables,1,1,19.5,1,58.6,100.0,1,2
S470,OOP,2,0,45.8,3,60.0,66.7,2,0
S470,Variables,0,1,14.8,1,58.1,100.0,0,2
S470,Variables,2,0,54.1,2,59.4,100.0,1,1
S470,Data Structures,1,0,26.5,3,57.6,66.7,0,1
S470,Data Structures,2,1,34.4,1,55.9,50.0,0,2
S470,Functions,2,0,51.0,3,57.1,55.6,1,0
S470,Loops,0,1,20.2,1,55.6,28.6,0,1
S470,Data Structures,1,0,20.5,2,56.8,60.0,1,0
S470,Loops,0,1,10.8,1,55.3,37.5,0,1
S470,OOP,1,1,26.7,1,56.4,57.1,1,2
S471,Functions,1,1,20.9,1,60.0,60.0,0,2
S471,Loops,2,0,90.1,2,100.0,100.0,1,1
S471,Loops,1,0,44.8,3,50.0,0.0,0,0
S471,OOP,0,1,18.4,1,33.3,33.3,0,1
S471,Data Structures,1,0,75.8,3,50.0,50.0,1,0
S471,OOP,0,1,14.8,1,40.0,100.0,0,2
S471,Variables,2,0,111.7,3,50.0,50.0,1,0
S471,Loops,0,0,67.7,2,42.9,0.0,0,0
S471,Variables,0,1,58.1,1,37.5,0.0,0,1
S471,Variables,1,0,41.7,3,44.4,50.0,1,0
S471,OOP,0,1,14.0,1,40.0,100.0,0,2
S471,Loops,2,0,87.7,2,45.5,0.0,1,0
S471,Variables,0,0,26.7,2,41.7,33.3,0,0
S471,Functions,2,0,42.2,3,38.5,100.0,0,1
S471,Data Structures,2,0,130.6,2,35.7,0.0,0,0
S471,Variables,0,0,33.4,2,33.3,25.0,0,0
S471,OOP,0,1,22.8,2,31.2,100.0,0,2
S471,OOP,1,1,37.9,1,35.3,100.0,1,2
S471,Loops,2,0,84.0,2,38.9,0.0,2,0
S471,Functions,0,1,14.1,1,36.8,50.0,0,1
S471,Variables,1,0,37.4,3,40.0,20.0,1,0
S471,Loops,0,1,19.4,1,38.1,0.0,0,1
S471,Functions,1,1,43.8,1,40.9,66.7,1,2
S471,Functions,2,0,66.4,3,43.5,75.0,2,0
S471,Data Structures,0,0,38.4,2,41.7,0.0,0,0
S471,Loops,1,0,53.1,3,40.0,16.7,0,0
S471,OOP,0,1,18.1,1,38.5,100.0,0,2
S471,Loops,2,0,80.5,2,40.7,14.3,1,0
S471,OOP,1,0,88.4,3,39.3,100.0,0,0
S471,Loops,0,0,19.8,3,37.9,12.5,0,0
S471,Functions,0,1,15.3,1,36.7,60.0,0,2
S471,OOP,0,1,30.9,1,38.7,85.7,1,2
S471,Data Structures,2,0,79.8,3,40.6,0.0,2,0
S471,Functions,0,1,20.0,1,39.4,66.7,0,2
S471,Functions,2,0,80.2,3,41.2,71.4,1,0
S471,Data Structures,1,0,60.0,2,40.0,0.0,0,0
S471,OOP,0,1,12.7,1,38.9,87.5,0,2
S471,Data Structures,2,0,80.0,2,40.5,0.0,1,1
S471,Functions,1,1,42.9,3,39.5,62.5,0,2
S471,Functions,2,0,116.1,3,41.0,66.7,1,0
S472,Variables,1,1,23.6,1,60.0,60.0,0,2
S472,Variables,2,0,60.9,2,100.0,100.0,1,1
S472,Functions,2,0,86.2,2,50.0,50.0,0,0
S472,OOP,1,1,30.8,1,33.3,33.3,0,1
S472,Data Structures,1,1,55.9,1,50.0,50.0,1,1
S472,Data Structures,2,0,27.7,3,60.0,100.0,2,1
S472,Functions,1,1,32.1,1,50.0,0.0,0,1
S472,Data Structures,1,1,24.6,1,57.1,50.0,1,2
S472,Functions,2,1,35.4,1,62.5,50.0,2,2
S472,Data Structures,1,1,35.8,1,66.7,66.7,3,1
S472,OOP,1,1,22.3,1,70.0,100.0,4,2
S472,Functions,0,1,16.8,1,72.7,66.7,5,2
S472,Loops,2,0,60.5,2,75.0,75.0,6,0
S472,Variables,0,0,14.0,3,69.2,50.0,0,0
S472,Loops,0,1,21.8,1,64.3,0.0,0,1
S472,Data Structures,1,0,51.8,2,66.7,75.0,1,0
S472,Variables,0,1,17.2,1,62.5,33.3,0,1
S472,Loops,1,1,21.1,1,64.7,50.0,1,2
S472,OOP,1,0,53.8,2,66.7,100.0,2,1
S472,OOP,2,0,95.5,3,63.2,66.7,0,0
S472,Functions,2,0,58.8,2,60.0,75.0,0,0
S472,Functions,0,1,15.0,2,57.1,60.0,0,1
S472,OOP,1,1,30.0,1,59.1,50.0,1,2
S472,OOP,2,1,52.7,2,60.9,60.0,2,2
S472,Loops,2,0,61.2,2,62.5,66.7,3,0
S472,Functions,0,1,17.0,1,60.0,66.7,0,2
S472,Loops,0,1,27.8,1,61.5,50.0,1,1
S472,Functions,1,1,15.7,1,63.0,71.4,2,2
S472,Data Structures,0,1,15.9,1,64.3,60.0,3,2
S472,Functions,2,0,48.1,2,65.5,75.0,4,0
S472,Loops,0,1,24.8,1,63.3,60.0,0,2
S472,Loops,2,0,76.5,3,64.5,66.7,1,0
S472,Loops,1,0,40.7,3,62.5,57.1,0,0
S472,Loops,0,0,46.9,3,60.6,50.0,0,0
S472,Loops,0,0,35.9,3,58.8,44.4,0,0
S472,Functions,0,1,14.7,1,57.1,66.7,0,2
S472,Variables,2,0,73.9,3,58.3,50.0,1,0
S472,Functions,0,1,14.6,1,56.8,70.0,0,2
S472,Loops,2,0,62.8,3,57.9,40.0,1,0
S472,Data Structures,0,1,21.4,1,56.4,66.7,0,2
S473,Loops,1,0,74.0,2,60.0,60.0,0,0
S473,Loops,1,0,76.4,2,0.0,0.0,0,1
S473,Functions,1,0,44.7,2,0.0,0.0,0,0
S473,Functions,0,1,30.0,1,0.0,0.0,0,1
S473,Loops,1,0,49.3,2,25.0,0.0,1,0
S473,Data Structures,0,0,19.2,2,20.0,20.0,0,0
S473,Loops,0,0,25.1,2,16.7,0.0,0,0
S473,OOP,0,0,23.2,3,14.3,14.3,0,0
S473,Variables,0,0,34.1,1,12.5,12.5,0,0
S473,OOP,2,0,136.3,3,11.1,0.0,0,0
S473,OOP,0,0,52.7,3,10.0,0.0,0,0
S473,Variables,0,0,27.4,3,9.1,0.0,0,0
S473,Data Structures,0,1,19.8,2,8.3,0.0,0,1
S473,OOP,1,0,40.5,3,15.4,0.0,1,0
S473,Functions,0,0,35.3,2,14.3,50.0,0,0
S473,OOP,0,1,23.8,1,13.3,0.0,0,1
S473,OOP,1,0,71.7,3,18.8,20.0,1,0
S473,Loops,0,0,30.1,2,17.6,0.0,0,0
S473,Data Structures,0,1,26.2,1,16.7,50.0,0,1
S473,Variables,1,0,68.1,2,21.1,0.0,1,0
S473,Data Structures,1,0,33.9,2,20.0,66.7,0,0
S473,OOP,2,0,128.1,2,19.0,16.7,0,0
S473,Loops,0,0,36.0,3,18.2,0.0,0,0
S473,Variables,0,0,53.8,3,17.4,0.0,0,0
S473,Loops,0,0,35.9,2,16.7,0.0,0,0
S473,Loops,0,0,31.6,3,16.0,0.0,0,0
S473,Loops,0,0,15.6,3,15.4,0.0,0,0
S473,Variables,0,0,67.2,3,14.8,0.0,0,0
S473,Loops,0,1,20.0,1,14.3,0.0,0,1
S473,Variables,1,0,68.9,3,17.2,0.0,1,0
S473,Loops,0,0,53.6,3,16.7,10.0,0,0
S473,Data Structures,0,1,27.1,1,16.1,50.0,0,1
S473,Data Structures,1,0,55.3,2,18.8,60.0,1,0
S473,Variables,0,0,49.4,2,18.2,0.0,0,0
S473,Variables,2,0,145.5,2,17.6,0.0,0,0
S473,Functions,0,0,37.5,3,17.1,33.3,0,0
S473,Variables,0,1,35.1,1,16.7,0.0,0,1
S473,Data Structures,1,0,43.0,3,18.9,50.0,1,1
S473,OOP,1,0,65.2,2,18.4,14.3,0,0
S473,Variables,2,0,95.4,2,17.9,11.1,0,0
S474,Loops,1,0,48.5,3,60.0,60.0,0,0
S474,Loops,1,0,52.4,2,0.0,0.0,0,0
S474,OOP,0,0,46.7,3,0.0,0.0,0,1
S474,Functions,1,0,45.9,2,0.0,0.0,0,0
S474,Functions,1,1,25.7,1,0.0,0.0,0,1
S474,Loops,1,0,42.7,3,20.0,0.0,1,0
S474,Data Structures,0,1,18.7,1,16.7,16.7,0,1
S474,Data Structures,1,0,46.6,2,28.6,100.0,1,0
S474,Data Structures,0,0,45.6,2,25.0,50.0,0,0
S474,Variables,0,0,41.6,2,22.2,22.2,0,0
S474,Functions,0,1,26.5,1,20.0,50.0,0,1
S474,Variables,2,0,145.3,1,27.3,0.0,1,0
S474,Loops,0,1,19.7,1,25.0,0.0,0,1
S474,OOP,2,0,111.5,2,30.8,0.0,1,0
S474,Loops,1,1,35.8,1,28.6,25.0,0,1
S474,Loops,2,0,28.8,3,33.3,40.0,1,0
S474,Data Structures,0,1,25.3,1,31.2,33.3,0,1
S474,Functions,1,0,65.9,3,35.3,66.7,1,0
S474,Variables,0,1,26.2,3,33.3,0.0,0,1
S474,OOP,0,1,30.6,1,36.8,0.0,1,1
S474,Functions,1,0,51.8,3,40.0,50.0,2,0
S474,Loops,0,0,17.8,3,38.1,33.3,0,0
S474,OOP,0,0,46.2,2,36.4,33.3,0,0
S474,OOP,0,0,23.8,1,34.8,25.0,0,0
S474,Data Structures,0,1,16.3,1,33.3,50.0,0,1
S474,Functions,1,0,60.6,2,36.0,40.0,1,0
S474,Loops,2,0,72.5,1,34.6,28.6,0,0
S474,OOP,0,0,47.3,3,33.3,20.0,0,0
S474,Variables,0,1,38.5,1,32.1,33.3,0,1
S474,Functions,1,0,36.3,2,34.5,33.3,1,0
S474,Data Structures,0,0,23.8,2,33.3,60.0,0,0
S474,Data Structures,0,1,24.9,1,32.3,50.0,0,2
S474,Loops,2,0,82.8,2,34.4,25.0,1,0
S474,Loops,0,1,14.3,3,33.3,22.2,0,1
S474,Functions,1,0,39.4,3,35.3,28.6,1,0
S474,Data Structures,0,1,26.6,1,34.3,57.1,0,1
S474,Functions,1,0,40.7,3,36.1,25.0,1,0
S474,Functions,0,1,26.6,1,35.1,22.2,0,1
S474,Variables,1,0,39.1,2,36.8,50.0,1,0
S474,Data Structures,0,1,16.1,1,35.9,62.5,0,2
S475,Functions,1,1,58.2,1,60.0,60.0,0,2
S475,Variables,2,1,22.0,1,100.0,100.0,1,2
S475,Loops,2,1,34.7,1,100.0,100.0,2,2
S475,OOP,2,1,29.7,1,100.0,100.0,3,2
S475,Variables,2,1,53.9,1,100.0,100.0,4,2
S475,Data Structures,2,0,86.5,2,100.0,100.0,5,1
S475,OOP,1,1,19.2,1,83.3,100.0,0,2
S475,Variables,2,0,36.2,2,85.7,100.0,1,1
S475,Variables,1,1,21.9,1,75.0,66.7,0,2
S475,Loops,1,1,15.6,1,77.8,100.0,1,2
S475,Loops,2,0,74.1,3,80.0,100.0,2,1
S475,Loops,1,1,21.2,1,72.7,66.7,0,2
S475,Functions,2,0,55.2,3,75.0,100.0,1,1
S475,OOP,2,1,30.1,2,69.2,100.0,0,2
S475,Data Structures,2,1,33.5,1,71.4,0.0,1,1
S475,Variables,1,1,38.1,1,73.3,75.0,2,2
S475,Functions,2,0,93.7,1,75.0,50.0,3,0
S475,Variables,0,1,14.8,1,70.6,80.0,0,2
S475,Loops,2,0,49.3,3,72.2,75.0,1,0
S475,Data Structures,0,1,9.8,1,68.4,50.0,0,2
S475,Variables,1,0,36.2,2,70.0,83.3,1,1
S475,OOP,1,0,32.0,2,66.7,100.0,0,1
S475,Functions,1,0,37.3,2,63.6,33.3,0,0
S475,OOP,2,0,33.9,3,60.9,75.0,0,0
S475,Variables,0,1,10.2,1,58.3,71.4,0,2
S475,Functions,2,0,65.1,2,60.0,25.0,1,0
S475,Data Structures,0,1,14.6,1,57.7,66.7,0,2
S475,Functions,2,0,94.8,3,59.3,20.0,1,0
S475,Functions,0,0,21.0,2,57.1,16.7,0,0
S475,Loops,1,1,31.8,1,55.2,60.0,0,2
S475,Data Structures,2,0,50.8,2,56.7,75.0,1,0
S475,Loops,2,1,45.2,1,54.8,66.7,0,2
S475,OOP,1,1,34.6,1,56.2,60.0,1,2
S475,Loops,2,0,77.6,3,57.6,71.4,2,0
S475,Variables,0,1,15.3,1,55.9,75.0,0,2
S475,Loops,1,1,21.0,1,57.1,62.5,1,2
S475,Functions,2,1,47.1,1,58.3,14.3,2,1
S475,Loops,2,1,45.6,1,59.5,66.7,3,2
S475,Functions,2,0,81.4,3,60.5,25.0,4,0
S475,Loops,0,1,12.6,1,59.0,70.0,0,2
S476,Data Structures,1,0,49.7,3,60.0,60.0,0,0
S476,Variables,0,0,34.6,2,0.0,0.0,0,0
S476,Variables,0,0,24.6,2,0.0,0.0,0,0
S476,OOP,0,0,37.8,3,0.0,0.0,0,0
S476,Data Structures,0,1,32.7,1,0.0,0.0,0,1
S476,Loops,1,0,56.8,2,20.0,20.0,1,0
S476,Data Structures,0,0,30.7,3,16.7,50.0,0,0
S476,Data Structures,0,1,25.3,2,14.3,33.3,0,1
S476,Loops,1,0,66.9,2,25.0,0.0,1,0
S476,Variables,0,0,41.4,3,22.2,0.0,0,0
S476,Variables,0,0,30.9,2,20.0,0.0,0,0
S476,Functions,0,1,13.5,1,18.2,18.2,0,1
S476,Variables,1,0,110.5,3,25.0,0.0,1,0
S476,Loops,0,0,78.4,3,23.1,0.0,0,0
S476,OOP,0,1,29.1,1,21.4,0.0,0,1
S476,Data Structures,2,0,72.5,2,26.7,50.0,1,0
S476,OOP,0,0,51.5,2,25.0,50.0,0,0
S476,Variables,0,0,58.0,2,23.5,0.0,0,0
S476,Data Structures,0,0,33.5,2,22.2,40.0,0,0
S476,OOP,0,0,46.1,3,21.1,33.3,0,1
S476,OOP,1,0,55.7,2,20.0,25.0,0,0
S476,OOP,0,0,49.8,2,19.0,20.0,0,0
S476,Functions,0,1,26.2,1,18.2,100.0,0,2
S476,Functions,1,0,73.8,3,21.7,100.0,1,0
S476,OOP,0,1,23.5,1,20.8,16.7,0,1
S476,Loops,1,0,62.3,3,24.0,0.0,1,0
S476,Loops,0,0,32.6,2,23.1,0.0,0,0
S476,Loops,0,1,23.3,1,22.2,0.0,0,1
S476,Functions,1,0,50.7,3,25.0,66.7,1,0
S476,Data Structures,0,1,26.8,1,24.1,33.3,0,1
S476,OOP,0,0,35.1,2,26.7,28.6,1,0
S476,Functions,2,0,70.3,2,25.8,50.0,0,0
S476,Variables,0,0,41.0,2,25.0,0.0,0,0
S476,Functions,2,0,94.9,2,24.2,40.0,0,0
S476,OOP,0,1,25.4,1,23.5,25.0,0,1
S476,Functions,1,1,45.1,1,25.7,33.3,1,1
S476,OOP,1,0,71.3,3,27.8,33.3,2,0
S476,Loops,0,0,39.2,3,27.0,16.7,0,0
S476,Variables,0,0,46.4,3,26.3,0.0,0,0
S476,Functions,0,1,13.0,1,25.6,42.9,0,1
S477,Loops,1,1,46.5,1,60.0,60.0,0,2
S477,Loops,2,0,64.0,3,100.0,100.0,1,1
S477,Loops,1,0,104.7,2,50.0,50.0,0,0
S477,Functions,0,0,30.2,2,33.3,33.3,0,0
S477,Data Structures,0,1,16.0,1,25.0,25.0,0,1
S477,Loops,2,0,105.4,3,40.0,33.3,1,0
S477,Loops,0,1,21.0,1,33.3,25.0,0,1
S477,Loops,1,0,44.0,2,42.9,40.0,1,0
S477,Data Structures,0,1,12.8,1,37.5,100.0,0,2
S477,Data Structures,2,1,51.1,2,44.4,100.0,1,2
S477,OOP,0,1,21.1,1,50.0,50.0,2,1
S477,Data Structures,1,1,39.2,1,54.5,100.0,3,2
S477,Variables,2,0,86.4,3,58.3,58.3,4,0
S477,OOP,0,1,22.9,1,53.8,100.0,0,2
S477,Variables,2,0,53.3,3,57.1,0.0,1,0
S477,Functions,0,1,28.8,1,53.3,0.0,0,1
S477,Variables,1,1,46.1,1,56.2,0.0,1,1
S477,Functions,0,1,27.8,1,58.8,50.0,2,1
S477,OOP,1,1,60.9,1,61.1,100.0,3,2
S477,OOP,2,1,66.0,1,63.2,100.0,4,2
S477,Variables,2,0,120.7,2,65.0,33.3,5,0
S477,OOP,2,0,97.9,2,61.9,100.0,0,0
S477,OOP,0,1,19.9,1,59.1,80.0,0,2
S477,Data Structures,2,0,76.8,3,60.9,100.0,1,0
S477,Data Structures,0,1,29.9,1,58.3,80.0,0,2
S477,Data Structures,2,0,45.0,3,60.0,83.3,1,0
S477,Loops,0,0,24.9,3,57.7,33.3,0,0
S477,OOP,0,1,18.8,1,55.6,83.3,0,2
S477,Functions,2,0,64.9,2,57.1,66.7,1,0
S477,Loops,0,1,19.7,1,55.2,28.6,0,1
S477,Functions,0,1,35.7,2,56.7,50.0,1,1
S477,Loops,1,0,27.5,3,58.1,37.5,2,0
S477,Variables,0,1,27.0,1,56.2,25.0,0,1
S477,Data Structures,0,1,15.2,1,57.6,71.4,1,2
S477,OOP,1,0,43.7,2,58.8,85.7,2,0
S477,Loops,0,1,26.6,1,57.1,33.3,0,1
S477,OOP,1,0,54.8,3,58.3,75.0,1,0
S477,OOP,1,0,34.3,2,56.8,66.7,0,0
S477,Variables,0,1,14.3,1,55.3,40.0,0,0
S477,OOP,0,0,23.1,2,56.4,60.0,1,0
S478,Loops,1,0,56.8,3,60.0,60.0,0,0
S478,Functions,0,1,13.9,2,0.0,0.0,0,1
S478,Data Structures,1,0,49.9,3,50.0,50.0,1,0
S478,OOP,0,0,29.0,3,33.3,33.3,0,0
S478,OOP,0,1,32.8,1,25.0,0.0,0,1
S478,Functions,0,1,12.7,3,40.0,100.0,1,2
S478,OOP,0,0,30.9,2,50.0,50.0,2,0
S478,OOP,0,0,35.4,3,42.9,33.3,0,0
S478,Functions,0,1,14.4,1,37.5,100.0,0,2
S478,Data Structures,0,1,25.7,1,44.4,0.0,1,1
S478,Data Structures,1,0,34.4,2,50.0,50.0,2,0
S478,Data Structures,0,1,14.1,1,45.5,33.3,0,1
S478,Functions,1,0,25.3,3,50.0,100.0,1,1
S478,Loops,0,1,19.3,1,46.2,0.0,0,1
S478,Loops,1,1,43.3,1,50.0,50.0,1,2
S478,Data Structures,2,0,47.6,2,53.3,50.0,2,0
S478,Loops,0,1,33.0,1,50.0,66.7,0,1
S478,Variables,1,0,65.7,3,52.9,52.9,1,0
S478,Variables,0,0,25.4,2,50.0,0.0,0,0
S478,OOP,0,1,22.5,1,47.4,25.0,0,1
S478,Variables,1,0,50.9,3,50.0,0.0,1,0
S478,Variables,1,0,60.1,1,47.6,0.0,0,1
S478,Data Structures,1,1,50.8,1,45.5,40.0,0,1
S478,Data Structures,1,1,33.4,1,47.8,50.0,1,2
S478,Loops,2,1,46.5,1,50.0,75.0,2,2
S478,Functions,2,0,49.0,2,52.0,75.0,3,0
S478,Variables,2,0,91.8,2,50.0,0.0,0,0
S478,Functions,0,1,24.2,1,48.1,60.0,0,1
S478,Variables,1,0,58.8,2,50.0,0.0,1,0
S478,Loops,0,0,18.9,3,48.3,80.0,0,0
S478,OOP,0,0,26.0,3,46.7,40.0,0,0
S478,Variables,0,0,38.7,3,45.2,0.0,0,0
S478,Loops,0,1,23.2,1,43.8,66.7,0,2
S478,Data Structures,2,0,44.7,3,45.5,57.1,1,0
S478,OOP,0,1,19.4,1,44.1,33.3,0,1
S478,Variables,1,0,79.6,3,45.7,0.0,1,0
S478,Data Structures,0,1,24.2,1,44.4,50.0,0,1
S478,OOP,0,0,25.0,2,45.9,42.9,1,0
S478,Functions,0,1,29.3,1,44.7,66.7,0,1
S478,Variables,1,0,50.9,3,46.2,0.0,1,0
S479,Variables,1,1,37.0,1,60.0,60.0,0,2
S479,Data Structures,2,0,93.3,2,100.0,100.0,1,1
S479,Functions,2,0,120.5,2,50.0,50.0,0,0
S479,OOP,0,1,11.8,1,33.3,33.3,0,1
S479,Data Structures,1,1,51.4,1,50.0,0.0,1,2
S479,OOP,2,0,56.5,2,60.0,100.0,2,1
S479,OOP,1,1,20.7,1,50.0,50.0,0,2
S479,Data Structures,2,0,101.0,2,57.1,50.0,1,1
S479,Loops,0,1,10.9,1,50.0,50.0,0,2
S479,OOP,0,1,15.4,1,55.6,66.7,1,2
S479,Variables,2,1,66.1,1,60.0,100.0,2,2
S479,OOP,2,0,77.5,2,63.6,75.0,3,0
S479,Loops,0,1,18.1,1,58.3,100.0,0,2
S479,Variables,2,0,61.9,2,61.5,100.0,1,1
S479,Data Structures,1,1,25.8,1,57.1,33.3,0,2
S479,Loops,2,1,52.6,1,60.0,100.0,1,2
S479,Functions,2,0,60.5,1,62.5,0.0,2,0
S479,OOP,0,1,12.5,1,58.8,60.0,0,2
S479,Data Structures,2,0,43.9,3,61.1,50.0,1,0
S479,Data Structures,0,0,27.5,2,57.9,40.0,0,0
S479,Loops,0,1,21.1,1,55.0,100.0,0,2
S479,OOP,2,0,55.5,3,57.1,66.7,1,0
S479,Data Structures,0,1,23.6,1,54.5,33.3,0,1
S479,Functions,1,0,88.2,3,56.5,0.0,1,0
S479,Variables,0,1,14.8,1,54.2,66.7,0,1
S479,Variables,2,1,58.0,1,56.0,75.0,1,2
S479,OOP,2,0,57.3,2,57.7,57.1,2,0
S479,Functions,0,1,21.5,1,55.6,0.0,0,1
S479,Data Structures,1,0,41.0,2,57.1,42.9,1,0
S479,OOP,0,1,22.6,1,55.2,50.0,0,1
S479,Variables,1,0,56.9,3,56.7,80.0,1,0
S479,Functions,1,0,36.3,2,54.8,25.0,0,0
S479,Data Structures,2,0,89.7,3,53.1,37.5,0,0
S479,Functions,0,1,21.2,1,51.5,20.0,0,1
S479,Data Structures,1,0,33.2,2,52.9,33.3,1,0
S479,Variables,0,0,22.4,3,51.4,66.7,0,0
S479,Data Structures,0,0,22.9,2,50.0,30.0,0,0
S479,Data Structures,0,1,23.1,1,48.6,27.3,0,0
S479,OOP,0,1,16.8,1,50.0,55.6,1,2
S479,Loops,1,0,45.4,3,51.3,100.0,2,0
S480,Data Structures,1,0,49.0,3,60.0,60.0,0,0
S480,OOP,0,1,28.0,1,0.0,0.0,0,1
S480,Variables,1,1,23.8,1,50.0,50.0,1,2
S480,Variables,2,0,70.7,3,66.7,100.0,2,1
S480,Loops,1,1,18.1,1,50.0,50.0,0,2
S480,OOP,2,1,38.9,1,60.0,100.0,1,2
S480,Loops,2,0,57.0,3,66.7,100.0,2,1
S480,Variables,1,0,43.6,3,57.1,50.0,0,0
S480,Variables,0,1,26.5,1,50.0,33.3,0,1
S480,Loops,1,1,31.9,1,55.6,50.0,1,2
S480,Data Structures,0,1,25.3,1,60.0,0.0,2,1
S480,OOP,1,1,22.8,1,63.6,100.0,3,2
S480,OOP,2,1,31.7,2,66.7,100.0,4,2
S480,OOP,0,1,18.3,1,69.2,100.0,5,2
S480,Loops,2,1,52.3,1,71.4,66.7,6,2
S480,Data Structures,2,0,79.0,3,73.3,50.0,7,0
S480,OOP,0,1,13.5,1,68.8,100.0,0,2
S480,Data Structures,2,0,89.9,2,70.6,33.3,1,0
S480,Data Structures,0,1,31.3,1,66.7,25.0,0,1
S480,Loops,1,1,23.6,1,68.4,75.0,1,2
S480,Loops,0,1,13.2,1,70.0,80.0,2,2
S480,Loops,2,0,59.9,3,71.4,83.3,3,0
S480,Loops,0,1,17.9,1,68.2,71.4,0,2
S480,Variables,2,0,73.9,2,69.6,50.0,1,0
S480,Loops,0,1,12.4,1,66.7,75.0,0,2
S480,Variables,2,0,83.3,3,68.0,40.0,1,0
S480,OOP,2,0,57.2,2,65.4,100.0,0,1
S480,OOP,1,1,18.0,1,63.0,85.7,0,2
S480,Functions,2,1,51.7,1,64.3,64.3,1,2
S480,Functions,2,0,57.8,3,65.5,100.0,2,1
S480,Loops,1,1,19.7,1,63.3,77.8,0,2
S480,OOP,2,1,41.5,1,64.5,87.5,1,2
S480,Loops,2,0,66.3,2,65.6,80.0,2,0
S480,OOP,0,1,13.7,1,63.6,88.9,0,2
S480,Data Structures,2,0,81.6,2,64.7,40.0,1,0
S480,Functions,0,1,7.1,1,62.9,50.0,0,2
S480,Loops,2,0,61.2,3,63.9,72.7,1,0
S480,Functions,0,1,12.2,1,62.2,66.7,0,2
S480,Loops,2,0,76.9,3,63.2,66.7,1,0
S480,Data Structures,0,1,19.2,1,61.5,33.3,0,1
S481,Data Structures,1,0,40.6,2,60.0,60.0,0,0
S481,Loops,0,0,60.8,2,0.0,0.0,0,0
S481,Data Structures,0,0,19.1,3,0.0,0.0,0,0
S481,Functions,0,0,43.1,3,0.0,0.0,0,0
S481,Functions,2,0,149.8,2,0.0,0.0,0,0
S481,Variables,0,0,23.6,3,0.0,0.0,0,0
S481,Loops,0,0,20.1,3,0.0,0.0,0,0
S481,OOP,0,0,51.5,3,0.0,0.0,0,0
S481,OOP,2,0,92.6,2,0.0,0.0,0,0
S481,Functions,0,0,57.6,2,0.0,0.0,0,0
S481,Loops,0,0,41.6,2,0.0,0.0,0,0
S481,Loops,0,1,37.5,1,0.0,0.0,0,1
S481,Data Structures,1,0,79.6,3,8.3,0.0,1,0
S481,Functions,0,0,19.8,3,7.7,0.0,0,0
S481,Loops,0,0,44.6,1,7.1,25.0,0,0
S481,Loops,2,0,111.0,3,6.7,20.0,0,0
S481,Variables,0,0,41.5,3,6.2,0.0,0,0
S481,Loops,0,0,27.3,2,5.9,16.7,0,0
S481,Data Structures,0,0,21.5,3,5.6,0.0,0,0
S481,OOP,1,0,54.3,2,5.3,0.0,0,0
S481,Functions,0,1,33.3,1,5.0,0.0,0,1
S481,Functions,1,0,55.3,2,9.5,20.0,1,0
S481,Loops,0,0,52.7,3,9.1,14.3,0,0
S481,OOP,0,1,30.0,1,8.7,0.0,0,1
S481,Loops,1,0,55.5,2,12.5,12.5,1,0
S481,Loops,0,1,34.7,1,12.0,11.1,0,1
S481,Functions,1,0,74.5,2,15.4,16.7,1,0
S481,Variables,0,0,84.8,2,14.8,0.0,0,0
S481,Data Structures,0,1,21.4,1,14.3,0.0,0,1
S481,Variables,1,0,124.1,3,17.2,0.0,1,0
S481,Data Structures,2,0,85.6,3,16.7,20.0,0,0
S481,Functions,0,0,32.4,2,16.1,14.3,0,0
S481,Data Structures,0,1,28.6,2,15.6,16.7,0,1
S481,Loops,0,1,21.9,1,18.2,20.0,1,1
S481,Data Structures,1,0,114.5,2,20.6,28.6,2,0
S481,Loops,0,1,29.8,1,20.0,27.3,0,1
S481,Data Structures,1,1,31.9,1,22.2,25.0,1,1
S481,OOP,1,0,87.5,2,24.3,25.0,2,0
S481,Functions,1,0,49.7,3,23.7,12.5,0,0
S481,OOP,0,1,17.6,1,23.1,20.0,0,1
S482,Variables,1,1,39.2,1,60.0,60.0,0,2
S482,OOP,2,1,35.8,1,100.0,100.0,1,2
S482,Loops,2,1,33.3,3,100.0,100.0,2,2
S482,Data Structures,0,1,16.0,1,100.0,100.0,3,2
S482,Data Structures,2,0,51.0,2,100.0,100.0,4,1
S482,OOP,1,1,28.7,1,80.0,100.0,0,2
S482,Loops,2,0,39.3,2,83.3,100.0,1,2
S482,OOP,1,0,44.0,3,71.4,100.0,0,1
S482,Functions,0,1,15.5,1,62.5,62.5,0,2
S482,Variables,2,0,87.8,2,66.7,100.0,1,1
S482,Data Structures,1,1,26.7,1,60.0,50.0,0,2
S482,Loops,2,0,60.8,2,63.6,50.0,1,0
S482,Variables,0,1,15.1,1,58.3,50.0,0,2
S482,Variables,2,1,55.0,1,61.5,66.7,1,2
S482,Variables,2,0,88.1,2,64.3,75.0,2,0
S482,Loops,1,1,22.0,1,60.0,33.3,0,2
S482,OOP,2,0,61.7,1,62.5,66.7,1,1
S482,Loops,2,1,56.7,1,58.8,50.0,0,2
S482,OOP,2,0,75.2,3,61.1,50.0,1,0
S482,Functions,0,1,26.8,1,57.9,100.0,0,2
S482,Functions,2,0,70.2,3,60.0,100.0,1,0
S482,OOP,0,1,16.7,1,57.1,40.0,0,1
S482,Variables,1,0,47.3,2,59.1,60.0,1,0
S482,OOP,0,1,9.4,1,56.5,50.0,0,2
S482,Data Structures,0,1,11.8,1,58.3,66.7,1,2
S482,Variables,2,1,34.6,1,60.0,50.0,2,2
S482,OOP,2,1,43.3,1,61.5,57.1,3,2
S482,Loops,2,1,30.9,1,63.0,60.0,4,2
S482,Variables,2,0,48.8,2,64.3,57.1,5,0
S482,Loops,0,1,16.6,1,62.1,66.7,0,2
S482,OOP,2,0,41.9,2,63.3,62.5,1,0
S482,Data Structures,0,1,11.7,1,61.3,75.0,0,2
S482,Loops,2,0,53.1,3,62.5,71.4,1,0
S482,Data Structures,0,1,17.9,1,60.6,80.0,0,2
S482,Data Structures,2,0,58.7,3,61.8,83.3,1,0
S482,OOP,0,1,10.4,1,60.0,55.6,0,2
S482,OOP,2,0,76.8,3,61.1,60.0,1,0
S482,Variables,0,1,16.3,1,59.5,50.0,0,2
S482,Loops,0,1,15.0,1,60.5,62.5,1,2
S482,OOP,0,1,16.1,1,61.5,54.5,2,2
S483,Variables,1,1,34.6,1,60.0,60.0,0,2
S483,Functions,1,0,40.7,1,100.0,100.0,1,1
S483,OOP,2,0,42.9,2,50.0,50.0,0,0
S483,Data Structures,0,1,23.5,1,33.3,33.3,0,1
S483,OOP,1,1,27.4,1,50.0,0.0,1,1
S483,Loops,1,1,31.7,1,60.0,60.0,2,2
S483,Loops,2,0,56.8,3,66.7,100.0,3,1
S483,Variables,1,1,20.8,1,57.1,100.0,0,2
S483,Data Structures,2,1,50.7,1,62.5,100.0,1,2
S483,Variables,2,1,50.3,1,66.7,100.0,2,2
S483,OOP,2,1,28.9,1,70.0,50.0,3,2
S483,Functions,2,0,45.0,2,72.7,0.0,4,0
S483,Variables,1,1,38.0,1,66.7,100.0,0,2
S483,Loops,2,0,46.0,2,69.2,50.0,1,0
S483,Variables,0,1,25.1,1,64.3,100.0,0,2
S483,Functions,2,1,38.3,1,66.7,0.0,1,1
S483,Data Structures,0,1,21.8,1,68.8,100.0,2,2
S483,Variables,2,0,61.6,3,70.6,100.0,3,1
S483,Functions,2,1,20.4,1,66.7,33.3,0,2
S483,Functions,2,0,63.8,2,68.4,50.0,1,0
S483,Data Structures,0,1,10.5,1,65.0,100.0,0,2
S483,OOP,1,1,20.4,1,66.7,66.7,1,2
S483,Data Structures,2,0,55.2,2,68.2,100.0,2,1
S483,OOP,1,1,14.4,1,65.2,75.0,0,2
S483,Functions,2,0,39.7,2,66.7,40.0,1,0
S483,Data Structures,2,0,52.3,1,64.0,80.0,0,1
S483,Loops,1,1,38.5,1,61.5,33.3,0,1
S483,Loops,1,1,27.6,1,63.0,50.0,1,2
S483,OOP,2,0,72.1,2,64.3,80.0,2,0
S483,Data Structures,0,1,15.1,1,62.1,66.7,0,2
S483,OOP,2,0,78.4,2,63.3,66.7,1,0
S483,OOP,0,1,18.9,1,61.3,57.1,0,2
S483,Variables,2,0,68.6,2,62.5,83.3,1,0
S483,Functions,1,1,27.1,1,60.6,33.3,0,2
S483,Functions,2,0,29.5,3,61.8,42.9,1,0
S483,Variables,0,1,20.8,1,60.0,71.4,0,2
S483,Data Structures,2,0,52.6,2,61.1,71.4,1,0
S483,Variables,0,1,17.2,1,59.5,75.0,0,2
S483,OOP,2,0,59.9,2,60.5,62.5,1,0
S483,Functions,0,1,15.5,1,59.0,37.5,0,1
S484,Loops,1,1,20.4,1,60.0,60.0,0,2
S484,Functions,2,0,77.8,2,100.0,100.0,1,1
S484,OOP,1,1,13.5,1,50.0,50.0,0,2
S484,Data Structures,0,0,19.7,3,66.7,66.7,1,0
S484,Variables,1,0,65.0,2,50.0,50.0,0,0
S484,OOP,0,1,17.5,1,40.0,100.0,0,2
S484,Variables,2,0,81.0,2,50.0,0.0,1,0
S484,Data Structures,0,1,19.5,1,42.9,0.0,0,1
S484,Loops,1,1,16.4,1,50.0,100.0,1,2
S484,Functions,2,0,102.2,2,55.6,0.0,2,0
S484,Variables,1,1,23.0,2,50.0,0.0,0,1
S484,Variables,1,1,28.3,1,54.5,33.3,1,1
S484,Variables,1,1,30.4,1,58.3,50.0,2,2
S484,OOP,2,1,16.4,1,61.5,100.0,3,2
S484,Functions,0,1,26.6,1,64.3,0.0,4,1
S484,Data Structures,2,0,55.5,2,66.7,50.0,5,0
S484,Loops,0,1,6.7,1,62.5,100.0,0,2
S484,Functions,2,0,58.6,1,64.7,33.3,1,0
S484,OOP,0,1,11.4,1,61.1,100.0,0,2
S484,OOP,2,1,29.4,1,63.2,100.0,1,2
S484,OOP,2,1,31.9,1,65.0,100.0,2,2
S484,Variables,0,1,12.5,1,66.7,60.0,3,2
S484,Functions,2,0,109.0,3,68.2,25.0,4,0
S484,OOP,1,1,20.1,1,65.2,100.0,0,2
S484,Data Structures,2,1,49.8,1,66.7,33.3,1,2
S484,Variables,2,0,29.2,2,68.0,66.7,2,0
S484,Functions,1,1,23.3,1,65.4,20.0,0,1
S484,Functions,1,0,71.1,2,66.7,33.3,1,0
S484,Data Structures,0,1,15.7,1,64.3,50.0,0,2
S484,Variables,0,1,13.3,1,65.5,57.1,1,2
S484,Loops,2,0,58.4,3,66.7,100.0,2,1
S484,Data Structures,1,1,41.5,1,64.5,60.0,0,2
S484,Loops,2,1,25.2,1,65.6,75.0,1,2
S484,Variables,1,0,31.2,3,66.7,62.5,2,0
S484,Functions,0,1,22.6,1,64.7,28.6,0,1
S484,Loops,1,1,13.7,1,65.7,80.0,1,2
S484,Functions,1,1,32.7,1,66.7,37.5,2,2
S484,Variables,2,1,41.5,1,67.6,55.6,3,2
S484,Functions,2,0,78.5,3,68.4,44.4,4,0
S484,OOP,0,1,14.7,1,66.7,100.0,0,2
S485,Loops,1,1,34.7,1,60.0,60.0,0,2
S485,OOP,2,0,105.3,3,100.0,100.0,1,1
S485,Variables,2,0,61.4,3,50.0,50.0,0,0
S485,Variables,0,0,29.5,3,33.3,0.0,0,0
S485,Variables,0,0,35.9,2,25.0,0.0,0,0
S485,Data Structures,1,0,93.8,3,20.0,20.0,0,0
S485,Functions,0,1,41.4,1,16.7,16.7,0,1
S485,Variables,1,1,38.2,1,28.6,0.0,1,1
S485,Loops,1,0,47.6,3,37.5,100.0,2,0
S485,OOP,0,1,20.2,1,33.3,0.0,0,1
S485,OOP,1,0,86.0,2,40.0,50.0,1,0
S485,Loops,0,1,15.6,1,36.4,50.0,0,0
S485,Functions,0,1,23.9,1,41.7,100.0,1,2
S485,Functions,2,0,70.5,2,46.2,100.0,2,0
S485,OOP,0,0,49.8,2,42.9,33.3,0,0
S485,OOP,0,1,30.4,1,40.0,25.0,0,1
S485,Loops,1,0,49.1,1,43.8,66.7,1,0
S485,Loops,0,1,30.3,1,41.2,50.0,0,2
S485,Loops,2,0,82.9,2,44.4,60.0,1,0
S485,OOP,0,0,17.8,3,42.1,40.0,0,0
S485,Variables,0,1,25.9,1,40.0,25.0,0,1
S485,Data Structures,1,0,88.4,2,42.9,0.0,1,0
S485,Data Structures,0,0,42.4,2,40.9,0.0,0,0
S485,Variables,0,1,23.0,1,39.1,40.0,0,1
S485,Loops,1,0,65.9,3,41.7,50.0,1,0
S485,OOP,1,0,45.8,2,40.0,33.3,0,0
S485,Variables,0,0,44.4,2,38.5,50.0,0,0
S485,Functions,0,0,28.6,1,37.0,66.7,0,0
S485,Functions,1,0,51.2,3,35.7,50.0,0,1
S485,Variables,1,0,79.5,3,34.5,42.9,0,0
S485,OOP,0,1,22.3,1,33.3,28.6,0,1
S485,Functions,1,0,29.8,1,35.5,40.0,1,0
S485,Variables,2,0,101.0,2,34.4,37.5,0,0
S485,OOP,0,1,31.8,1,33.3,37.5,0,1
S485,Loops,2,0,114.9,2,35.3,42.9,1,0
S485,Loops,0,1,18.9,1,34.3,37.5,0,1
S485,OOP,1,0,57.3,2,36.1,44.4,1,0
S485,Functions,0,1,23.8,1,35.1,33.3,0,1
S485,Variables,1,0,68.0,2,36.8,33.3,1,0
S485,Loops,0,1,17.1,1,35.9,44.4,0,1
S486,Data Structures,1,1,25.4,1,60.0,60.0,0,2
S486,Loops,2,1,60.9,1,100.0,100.0,1,2
S486,Functions,2,0,68.1,2,100.0,100.0,2,1
S486,OOP,0,1,8.7,1,66.7,66.7,0,2
S486,Data Structures,2,0,53.9,3,75.0,100.0,1,1
S486,Loops,1,1,27.4,1,60.0,100.0,0,2
S486,Loops,2,1,66.2,1,66.7,100.0,1,2
S486,Data Structures,2,0,77.3,2,71.4,50.0,2,0
S486,Functions,0,1,16.7,1,62.5,0.0,0,1
S486,Functions,1,1,32.0,1,66.7,50.0,1,2
S486,Functions,2,0,79.3,3,70.0,66.7,2,0
S486,Data Structures,0,1,12.3,1,63.6,33.3,0,1
S486,Variables,1,0,77.3,2,66.7,66.7,1,0
S486,Variables,0,1,14.1,1,61.5,0.0,0,1
S486,Loops,0,1,11.0,1,64.3,100.0,1,2
S486,Variables,2,1,43.1,1,66.7,50.0,2,2
S486,Functions,2,1,45.1,1,68.8,50.0,3,2
S486,OOP,1,1,29.7,1,70.6,100.0,4,2
S486,OOP,2,0,42.7,1,72.2,100.0,5,1
S486,Functions,1,1,34.8,1,68.4,60.0,0,2
S486,Variables,2,1,68.9,1,70.0,66.7,1,2
S486,Variables,1,0,46.5,2,71.4,75.0,2,0
S486,Loops,0,1,13.2,1,68.2,100.0,0,2
S486,Loops,2,0,41.0,3,69.6,100.0,1,1
S486,Data Structures,1,0,47.6,2,66.7,50.0,0,0
S486,Loops,0,1,17.9,1,64.0,83.3,0,2
S486,Loops,2,0,55.0,3,65.4,85.7,1,0
S486,OOP,0,1,13.8,1,63.0,66.7,0,2
S486,Functions,2,1,46.6,3,64.3,66.7,1,2
S486,Functions,1,0,60.3,1,65.5,71.4,2,0
S486,Variables,0,0,20.2,1,63.3,60.0,0,0
S486,Variables,0,1,15.8,1,61.3,50.0,0,2
S486,Functions,2,0,58.2,3,62.5,62.5,1,0
S486,Loops,1,1,21.5,1,60.6,75.0,0,2
S486,Data Structures,0,1,13.8,1,61.8,40.0,1,1
S486,Data Structures,0,1,11.2,1,62.9,50.0,2,2
S486,Data Structures,2,0,50.1,3,63.9,57.1,3,0
S486,Functions,0,1,10.8,1,62.2,55.6,0,2
S486,Variables,0,0,34.9,3,63.2,57.1,1,0
S486,Functions,0,1,21.1,1,61.5,60.0,0,2
S487,Data Structures,1,1,29.9,1,60.0,60.0,0,2
S487,OOP,2,0,50.5,3,100.0,100.0,1,1
S487,Loops,1,1,30.4,2,50.0,50.0,0,1
S487,Data Structures,1,1,19.6,3,66.7,100.0,1,2
S487,Data Structures,2,0,44.4,3,75.0,100.0,2,1
S487,OOP,0,1,21.9,1,60.0,0.0,0,1
S487,Variables,1,1,24.2,1,66.7,66.7,1,1
S487,OOP,1,1,30.3,1,71.4,50.0,2,2
S487,Data Structures,2,0,61.5,2,75.0,66.7,3,0
S487,Functions,0,1,9.3,1,66.7,66.7,0,2
S487,Data Structures,2,1,51.2,1,70.0,50.0,1,2
S487,Variables,2,0,55.8,2,72.7,100.0,2,1
S487,Variables,1,1,53.1,1,66.7,50.0,0,2
S487,Functions,2,0,40.5,2,69.2,100.0,1,0
S487,Data Structures,0,1,13.4,1,64.3,60.0,0,2
S487,Data Structures,2,0,33.4,3,66.7,66.7,1,0
S487,Loops,0,1,22.8,1,62.5,100.0,0,2
S487,Loops,1,1,31.0,1,64.7,100.0,1,2
S487,Variables,2,0,56.5,2,66.7,66.7,2,0
S487,OOP,0,1,21.9,1,63.2,66.7,0,2
S487,Functions,2,1,22.7,1,65.0,50.0,1,2
S487,Loops,2,0,77.0,3,66.7,100.0,2,0
S487,OOP,0,1,20.0,1,63.6,75.0,0,1
S487,Variables,1,1,35.9,1,65.2,50.0,1,2
S487,Variables,2,0,57.6,2,66.7,60.0,2,0
S487,OOP,1,1,25.0,1,64.0,80.0,0,2
S487,OOP,2,0,75.6,1,65.4,83.3,1,1
S487,Loops,1,0,55.3,3,63.0,75.0,0,0
S487,Data Structures,0,1,11.1,1,60.7,57.1,0,2
S487,Variables,2,0,61.2,3,62.1,50.0,1,0
S487,Loops,0,1,21.5,1,60.0,60.0,0,2
S487,OOP,2,1,26.1,1,61.3,71.4,1,2
S487,Data Structures,0,1,19.2,2,62.5,62.5,2,1
S487,Variables,1,0,25.9,1,63.6,42.9,3,0
S487,Functions,1,1,18.1,1,61.8,66.7,0,2
S487,Functions,1,1,18.0,1,62.9,75.0,1,2
S487,Variables,2,1,50.9,1,63.9,37.5,2,2
S487,Data Structures,2,1,32.5,1,64.9,66.7,3,2
S487,Variables,2,0,91.2,2,65.8,44.4,4,0
S487,Data Structures,0,1,31.3,1,64.1,70.0,0,2
S488,Loops,1,0,60.6,3,60.0,60.0,0,0
S488,Data Structures,0,0,23.4,2,0.0,0.0,0,0
S488,Data Structures,2,0,76.5,2,0.0,0.0,0,0
S488,Functions,2,0,68.8,2,0.0,0.0,0,0
S488,Functions,0,0,20.8,2,0.0,0.0,0,0
S488,Data Structures,0,1,44.2,1,0.0,0.0,0,2
S488,Data Structures,2,0,68.2,2,16.7,33.3,1,0
S488,Data Structures,0,1,26.1,3,14.3,25.0,0,1
S488,Functions,0,0,36.7,1,25.0,0.0,1,0
S488,Data Structures,0,0,22.4,2,22.2,40.0,0,0
S488,Functions,1,0,33.2,3,20.0,0.0,0,0
S488,Variables,0,1,36.6,1,18.2,18.2,0,1
S488,Data Structures,2,0,98.8,2,25.0,33.3,1,0
S488,Functions,0,0,30.5,2,23.1,0.0,0,0
S488,Variables,0,0,38.8,3,21.4,100.0,0,0
S488,Variables,0,1,20.9,1,20.0,50.0,0,1
S488,Variables,1,0,62.5,1,25.0,66.7,1,0
S488,Data Structures,1,0,45.4,2,23.5,28.6,0,0
S488,Data Structures,0,0,29.8,3,22.2,25.0,0,0
S488,Loops,0,0,56.6,3,21.1,0.0,0,0
S488,OOP,0,1,25.1,1,20.0,20.0,0,1
S488,Loops,1,0,38.2,3,23.8,0.0,1,0
S488,Data Structures,0,1,23.9,1,22.7,22.2,0,1
S488,OOP,1,0,69.5,3,26.1,100.0,1,0
S488,Loops,2,0,111.5,3,25.0,0.0,0,0
S488,Variables,2,0,90.7,3,24.0,50.0,0,0
S488,OOP,0,1,23.3,1,23.1,50.0,0,1
S488,Data Structures,1,0,77.0,2,25.9,30.0,1,0
S488,Functions,0,1,28.0,1,25.0,0.0,0,1
S488,OOP,1,0,59.1,3,27.6,66.7,1,0
S488,Data Structures,0,1,13.1,1,26.7,27.3,0,1
S488,Variables,1,0,24.6,3,29.0,40.0,1,0
S488,Functions,0,0,26.3,2,28.1,16.7,0,0
S488,OOP,0,1,43.5,1,27.3,50.0,0,1
S488,OOP,1,0,51.9,2,29.4,60.0,1,0
S488,Loops,0,1,27.9,1,28.6,0.0,0,1
S488,OOP,1,1,43.1,1,30.6,50.0,1,1
S488,Data Structures,0,1,20.6,1,32.4,33.3,2,1
S488,OOP,1,0,73.4,2,34.2,57.1,3,0
S488,Functions,0,0,20.0,3,33.3,14.3,0,0
S489,Functions,1,1,33.7,1,60.0,60.0,0,2
S489,Functions,2,0,98.2,3,100.0,100.0,1,1
S489,OOP,1,1,25.1,1,50.0,50.0,0,2
S489,OOP,2,0,51.2,3,66.7,100.0,1,2
S489,Functions,2,0,48.5,2,50.0,50.0,0,0
S489,OOP,0,0,28.9,2,40.0,50.0,0,0
S489,Data Structures,0,0,25.5,3,33.3,33.3,0,0
S489,Data Structures,0,1,25.1,1,28.6,0.0,0,1
S489,Data Structures,1,0,85.3,2,37.5,50.0,1,0
S489,OOP,0,1,14.6,1,33.3,33.3,0,1
S489,Functions,0,1,23.5,1,40.0,33.3,1,1
S489,Data Structures,2,0,82.9,3,45.5,33.3,2,0
S489,Loops,0,1,24.2,1,41.7,41.7,0,1
S489,Loops,0,1,10.6,1,46.2,100.0,1,2
S489,Functions,2,0,130.7,2,50.0,50.0,2,0
S489,Data Structures,1,0,63.0,2,46.7,25.0,0,0
S489,Variables,0,1,27.0,1,43.8,43.8,0,1
S489,Loops,1,1,30.2,1,47.1,100.0,1,2
S489,OOP,2,0,98.9,3,50.0,50.0,2,0
S489,Functions,0,1,17.7,2,47.4,40.0,0,1
S489,Data Structures,1,0,84.1,2,50.0,20.0,1,0
S489,Functions,2,0,64.6,3,47.6,50.0,0,0
S489,Functions,0,1,17.4,1,45.5,42.9,0,1
S489,OOP,1,1,31.8,1,47.8,40.0,1,0
S489,Variables,0,0,43.5,3,50.0,100.0,2,0
S489,Functions,0,1,44.9,1,48.0,50.0,0,1
S489,OOP,0,1,17.7,1,50.0,50.0,1,1
S489,Data Structures,1,1,47.1,1,51.9,16.7,2,1
S489,Functions,1,1,32.9,1,53.6,55.6,3,2
S489,Loops,2,1,41.2,1,55.2,100.0,4,2
S489,OOP,2,0,67.9,3,56.7,57.1,5,0
S489,Loops,1,1,33.7,1,54.8,100.0,0,2
S489,Loops,2,0,80.9,2,56.2,100.0,1,0
S489,OOP,0,1,12.3,1,54.5,50.0,0,2
S489,Variables,2,0,110.1,2,55.9,50.0,1,0
S489,Variables,0,0,33.5,3,54.3,33.3,0,0
S489,Variables,0,1,20.9,1,52.8,25.0,0,1
S489,Variables,1,0,62.5,3,54.1,40.0,1,0
S489,Functions,0,1,23.5,1,52.6,60.0,0,2
S489,Variables,1,0,30.7,2,53.8,33.3,1,0
S490,Loops,1,1,32.3,1,60.0,60.0,0,2
S490,Data Structures,2,0,45.8,3,100.0,100.0,1,1
S490,Data Structures,1,0,52.1,3,50.0,0.0,0,0
S490,OOP,0,1,7.8,1,33.3,33.3,0,1
S490,Functions,1,1,34.8,1,50.0,50.0,1,2
S490,OOP,2,1,35.0,1,60.0,100.0,2,2
S490,Loops,2,1,51.9,1,66.7,100.0,3,2
S490,Data Structures,0,1,14.0,1,71.4,0.0,4,1
S490,Functions,2,0,77.4,2,75.0,100.0,5,1
S490,OOP,1,1,26.5,1,66.7,100.0,0,2
S490,Functions,2,0,72.9,1,70.0,50.0,1,0
S490,Functions,0,1,17.4,2,63.6,33.3,0,1
S490,Functions,1,1,38.9,1,66.7,50.0,1,2
S490,OOP,2,1,72.2,1,69.2,100.0,2,2
S490,Loops,2,0,71.3,1,71.4,100.0,3,1
S490,Data Structures,1,0,41.9,1,66.7,33.3,0,0
S490,OOP,0,1,28.1,1,62.5,100.0,0,2
S490,Variables,2,0,57.3,2,64.7,64.7,1,0
S490,Loops,1,1,23.5,1,61.1,66.7,0,2
S490,Data Structures,2,0,69.6,3,63.2,25.0,1,0
S490,OOP,0,1,9.4,1,60.0,100.0,0,2
S490,Variables,2,0,42.0,3,61.9,0.0,1,0
S490,Loops,0,1,22.2,1,59.1,75.0,0,2
S490,Loops,0,1,16.1,3,60.9,80.0,1,2
S490,Functions,2,0,97.4,3,62.5,60.0,2,0
S490,OOP,0,1,11.6,1,60.0,100.0,0,2
S490,Functions,2,0,38.0,3,61.5,50.0,1,0
S490,Functions,0,0,28.3,3,59.3,42.9,0,0
S490,OOP,0,1,17.6,1,57.1,100.0,0,2
S490,Loops,2,0,55.6,2,58.6,83.3,1,0
S490,Variables,0,1,26.4,1,56.7,0.0,0,1
S490,Variables,1,1,16.6,1,58.1,33.3,1,2
S490,OOP,1,1,18.2,1,59.4,100.0,2,2
S490,Variables,2,0,52.6,3,60.6,50.0,3,0
S490,Variables,0,1,14.8,1,58.8,40.0,0,1
S490,Loops,1,1,28.6,1,60.0,71.4,1,2
S490,Data Structures,2,0,85.3,2,61.1,20.0,2,0
S490,Variables,0,1,17.2,1,59.5,50.0,0,2
S490,Loops,2,0,67.4,2,60.5,75.0,1,0
S490,OOP,0,1,17.8,1,59.0,100.0,0,2
S491,Variables,1,1,19.6,1,60.0,60.0,0,2
S491,Variables,2,1,30.9,1,100.0,100.0,1,2
S491,Loops,2,0,72.3,2,100.0,100.0,2,1
S491,OOP,1,0,49.0,3,66.7,66.7,0,0
S491,Loops,0,1,18.7,1,50.0,0.0,0,1
S491,Functions,1,0,42.3,2,60.0,60.0,1,0
S491,Variables,0,1,12.1,1,50.0,100.0,0,2
S491,OOP,2,1,44.4,1,57.1,0.0,1,0
S491,Variables,0,1,10.9,1,62.5,100.0,2,2
S491,Loops,2,0,46.9,2,66.7,50.0,3,0
S491,Loops,0,1,16.4,1,60.0,33.3,0,1
S491,Data Structures,1,0,69.3,2,63.6,63.6,1,0
S491,Variables,0,1,14.5,1,58.3,100.0,0,2
S491,Functions,0,1,25.7,1,61.5,0.0,1,1
S491,Loops,1,1,29.6,1,64.3,50.0,2,2
S491,Variables,2,1,40.2,1,66.7,100.0,3,2
S491,Loops,2,0,88.5,2,68.8,60.0,4,0
S491,Data Structures,0,1,34.4,1,64.7,0.0,0,1
S491,Functions,1,0,44.0,2,66.7,50.0,1,0
S491,Data Structures,2,0,61.8,2,63.2,50.0,0,1
S491,Data Structures,1,0,43.0,2,60.0,33.3,0,0
S491,Functions,0,1,19.3,1,57.1,33.3,0,1
S491,Functions,1,0,47.0,2,59.1,50.0,1,0
S491,OOP,0,1,17.9,1,56.5,50.0,0,1
S491,Variables,1,1,29.2,1,58.3,100.0,1,2
S491,OOP,2,1,43.9,3,60.0,66.7,2,2
S491,Loops,1,1,45.2,1,61.5,50.0,3,2
S491,Functions,2,0,83.2,3,63.0,40.0,4,0
S491,OOP,0,1,11.4,1,60.7,75.0,0,2
S491,Variables,2,0,40.0,2,62.1,100.0,1,1
S491,Data Structures,1,1,35.4,1,60.0,25.0,0,1
S491,Loops,1,1,29.5,1,61.3,57.1,1,2
S491,OOP,2,0,53.6,3,62.5,80.0,2,0
S491,Data Structures,0,1,26.6,1,60.6,40.0,0,0
S491,Functions,0,1,12.9,1,61.8,33.3,1,1
S491,OOP,1,1,18.5,1,62.9,66.7,2,2
S491,Variables,2,0,52.9,3,63.9,87.5,3,0
S491,Data Structures,0,1,26.5,1,62.2,50.0,0,1
S491,Data Structures,1,0,41.4,2,63.2,57.1,1,0
S491,Data Structures,0,0,22.3,2,61.5,50.0,0,0
S492,Data Structures,1,1,15.8,1,60.0,60.0,0,2
S492,Variables,2,1,31.7,1,100.0,100.0,1,2
S492,Loops,2,1,18.6,1,100.0,100.0,2,2
S492,OOP,2,0,32.7,3,100.0,100.0,3,1
S492,OOP,1,1,16.9,1,75.0,0.0,0,1
S492,Data Structures,2,1,12.6,1,80.0,100.0,1,2
S492,Variables,2,0,34.2,2,83.3,100.0,2,1
S492,Functions,1,1,18.1,1,71.4,71.4,0,2
S492,OOP,0,1,6.9,1,75.0,50.0,1,2
S492,Variables,2,1,24.5,1,77.8,50.0,2,2
S492,Functions,1,1,18.0,3,80.0,100.0,3,2
S492,Loops,2,1,20.9,1,81.8,100.0,4,2
S492,Loops,2,1,18.2,1,83.3,100.0,5,2
S492,Loops,2,0,29.7,3,84.6,100.0,6,2
S492,Functions,2,1,31.4,3,78.6,100.0,0,2
S492,Data Structures,2,1,22.2,1,80.0,100.0,1,2
S492,OOP,1,1,24.1,1,81.2,66.7,2,2
S492,Data Structures,2,1,26.2,1,82.4,100.0,3,2
S492,Loops,2,1,27.8,1,83.3,75.0,4,2
S492,Data Structures,2,1,33.9,1,84.2,100.0,5,2
S492,Variables,2,1,23.9,1,85.0,66.7,6,2
S492,Loops,2,1,28.0,1,85.7,80.0,7,2
S492,Functions,1,1,21.4,1,86.4,100.0,8,2
S492,OOP,0,1,10.7,1,87.0,75.0,9,2
S492,Functions,2,1,29.0,1,87.5,100.0,10,2
S492,Functions,2,1,41.8,1,88.0,100.0,11,2
S492,Variables,2,1,22.3,1,88.5,75.0,12,2
S492,Functions,0,1,6.8,1,88.9,100.0,13,1
S492,Data Structures,1,1,15.9,1,89.3,100.0,14,2
S492,OOP,0,1,15.6,1,89.7,80.0,15,2
S492,Functions,2,1,35.3,1,90.0,100.0,16,2
S492,OOP,2,1,44.2,1,90.3,83.3,17,2
S492,OOP,2,1,39.1,1,90.6,85.7,18,2
S492,Functions,2,1,27.1,1,90.9,100.0,19,2
S492,Functions,2,1,29.3,1,91.2,100.0,20,2
S492,Data Structures,2,1,17.6,1,91.4,100.0,21,2
S492,Loops,2,1,31.5,1,91.7,83.3,22,2
S492,Functions,0,1,13.5,1,91.9,100.0,23,2
S492,Loops,2,1,33.1,1,92.1,85.7,24,2
S492,Loops,2,1,16.3,1,92.3,87.5,25,2
S493,Loops,1,1,31.2,1,60.0,60.0,0,2
S493,Loops,2,0,154.1,2,100.0,100.0,1,1
S493,Functions,0,0,36.0,2,50.0,50.0,0,0
S493,Functions,0,1,17.9,1,33.3,0.0,0,1
S493,Data Structures,1,0,58.1,2,50.0,50.0,1,0
S493,Loops,0,1,14.6,3,40.0,50.0,0,1
S493,Data Structures,1,0,57.0,2,50.0,0.0,1,0
S493,Data Structures,0,1,31.4,1,42.9,0.0,0,1
S493,Functions,1,0,73.0,2,50.0,50.0,1,0
S493,Data Structures,0,1,28.5,1,44.4,33.3,0,1
S493,Variables,1,0,101.6,2,50.0,50.0,1,0
S493,Data Structures,0,1,27.1,1,45.5,50.0,0,1
S493,Data Structures,1,0,83.4,2,50.0,60.0,1,0
S493,Loops,0,1,23.1,3,46.2,66.7,0,1
S493,Loops,2,0,90.0,2,50.0,75.0,1,0
S493,Functions,0,1,37.5,1,46.7,33.3,0,0
S493,Loops,0,0,35.9,3,50.0,60.0,1,0
S493,Variables,0,0,49.0,2,47.1,0.0,0,0
S493,Loops,0,1,20.8,1,44.4,50.0,0,1
S493,OOP,1,1,31.7,1,47.4,47.4,1,2
S493,Data Structures,1,0,48.8,3,50.0,50.0,2,0
S493,Functions,0,0,28.9,3,47.6,50.0,0,0
S493,Data Structures,1,0,56.9,2,45.5,42.9,0,0
S493,Loops,2,0,64.5,3,43.5,57.1,0,0
S493,Variables,2,0,66.0,1,41.7,0.0,0,0
S493,Variables,1,1,59.3,1,40.0,0.0,0,1
S493,Data Structures,1,0,72.0,1,42.3,37.5,1,0
S493,Variables,0,1,31.2,1,40.7,25.0,0,1
S493,OOP,1,1,46.1,1,42.9,100.0,1,2
S493,Loops,2,0,43.6,3,44.8,50.0,2,0
S493,Data Structures,0,1,30.1,1,43.3,33.3,0,1
S493,OOP,0,1,23.9,1,45.2,100.0,1,2
S493,Loops,2,0,69.9,3,46.9,44.4,2,0
S493,Data Structures,0,1,21.6,1,45.5,40.0,0,1
S493,Loops,1,0,59.6,3,47.1,40.0,1,0
S493,Functions,0,1,38.5,1,45.7,40.0,0,1
S493,Loops,1,0,39.9,2,47.2,36.4,1,1
S493,Variables,1,0,81.4,2,45.9,40.0,0,0
S493,Functions,2,0,83.6,3,44.7,50.0,0,0
S493,Variables,0,0,38.3,3,43.6,33.3,0,0
S494,Functions,1,1,30.4,1,60.0,60.0,0,2
S494,Variables,2,0,76.5,2,100.0,100.0,1,1
S494,Functions,1,1,39.5,1,50.0,100.0,0,2
S494,Functions,2,0,79.2,3,66.7,100.0,1,0
S494,Loops,1,0,34.2,3,50.0,50.0,0,0
S494,Variables,0,1,23.5,1,40.0,0.0,0,1
S494,OOP,0,1,14.0,1,50.0,50.0,1,2
S494,Data Structures,2,0,85.3,2,57.1,57.1,2,0
S494,Variables,0,1,23.5,1,50.0,50.0,0,1
S494,Functions,1,1,22.2,1,55.6,66.7,1,2
S494,Loops,2,0,76.8,3,60.0,0.0,2,0
S494,Data Structures,0,1,18.9,1,54.5,0.0,0,1
S494,Data Structures,1,1,41.5,1,58.3,50.0,1,2
S494,Data Structures,2,0,69.4,2,61.5,66.7,2,0
S494,Data Structures,0,1,12.6,1,57.1,50.0,0,2
S494,Variables,2,1,45.6,1,60.0,66.7,1,2
S494,Loops,2,0,61.4,2,62.5,0.0,2,0
S494,Loops,0,1,16.3,1,58.8,0.0,0,1
S494,Loops,1,0,23.4,2,61.1,25.0,1,1
S494,Functions,0,1,29.8,1,57.9,75.0,0,2
S494,OOP,0,0,24.4,1,60.0,100.0,1,1
S494,OOP,1,1,31.9,1,57.1,50.0,0,2
S494,Loops,2,0,61.6,1,59.1,20.0,1,0
S494,Data Structures,2,0,48.5,2,56.5,60.0,0,0
S494,Variables,0,1,15.5,1,54.2,75.0,0,2
S494,Loops,2,0,85.1,3,56.0,16.7,1,0
S494,Variables,0,1,17.1,1,53.8,80.0,0,2
S494,Variables,0,1,15.0,1,55.6,83.3,1,2
S494,Variables,2,0,105.5,2,57.1,85.7,2,0
S494,Variables,0,1,16.4,1,55.2,75.0,0,2
S494,Data Structures,0,1,18.8,1,56.7,50.0,1,1
S494,Variables,1,1,40.6,1,58.1,77.8,2,2
S494,Variables,2,0,44.7,1,59.4,80.0,3,1
S494,Loops,1,0,34.0,3,57.6,14.3,0,0
S494,Functions,2,1,36.1,1,55.9,80.0,0,2
S494,OOP,2,0,68.2,1,57.1,66.7,1,0
S494,Data Structures,0,1,18.1,1,55.6,57.1,0,2
S494,Variables,2,0,40.7,2,56.8,72.7,1,0
S494,Functions,1,1,24.8,1,55.3,83.3,0,2
S494,Variables,0,1,15.6,1,56.4,66.7,1,2
S495,Variables,1,0,43.3,3,60.0,60.0,0,0
S495,OOP,1,1,41.3,2,0.0,0.0,0,1
S495,OOP,1,0,54.2,1,50.0,100.0,1,1
S495,Variables,0,1,19.6,1,33.3,0.0,0,1
S495,OOP,1,0,43.3,3,50.0,50.0,1,0
S495,Variables,0,1,20.5,1,40.0,50.0,0,1
S495,Data Structures,2,0,80.3,2,50.0,50.0,1,0
S495,OOP,1,1,29.4,1,42.9,33.3,0,1
S495,Functions,0,1,35.1,1,50.0,50.0,1,1
S495,OOP,2,0,83.4,3,55.6,50.0,2,0
S495,Data Structures,2,0,86.4,3,50.0,0.0,0,0
S495,Functions,0,0,37.9,2,45.5,100.0,0,0
S495,Data Structures,0,1,17.6,1,41.7,0.0,0,1
S495,OOP,0,1,19.3,1,46.2,40.0,1,1
S495,Loops,1,1,20.5,1,50.0,50.0,2,2
S495,Data Structures,2,0,53.5,3,53.3,33.3,3,0
S495,OOP,0,1,18.7,1,50.0,50.0,0,1
S495,Data Structures,0,1,13.8,1,52.9,25.0,1,1
S495,Variables,1,1,46.2,1,55.6,66.7,2,2
S495,OOP,2,0,53.9,3,57.9,57.1,3,0
S495,OOP,2,0,74.5,3,55.0,50.0,0,0
S495,OOP,0,1,10.3,1,52.4,44.4,0,2
S495,OOP,2,0,81.1,2,54.5,50.0,1,0
S495,Data Structures,0,1,19.4,1,52.2,40.0,0,1
S495,Functions,1,1,39.0,1,54.2,50.0,1,2
S495,OOP,1,0,44.2,2,56.0,45.5,2,0
S495,Functions,0,1,15.4,1,53.8,66.7,0,2
S495,Variables,2,0,61.3,3,55.6,75.0,1,0
S495,Data Structures,0,1,17.3,1,53.6,50.0,0,1
S495,OOP,1,1,26.3,1,55.2,41.7,1,2
S495,Functions,2,0,99.5,2,56.7,75.0,2,0
S495,Functions,0,0,31.0,3,54.8,60.0,0,0
S495,Loops,0,1,14.7,1,53.1,100.0,0,2
S495,Loops,2,0,59.0,2,54.5,100.0,1,1
S495,Loops,0,1,14.4,1,52.9,66.7,0,2
S495,Variables,2,0,93.8,2,54.3,60.0,1,0
S495,Variables,2,0,119.6,3,52.8,50.0,0,0
S495,Data Structures,2,1,74.0,1,51.4,57.1,0,2
S495,Variables,2,0,86.6,2,52.6,42.9,1,0
S495,Variables,2,0,85.9,2,51.3,37.5,0,0
S496,Variables,1,1,43.8,1,60.0,60.0,0,2
S496,Functions,2,0,122.2,3,100.0,100.0,1,1
S496,Functions,1,0,165.3,2,50.0,0.0,0,0
S496,Data Structures,0,0,51.9,3,33.3,33.3,0,0
S496,OOP,0,1,24.2,1,25.0,25.0,0,1
S496,OOP,1,0,41.3,2,40.0,100.0,1,0
S496,Data Structures,2,0,116.7,3,33.3,0.0,0,0
S496,Variables,0,0,20.9,2,28.6,100.0,0,0
S496,Variables,0,0,31.1,3,25.0,50.0,0,0
S496,Loops,0,1,16.9,1,22.2,22.2,0,1
S496,Data Structures,1,0,48.1,2,30.0,0.0,1,0
S496,Data Structures,0,1,36.0,1,27.3,0.0,0,1
S496,Loops,1,0,58.8,3,33.3,100.0,1,0
S496,Functions,0,1,19.2,1,30.8,0.0,0,1
S496,Loops,1,0,38.0,2,35.7,50.0,1,0
S496,Functions,0,0,20.8,2,33.3,33.3,0,0
S496,Variables,0,0,33.3,2,31.2,33.3,0,0
S496,OOP,2,1,81.1,1,29.4,50.0,0,1
S496,Loops,1,1,38.4,1,33.3,33.3,1,1
S496,OOP,1,0,59.2,2,36.8,66.7,2,0
S496,Data Structures,0,0,22.8,2,35.0,25.0,0,0
S496,Variables,0,1,33.2,1,33.3,25.0,0,1
S496,OOP,1,1,29.1,1,36.4,50.0,1,2
S496,Functions,0,1,19.7,1,39.1,25.0,2,1
S496,Data Structures,1,0,76.6,3,41.7,20.0,3,0
S496,Data Structures,0,0,32.6,3,40.0,16.7,0,0
S496,Functions,0,1,16.3,1,38.5,40.0,0,1
S496,Functions,1,1,30.7,1,40.7,50.0,1,2
S496,Loops,0,1,40.3,1,42.9,50.0,2,1
S496,Loops,1,0,45.1,2,44.8,60.0,3,0
S496,Loops,0,0,25.4,2,43.3,50.0,0,0
S496,Loops,0,1,20.3,1,41.9,42.9,0,2
S496,Loops,1,0,89.4,2,43.8,50.0,1,0
S496,Data Structures,0,1,17.0,1,42.4,14.3,0,1
S496,Functions,1,0,44.9,2,44.1,57.1,1,0
S496,Data Structures,0,1,23.0,1,42.9,25.0,0,1
S496,Loops,1,0,61.3,3,44.4,44.4,1,0
S496,Variables,0,0,25.3,1,43.2,40.0,0,0
S496,Variables,0,0,45.6,2,42.1,33.3,0,0
S496,Data Structures,0,0,33.1,2,41.0,33.3,0,0
S497,Loops,1,1,36.6,1,60.0,60.0,0,2
S497,Variables,2,1,34.0,1,100.0,100.0,1,2
S497,Functions,2,1,25.5,1,100.0,100.0,2,2
S497,Data Structures,2,1,54.5,1,100.0,100.0,3,2
S497,Variables,2,1,35.4,1,100.0,100.0,4,2
S497,Loops,2,0,78.7,2,100.0,100.0,5,1
S497,OOP,1,1,15.0,1,83.3,83.3,0,2
S497,OOP,2,0,37.2,2,85.7,100.0,1,1
S497,Functions,1,1,31.3,1,75.0,100.0,0,2
S497,OOP,0,1,16.4,1,77.8,50.0,1,2
S497,Functions,1,1,19.1,1,80.0,100.0,2,2
S497,Functions,2,0,40.2,3,81.8,100.0,3,1
S497,OOP,1,1,26.3,1,75.0,66.7,0,2
S497,Functions,0,1,10.3,1,76.9,75.0,1,2
S497,Data Structures,2,1,60.7,1,78.6,100.0,2,2
S497,Functions,2,0,34.7,3,80.0,80.0,3,1
S497,Variables,1,1,22.9,2,75.0,100.0,0,2
S497,Data Structures,0,1,21.8,1,76.5,100.0,1,2
S497,Data Structures,1,1,24.7,1,77.8,100.0,2,2
S497,Variables,2,1,25.4,1,78.9,100.0,3,2
S497,Variables,0,1,12.3,1,80.0,100.0,4,2
S497,Loops,2,0,53.3,3,81.0,50.0,5,0
S497,OOP,0,1,11.6,1,77.3,75.0,0,2
S497,OOP,2,0,71.6,2,78.3,80.0,1,0
S497,Functions,2,1,40.6,2,75.0,66.7,0,2
S497,Functions,2,1,34.6,1,76.0,71.4,1,2
S497,Functions,2,1,35.2,1,76.9,75.0,2,2
S497,OOP,2,0,35.3,2,77.8,66.7,3,0
S497,Variables,1,1,12.1,1,75.0,100.0,0,2
S497,Variables,2,1,29.3,1,75.9,100.0,1,2
S497,OOP,1,1,20.4,1,76.7,57.1,2,2
S497,Variables,2,1,28.0,1,77.4,100.0,3,2
S497,Variables,2,1,23.5,1,78.1,100.0,4,2
S497,Functions,2,0,64.5,3,78.8,77.8,5,0
S497,Data Structures,0,1,15.5,1,76.5,100.0,0,2
S497,Data Structures,2,0,61.3,3,77.1,100.0,1,1
S497,Data Structures,1,1,21.3,1,75.0,83.3,0,2
S497,Functions,2,1,46.8,1,75.7,70.0,1,2
S497,Variables,2,1,40.4,1,76.3,100.0,2,2
S497,Loops,2,0,101.3,2,76.9,33.3,3,0
S498,OOP,1,0,31.6,2,60.0,60.0,0,0
S498,OOP,1,0,37.4,2,0.0,0.0,0,0
S498,Variables,0,1,18.1,1,0.0,0.0,0,1
S498,OOP,1,1,41.6,1,33.3,0.0,1,1
S498,Data Structures,1,0,36.0,3,50.0,50.0,2,0
S498,Functions,0,0,37.5,2,40.0,40.0,0,0
S498,OOP,0,0,45.2,3,33.3,33.3,0,0
S498,OOP,0,0,35.6,2,28.6,25.0,0,0
S498,Loops,0,0,28.4,2,25.0,25.0,0,0
S498,Variables,0,0,39.3,2,22.2,100.0,0,0
S498,Variables,0,1,20.3,1,20.0,50.0,0,1
S498,Loops,1,0,39.0,3,27.3,0.0,1,0
S498,OOP,0,1,27.5,1,25.0,20.0,0,1
S498,Functions,1,0,56.2,3,30.8,0.0,1,0
S498,OOP,0,1,25.4,1,28.6,33.3,0,1
S498,Loops,1,0,40.9,3,33.3,0.0,1,0
S498,Data Structures,0,1,16.2,1,31.2,0.0,0,1
S498,Loops,0,0,44.1,3,35.3,0.0,1,0
S498,Data Structures,0,1,27.7,1,33.3,50.0,0,1
S498,Functions,1,0,28.2,3,36.8,0.0,1,0
S498,Data Structures,0,1,36.8,1,35.0,66.7,0,1
S498,Loops,1,0,71.6,3,38.1,0.0,1,0
S498,Variables,0,1,25.2,1,36.4,66.7,0,1
S498,Variables,2,0,114.0,2,39.1,75.0,1,0
S498,Data Structures,0,1,28.3,1,37.5,75.0,0,2
S498,Data Structures,2,1,58.1,2,40.0,80.0,1,2
S498,Loops,2,0,69.8,2,42.3,0.0,2,0
S498,Variables,0,0,35.0,2,40.7,60.0,0,0
S498,Functions,0,1,22.6,1,39.3,0.0,0,1
S498,Data Structures,1,1,19.9,1,41.4,83.3,1,2
S498,Loops,2,0,54.2,2,43.3,0.0,2,0
S498,Variables,0,0,44.4,3,41.9,50.0,0,0
S498,Functions,2,0,105.4,2,40.6,25.0,0,0
S498,Variables,0,1,24.4,1,39.4,42.9,0,1
S498,OOP,1,0,94.8,2,41.2,42.9,1,0
S498,Data Structures,0,1,34.7,1,40.0,85.7,0,2
S498,Data Structures,2,0,64.1,2,41.7,87.5,1,0
S498,OOP,2,0,91.6,2,40.5,37.5,0,0
S498,Data Structures,0,0,29.3,2,39.5,77.8,0,0
S498,Functions,0,1,17.3,1,38.5,20.0,0,1
S499,OOP,1,1,27.0,1,60.0,60.0,0,2
S499,Data Structures,1,1,21.9,1,100.0,100.0,1,2
S499,Data Structures,2,0,62.7,3,100.0,100.0,2,1
S499,OOP,1,1,35.6,1,66.7,100.0,0,2
S499,Variables,0,1,19.0,1,75.0,75.0,1,2
S499,Functions,2,0,128.6,2,80.0,80.0,2,0
S499,Loops,1,0,29.3,1,66.7,66.7,0,1
S499,OOP,1,1,52.3,1,57.1,100.0,0,2
S499,Functions,1,0,56.6,2,62.5,0.0,1,0
S499,Functions,0,0,29.0,2,55.6,0.0,0,0
S499,Variables,0,0,23.6,1,50.0,100.0,0,1
S499,Data Structures,2,0,108.1,3,45.5,50.0,0,0
S499,OOP,1,1,29.8,1,41.7,100.0,0,2
S499,Variables,2,0,59.4,2,46.2,50.0,1,0
S499,Functions,0,1,19.1,1,42.9,0.0,0,1
S499,Data Structures,1,0,42.3,2,46.7,33.3,1,0
S499,Functions,0,1,31.4,1,43.8,25.0,0,1
S499,Functions,1,1,38.7,1,47.1,40.0,1,1
S499,Data Structures,1,1,29.0,1,50.0,25.0,2,1
S499,Functions,0,1,26.6,1,52.6,50.0,3,1
S499,Loops,2,0,105.0,3,55.0,0.0,4,0
S499,Variables,0,0,25.2,2,52.4,33.3,0,0
S499,OOP,0,1,14.8,1,50.0,100.0,0,2
S499,Variables,2,0,51.6,3,52.2,25.0,1,0
S499,Data Structures,0,1,14.6,2,50.0,40.0,0,1
S499,Data Structures,0,1,20.7,1,52.0,50.0,1,1
S499,Loops,0,1,13.2,1,53.8,0.0,2,1
S499,Data Structures,1,0,48.0,2,55.6,57.1,3,0
S499,Variables,0,0,32.7,2,53.6,20.0,0,0
S499,OOP,2,0,53.5,3,51.7,100.0,0,1
S499,Loops,0,1,21.0,1,50.0,33.3,0,1
S499,Functions,1,1,34.5,1,51.6,57.1,1,2
S499,Functions,0,1,22.3,1,53.1,62.5,2,2
S499,OOP,2,0,80.4,2,54.5,83.3,3,0
S499,Loops,0,1,19.4,1,52.9,50.0,0,1
S499,Variables,1,1,34.2,1,54.3,16.7,1,1
S499,Functions,1,0,46.9,2,55.6,66.7,2,0
S499,Loops,0,1,26.0,1,54.1,60.0,0,1
S499,Functions,1,0,34.8,3,55.3,60.0,1,0
S499,Data Structures,0,1,15.5,1,53.8,50.0,0,2
S500,Functions,1,0,71.1,2,60.0,60.0,0,0
S500,Functions,0,0,33.5,3,0.0,0.0,0,0
S500,Data Structures,0,0,33.1,3,0.0,0.0,0,0
S500,Loops,0,0,47.8,2,0.0,0.0,0,0
S500,Functions,0,0,34.8,2,0.0,0.0,0,0
S500,Functions,0,0,69.6,1,0.0,0.0,0,0
S500,Functions,0,0,38.0,3,0.0,0.0,0,0
S500,Data Structures,0,0,21.5,2,0.0,0.0,0,0
S500,Functions,0,0,38.5,1,0.0,0.0,0,0
S500,OOP,0,1,35.6,1,0.0,0.0,0,2
S500,OOP,2,0,134.6,3,10.0,100.0,1,0
S500,Variables,2,0,114.0,3,9.1,9.1,0,0
S500,Loops,0,0,37.8,2,8.3,0.0,0,0
S500,Functions,0,0,56.7,3,7.7,0.0,0,0
S500,Loops,0,0,82.0,2,7.1,0.0,0,0
S500,Functions,0,0,26.8,2,6.7,0.0,0,0
S500,Functions,1,0,79.0,2,6.2,0.0,0,0
S500,Loops,0,0,21.1,2,5.9,0.0,0,0
S500,Functions,0,0,75.7,3,5.6,0.0,0,0
S500,Variables,2,0,101.5,2,5.3,0.0,0,0
S500,Variables,0,0,30.6,2,5.0,0.0,0,0
S500,Variables,0,1,21.8,1,4.8,0.0,0,1
S500,Data Structures,0,0,43.9,2,9.1,0.0,1,0
S500,OOP,0,0,39.4,2,8.7,50.0,0,0
S500,Data Structures,0,1,40.2,1,8.3,0.0,0,1
S500,Functions,1,0,44.8,2,12.0,0.0,1,0
S500,Variables,0,0,28.0,2,11.5,25.0,0,0
S500,OOP,0,0,25.4,2,11.1,33.3,0,0
S500,Variables,0,0,37.8,3,10.7,20.0,0,0
S500,Functions,1,0,98.6,3,10.3,0.0,0,0
S500,Variables,0,0,48.1,2,10.0,16.7,0,0
S500,Variables,0,0,51.4,2,9.7,14.3,0,0
S500,OOP,0,0,57.1,3,9.4,25.0,0,0
S500,OOP,0,0,32.2,3,9.1,20.0,0,0
S500,Loops,0,0,42.3,2,8.8,0.0,0,0
S500,Loops,0,1,24.0,1,8.6,0.0,0,0
S500,Functions,0,1,23.9,1,11.1,0.0,1,1
S500,Loops,1,0,105.9,2,13.5,16.7,2,0
S500,Data Structures,2,0,81.1,2,13.2,25.0,0,0
S500,Loops,0,0,51.1,3,12.8,14.3,0,0
